key,gw,home,away,kickoff,pred_at,pred_h,pred_d,pred_a,close_at,close_h,close_d,close_a,kal_at,kal_h,kal_d,kal_a,kal_vig,kal_url,line_h,line_d,line_a,result,outcome,graded,brier_model,brier_kalshi,brier_book,rps_model,rps_kalshi,closer
Arsenal|Coventry,1,Arsenal,Coventry,Fri 21 Aug 19:00,2026-07-24T21:29+00:00,80,14,6,2026-08-20T19:42+00:00,80,14,6,2026-08-20T19:42+00:00,83.5,11.5,5.5,0.5,https://kalshi.com/markets/kxeplgame/english-premier-league-game/kxeplgame-26aug21arscov,81.0,12.7,6.3,3-0,H,2026-08-22T00:18+00:00,0.0632,0.0447,0.0562,0.0218,0.0158,kalshi
Hull|Man United,1,Hull,Man United,Sat 22 Aug 11:30,2026-07-24T21:29+00:00,19,24,57,2026-08-22T00:48+00:00,19,24,57,2026-08-22T00:48+00:00,9.5,18.5,72.5,0.5,https://kalshi.com/markets/kxeplgame/english-premier-league-game/kxeplgame-26aug22hulmun,10.6,19.1,70.3,2-0,H,2026-08-24T15:03+00:00,1.0386,1.3742,1.3299,0.4905,0.6701,model
Everton|Crystal Palace,1,Everton,Crystal Palace,Sat 22 Aug 14:00,2026-07-24T21:29+00:00,44,30,26,2026-08-22T00:48+00:00,44,30,26,2026-08-22T00:48+00:00,43.5,27.5,28.5,-0.5,https://kalshi.com/markets/kxeplgame/english-premier-league-game/kxeplgame-26aug22evecry,42.5,28.1,29.4,2-0,H,2026-08-24T15:03+00:00,0.4712,0.4752,0.496,0.1906,0.1994,model
Ipswich|Sunderland,1,Ipswich,Sunderland,Sat 22 Aug 14:00,2026-07-24T21:29+00:00,25,29,46,2026-08-22T00:48+00:00,25,29,46,2026-08-22T00:48+00:00,34.5,28.5,36.5,-0.5,https://kalshi.com/markets/kxeplgame/english-premier-league-game/kxeplgame-26aug22ipssun,34.8,29.0,36.1,2-1,H,2026-08-24T15:03+00:00,0.8582,0.6434,0.6395,0.3871,0.2807,kalshi
Nott'm Forest|Leeds,1,Nott'm Forest,Leeds,Sat 22 Aug 14:00,2026-07-24T21:29+00:00,50,27,23,2026-08-22T00:48+00:00,49,27,24,2026-08-22T00:48+00:00,40.5,28.5,30.5,-0.5,https://kalshi.com/markets/kxeplgame/english-premier-league-game/kxeplgame-26aug22nfolee,40.8,28.2,30.9,0-1,A,2026-08-24T15:03+00:00,0.8906,0.7286,0.7235,0.4088,0.3233,kalshi
Brentford|Tottenham,1,Brentford,Tottenham,Sat 22 Aug 16:30,2026-07-24T21:29+00:00,48,25,27,2026-08-22T00:48+00:00,48,25,27,2026-08-22T00:48+00:00,40.5,25.5,33.5,-0.5,https://kalshi.com/markets/kxeplgame/english-premier-league-game/kxeplgame-26aug22bretot,39.6,26.4,34.0,3-0,H,2026-08-24T15:03+00:00,0.4058,0.5306,0.5501,0.1717,0.2325,model
Brighton|Aston Villa,1,Brighton,Aston Villa,Sun 23 Aug 13:00,2026-07-24T21:29+00:00,42,27,31,2026-08-22T00:48+00:00,42,27,31,2026-08-22T00:48+00:00,43.5,26.5,29.5,-0.5,https://kalshi.com/markets/kxeplgame/english-premier-league-game/kxeplgame-26aug23briavl,43.3,26.9,29.8,4-0,H,2026-08-24T15:03+00:00,0.5054,0.4756,0.4827,0.2163,0.2023,kalshi
Man City|Bournemouth,1,Man City,Bournemouth,Sun 23 Aug 13:00,2026-07-24T21:29+00:00,63,21,16,2026-08-22T00:48+00:00,62,22,16,2026-08-22T00:48+00:00,66.5,18.5,15.5,0.5,https://kalshi.com/markets/kxeplgame/english-premier-league-game/kxeplgame-26aug23mcibou,64.9,19.1,16.0,2-1,H,2026-08-24T15:03+00:00,0.2184,0.1721,0.1853,0.085,0.0691,kalshi
Newcastle|Liverpool,1,Newcastle,Liverpool,Sun 23 Aug 15:30,2026-07-24T21:29+00:00,39,25,36,2026-08-22T00:48+00:00,39,25,36,2026-08-22T00:48+00:00,24.5,24.5,51.5,0.5,https://kalshi.com/markets/kxeplgame/english-premier-league-game/kxeplgame-26aug23newlfc,25.9,23.9,50.2,2-2,D,2026-08-24T15:03+00:00,0.8442,0.8939,0.8982,0.1409,0.161,model
Fulham|Chelsea,1,Fulham,Chelsea,Mon 24 Aug 19:00,2026-07-24T21:29+00:00,42,27,31,2026-08-24T15:19+00:00,41,27,32,2026-08-24T15:19+00:00,23.5,25.5,51.5,0.5,https://kalshi.com/markets/kxeplgame/english-premier-league-game/kxeplgame-26aug24fulcfc,24.3,25.6,50.2,2-3,A,2026-08-25T15:43+00:00,0.7034,0.3568,0.3728,0.3152,0.1462,kalshi
Crystal Palace|Man City,2,Crystal Palace,Man City,Fri 28 Aug 19:00,2026-07-24T21:29+00:00,20,25,55,2026-08-28T10:47+00:00,20,25,55,2026-08-28T10:47+00:00,18.5,22.5,58.5,-0.5,https://kalshi.com/markets/kxeplgame/english-premier-league-game/kxeplgame-26aug28crymci,19.8,23.8,56.4,1-4,A,2026-08-29T10:51+00:00,0.305,0.2555,0.2859,0.1213,0.1022,kalshi
Liverpool|Nott'm Forest,2,Liverpool,Nott'm Forest,Sat 29 Aug 11:30,2026-07-24T21:29+00:00,52,24,24,2026-08-29T10:51+00:00,52,24,24,2026-08-29T10:51+00:00,68.5,18.5,12.5,-0.5,https://kalshi.com/markets/kxeplgame/english-premier-league-game/kxeplgame-26aug29lfcnfo,65.7,19.8,14.6,2-2,D,2026-08-29T20:06+00:00,0.9056,1.1524,1.0956,0.164,0.2449,model
Bournemouth|Everton,2,Bournemouth,Everton,Sat 29 Aug 14:00,2026-07-24T21:29+00:00,51,27,22,2026-08-29T10:51+00:00,50,27,23,2026-08-29T10:51+00:00,45.5,27.5,26.5,-0.5,https://kalshi.com/markets/kxeplgame/english-premier-league-game/kxeplgame-26aug29boueve,45.5,27.3,27.3,1-1,D,2026-08-29T20:06+00:00,0.8358,0.8037,0.8099,0.1515,0.14,kalshi
Coventry|Hull,2,Coventry,Hull,Sat 29 Aug 14:00,2026-07-24T21:29+00:00,48,26,26,2026-08-29T10:51+00:00,38,30,32,2026-08-29T10:51+00:00,54.5,26.5,20.5,1.5,https://kalshi.com/markets/kxeplgame/english-premier-league-game/kxeplgame-26aug29covhul,54.0,26.2,19.9,0-1,A,2026-08-29T20:06+00:00,0.6968,0.9933,1.0014,0.3034,0.4626,model
Tottenham|Newcastle,2,Tottenham,Newcastle,Sat 29 Aug 16:30,2026-07-24T21:29+00:00,41,26,33,2026-08-29T10:51+00:00,41,25,34,2026-08-29T10:51+00:00,43.5,25.5,30.5,-0.5,https://kalshi.com/markets/kxeplgame/english-premier-league-game/kxeplgame-26aug29totnew,43.5,26.2,30.3,0-2,A,2026-08-29T20:06+00:00,0.6662,0.7377,0.7437,0.3018,0.336,model
Chelsea|Brighton,2,Chelsea,Brighton,Sun 30 Aug 13:00,2026-07-24T21:29+00:00,44,27,29,2026-08-30T10:34+00:00,44,26,30,2026-08-30T10:34+00:00,52.5,24.5,22.5,-0.5,https://kalshi.com/markets/kxeplgame/english-premier-league-game/kxeplgame-26aug30cfcbri,50.9,24.7,24.4,4-3,H,2026-08-30T22:31+00:00,0.4712,0.3349,0.3616,0.2018,0.1371,kalshi
Leeds|Brentford,2,Leeds,Brentford,Sun 30 Aug 13:00,2026-07-24T21:29+00:00,41,27,32,2026-08-30T10:34+00:00,41,27,32,2026-08-30T10:34+00:00,34.5,27.5,37.5,-0.5,https://kalshi.com/markets/kxeplgame/english-premier-league-game/kxeplgame-26aug30leebre,34.6,28.0,37.4,1-1,D,2026-08-30T22:31+00:00,0.8034,0.7859,0.778,0.1353,0.1311,kalshi
Sunderland|Fulham,2,Sunderland,Fulham,Sun 30 Aug 13:00,2026-07-24T21:29+00:00,41,30,29,2026-08-30T10:34+00:00,40,30,30,2026-08-30T10:34+00:00,39.5,28.5,31.5,-0.5,https://kalshi.com/markets/kxeplgame/english-premier-league-game/kxeplgame-26aug30sunful,38.9,29.8,31.3,1-0,H,2026-08-30T22:31+00:00,0.54,0.5459,0.5601,0.225,0.2319,model
Man United|Ipswich,2,Man United,Ipswich,Sun 30 Aug 15:30,2026-07-24T21:29+00:00,76,16,8,2026-08-30T10:34+00:00,74,17,9,2026-08-30T10:34+00:00,70.5,18.5,11.5,0.5,https://kalshi.com/markets/kxeplgame/english-premier-league-game/kxeplgame-26aug30munips,68.2,19.1,12.7,5-2,H,2026-08-30T22:31+00:00,0.1046,0.1361,0.1537,0.0379,0.0511,model
Aston Villa|Arsenal,2,Aston Villa,Arsenal,Mon 31 Aug 19:00,2026-07-24T21:29+00:00,27,28,45,2026-08-31T10:30+00:00,25,26,49,2026-08-31T10:30+00:00,13.5,21.5,64.5,-0.5,https://kalshi.com/markets/kxeplgame/english-premier-league-game/kxeplgame-26aug31avlars,14.7,21.7,63.6,0-1,A,2026-09-01T10:49+00:00,0.3902,0.1888,0.2012,0.1613,0.0711,kalshi
Ipswich|Liverpool,3,Ipswich,Liverpool,Fri 04 Sep 19:00,2026-07-24T21:29+00:00,15,21,64,2026-09-04T11:23+00:00,18,19,63,2026-09-04T11:23+00:00,15.5,19.5,64.5,-0.5,https://kalshi.com/markets/kxeplgame/english-premier-league-game/kxeplgame-26sep04ipslfc,16.6,19.9,63.6,0-2,A,2026-09-05T11:07+00:00,0.2054,0.1864,0.2,0.0847,0.074,kalshi
Newcastle|Bournemouth,3,Newcastle,Bournemouth,Sat 05 Sep 11:30,2026-07-24T21:29+00:00,46,26,28,2026-09-05T11:07+00:00,47,25,28,2026-09-05T11:07+00:00,46.5,25.5,28.5,0.5,https://kalshi.com/markets/kxeplgame/english-premier-league-game/kxeplgame-26sep05newbou,45.4,25.8,28.9,2-2,D,2026-09-06T12:20+00:00,0.8618,0.8514,0.84,0.1497,0.1472,kalshi
Brentford|Sunderland,3,Brentford,Sunderland,Sat 05 Sep 14:00,2026-07-24T21:29+00:00,48,28,24,2026-09-05T11:07+00:00,47,28,25,2026-09-05T11:07+00:00,56.5,24.5,18.5,-0.5,https://kalshi.com/markets/kxeplgame/english-premier-league-game/kxeplgame-26sep05bresun,54.9,25.2,19.9,1-1,D,2026-09-06T12:20+00:00,0.8018,0.9252,0.9005,0.1417,0.1785,model
Brighton|Leeds,3,Brighton,Leeds,Sat 05 Sep 14:00,2026-07-24T21:29+00:00,49,26,25,2026-09-05T11:07+00:00,48,26,26,2026-09-05T11:07+00:00,47.5,26.5,25.5,-0.5,https://kalshi.com/markets/kxeplgame/english-premier-league-game/kxeplgame-26sep05brilee,46.6,26.9,26.5,1-1,D,2026-09-06T12:20+00:00,0.8456,0.8318,0.8217,0.149,0.1468,kalshi
Fulham|Crystal Palace,3,Fulham,Crystal Palace,Sat 05 Sep 14:00,2026-07-24T21:29+00:00,48,28,24,2026-09-05T11:07+00:00,46,27,27,2026-09-05T11:07+00:00,45.5,28.5,25.5,-0.5,https://kalshi.com/markets/kxeplgame/english-premier-league-game/kxeplgame-26sep05fulcry,44.3,28.9,26.8,2-3,A,2026-09-06T12:20+00:00,0.8174,0.8443,0.8156,0.3722,0.3811,model
Man City|Coventry,3,Man City,Coventry,Sat 05 Sep 14:00,2026-07-24T21:29+00:00,81,13,6,2026-09-05T11:07+00:00,79,15,6,2026-09-05T11:07+00:00,83.5,11.5,5.5,0.5,https://kalshi.com/markets/kxeplgame/english-premier-league-game/kxeplgame-26sep05mcicov,80.0,12.7,7.3,1-0,H,2026-09-06T12:20+00:00,0.0702,0.0447,0.0615,0.0238,0.0158,kalshi
Nott'm Forest|Tottenham,3,Nott'm Forest,Tottenham,Sat 05 Sep 14:00,2026-07-24T21:29+00:00,49,26,25,2026-09-05T11:07+00:00,47,26,27,2026-09-05T11:07+00:00,39.5,27.5,33.5,0.5,https://kalshi.com/markets/kxeplgame/english-premier-league-game/kxeplgame-26sep05nfotot,38.0,28.0,34.0,0-0,D,2026-09-06T12:20+00:00,0.8414,0.7932,0.7784,0.1469,0.1328,kalshi
Hull|Aston Villa,3,Hull,Aston Villa,Sat 05 Sep 16:30,2026-07-24T21:29+00:00,22,25,53,2026-09-05T11:07+00:00,39,29,32,2026-09-05T11:07+00:00,23.5,26.5,51.5,1.5,https://kalshi.com/markets/kxeplgame/english-premier-league-game/kxeplgame-26sep05hulavl,23.9,26.2,50.0,0-0,D,2026-09-06T12:20+00:00,0.7586,0.857,0.8515,0.1273,0.1555,model
Everton|Man United,3,Everton,Man United,Sun 06 Sep 13:00,2026-07-24T21:29+00:00,32,29,39,2026-09-06T12:20+00:00,34,28,38,2026-09-06T12:20+00:00,24.5,24.5,50.5,-0.5,https://kalshi.com/markets/kxeplgame/english-premier-league-game/kxeplgame-26sep06evemun,25.5,25.5,49.0,2-2,D,2026-09-07T10:59+00:00,0.7784,0.8864,0.8601,0.13,0.1591,model
Arsenal|Chelsea,3,Arsenal,Chelsea,Sun 06 Sep 15:30,2026-07-24T21:29+00:00,64,22,14,2026-09-06T12:20+00:00,62,23,15,2026-09-06T12:20+00:00,55.5,24.5,19.5,-0.5,https://kalshi.com/markets/kxeplgame/english-premier-league-game/kxeplgame-26sep06arscfc,55.7,24.8,19.5,2-1,H,2026-09-07T10:59+00:00,0.2198,0.2946,0.2958,0.0834,0.117,model
Bournemouth|Brentford,4,Bournemouth,Brentford,Sat 12 Sep 14:00,2026-07-24T21:29+00:00,47,26,27,2026-09-12T10:51+00:00,42,26,32,2026-09-12T10:51+00:00,39.0,26.5,34.5,,https://kalshi.com/markets/kxeplgame/english-premier-league-game/kxeplgame-26sep12boubre,38.9,26.5,34.6,2-2,D,2026-09-13T02:27+00:00,0.8264,0.8113,0.8113,0.1394,0.1356,kalshi
Aston Villa|Nott'm Forest,4,Aston Villa,Nott'm Forest,Sat 12 Sep 14:00,2026-07-24T21:29+00:00,45,27,28,2026-09-12T10:51+00:00,45,27,28,2026-09-12T10:51+00:00,43.5,28.5,28.5,0.5,https://kalshi.com/markets/kxeplgame/english-premier-league-game/kxeplgame-26sep12avlnfo,42.5,28.1,29.4,1-2,A,2026-09-13T02:27+00:00,0.7938,0.781,0.758,0.3604,0.3503,kalshi
Chelsea|Hull,4,Chelsea,Hull,Sat 12 Sep 14:00,2026-07-24T21:29+00:00,67,20,13,2026-09-12T10:51+00:00,44,30,26,2026-09-12T10:51+00:00,79.5,13.5,7.5,0.5,https://kalshi.com/markets/kxeplgame/english-premier-league-game/kxeplgame-26sep12cfchul,78.3,13.7,8.0,2-2,D,2026-09-13T02:27+00:00,0.7512,1.3807,1.3643,0.1306,0.3157,model
Crystal Palace|Ipswich,4,Crystal Palace,Ipswich,Sat 12 Sep 14:00,2026-07-24T21:29+00:00,61,24,15,2026-09-12T10:51+00:00,59,23,18,2026-09-12T10:51+00:00,50.5,25.5,23.5,-0.5,https://kalshi.com/markets/kxeplgame/english-premier-league-game/kxeplgame-26sep12cryips,50.2,25.9,23.9,2-3,A,2026-09-13T02:27+00:00,1.0734,0.9067,0.8982,0.5102,0.4205,kalshi
Liverpool|Fulham,4,Liverpool,Fulham,Sat 12 Sep 14:00,2026-07-24T21:29+00:00,58,23,19,2026-09-12T10:51+00:00,57,23,20,2026-09-12T10:51+00:00,64.5,20.5,15.5,0.5,https://kalshi.com/markets/kxeplgame/english-premier-league-game/kxeplgame-26sep12lfcful,63.7,20.3,15.9,0-0,D,2026-09-13T02:27+00:00,0.9578,1.0693,1.0668,0.1825,0.2178,model
Tottenham|Everton,4,Tottenham,Everton,Sat 12 Sep 16:30,2026-07-24T21:29+00:00,48,27,25,2026-09-12T10:51+00:00,39,28,33,2026-09-12T10:51+00:00,48.0,26.5,26.5,1.0,https://kalshi.com/markets/kxeplgame/english-premier-league-game/kxeplgame-26sep12toteve,47.3,25.6,27.1,0-0,D,2026-09-13T02:27+00:00,0.7794,0.8388,0.8507,0.1305,0.1474,model
Sunderland|Arsenal,4,Sunderland,Arsenal,Sat 12 Sep 19:00,2026-07-24T21:29+00:00,21,29,50,2026-09-12T10:51+00:00,21,28,51,2026-09-12T10:51+00:00,12.5,24.5,62.5,-0.5,https://kalshi.com/markets/kxeplgame/english-premier-league-game/kxeplgame-26sep12sunars,14.7,24.5,60.8,0-2,A,2026-09-13T02:27+00:00,0.3626,0.2147,0.2353,0.1421,0.077,kalshi
Coventry|Brighton,4,Coventry,Brighton,Sun 13 Sep 13:00,2026-07-24T21:29+00:00,27,26,47,2026-09-13T12:01+00:00,23,28,49,2026-09-13T12:01+00:00,23.5,25.5,51.5,0.5,https://kalshi.com/markets/kxeplgame/english-premier-league-game/kxeplgame-26sep13covbri,24.6,25.7,49.7,0-5,A,2026-09-13T15:01+00:00,0.3914,0.3568,0.3796,0.1565,0.1462,kalshi
Man United|Man City,4,Man United,Man City,Sun 13 Sep 15:30,2026-07-24T21:29+00:00,32,26,42,2026-09-13T15:01+00:00,28,25,47,2026-09-13T16:02+00:00,29.5,24.5,47.5,1.5,https://kalshi.com/markets/kxeplgame/english-premier-league-game/kxeplgame-26sep13munmci,30.7,25.0,44.3,0-1,A,2026-09-13T18:01+00:00,0.4218,0.4258,0.467,0.1797,0.1838,model
Leeds|Newcastle,4,Leeds,Newcastle,Mon 14 Sep 19:00,2026-07-24T21:29+00:00,39,27,34,2026-09-13T15:01+00:00,35,27,38,2026-09-13T15:01+00:00,41.5,26.5,31.5,-0.5,https://kalshi.com/markets/kxeplgame/english-premier-league-game/kxeplgame-26sep14leenew,40.7,26.9,32.4,,,,,,,,,
Brentford|Chelsea,5,Brentford,Chelsea,Fri 18 Sep 19:00,2026-07-24T21:29+00:00,45,26,29,2026-09-13T15:01+00:00,42,26,32,2026-09-13T18:01+00:00,31.5,24.5,43.5,-0.5,https://kalshi.com/markets/kxeplgame/english-premier-league-game/kxeplgame-26sep18brecfc,33.5,24.7,41.7,,,,,,,,,
Tottenham|Aston Villa,5,Tottenham,Aston Villa,Sat 19 Sep 11:30,2026-07-24T21:29+00:00,41,26,33,2026-09-13T15:01+00:00,37,27,36,2026-09-13T18:01+00:00,48.5,25.0,26.0,-0.5,https://kalshi.com/markets/kxeplgame/english-premier-league-game/kxeplgame-26sep19totavl,47.5,26.1,26.4,,,,,,,,,
Brighton|Arsenal,5,Brighton,Arsenal,Sat 19 Sep 14:00,2026-07-24T21:29+00:00,25,28,47,2026-09-13T15:01+00:00,25,26,49,2026-09-13T18:01+00:00,20.0,23.5,57.5,1.0,https://kalshi.com/markets/kxeplgame/english-premier-league-game/kxeplgame-26sep19briars,21.0,23.9,55.1,,,,,,,,,
Everton|Ipswich,5,Everton,Ipswich,Sat 19 Sep 14:00,2026-07-24T21:29+00:00,62,24,14,2026-09-13T15:01+00:00,59,24,17,2026-09-13T18:01+00:00,54.0,24.5,21.0,-0.5,https://kalshi.com/markets/kxeplgame/english-premier-league-game/kxeplgame-26sep19eveips,53.3,24.8,21.9,,,,,,,,,
Leeds|Crystal Palace,5,Leeds,Crystal Palace,Sun 20 Sep 13:00,2026-07-24T21:29+00:00,48,27,25,2026-09-13T18:01+00:00,46,27,27,2026-09-13T18:01+00:00,49.0,26.0,24.5,-0.5,https://kalshi.com/markets/kxeplgame/english-premier-league-game/kxeplgame-26sep20leecry,48.3,26.9,24.8,,,,,,,,,
Man City|Sunderland,5,Man City,Sunderland,Sun 20 Sep 13:00,2026-07-24T21:29+00:00,66,22,12,2026-09-13T18:01+00:00,63,23,14,2026-09-13T18:01+00:00,75.5,15.0,9.0,-0.5,https://kalshi.com/markets/kxeplgame/english-premier-league-game/kxeplgame-26sep20mcisun,73.6,16.5,10.0,,,,,,,,,
Newcastle|Hull,5,Newcastle,Hull,Sat 19 Sep 14:00,2026-07-24T21:29+00:00,69,19,12,2026-09-13T15:01+00:00,45,29,26,2026-09-13T18:01+00:00,63.0,20.5,16.0,-0.5,https://kalshi.com/markets/kxeplgame/english-premier-league-game/kxeplgame-26sep19newhul,63.8,20.5,15.7,,,,,,,,,
Nott'm Forest|Coventry,5,Nott'm Forest,Coventry,Sat 19 Sep 16:30,2026-07-24T21:29+00:00,66,21,13,2026-09-13T15:01+00:00,66,23,11,2026-09-13T18:01+00:00,57.0,23.5,18.0,-1.5,https://kalshi.com/markets/kxeplgame/english-premier-league-game/kxeplgame-26sep19nfocov,55.8,24.2,20.1,,,,,,,,,
Bournemouth|Liverpool,5,Bournemouth,Liverpool,Sun 20 Sep 13:00,2026-07-24T21:29+00:00,39,25,36,2026-09-13T15:01+00:00,33,26,41,2026-09-13T18:01+00:00,31.0,24.5,44.5,,https://kalshi.com/markets/kxeplgame/english-premier-league-game/kxeplgame-26sep20boulfc,30.5,24.5,45.0,,,,,,,,,
Fulham|Man United,5,Fulham,Man United,Sun 20 Sep 15:30,2026-07-24T21:29+00:00,35,28,37,2026-09-13T18:01+00:00,35,27,38,2026-09-13T18:01+00:00,27.0,25.0,48.0,,https://kalshi.com/markets/kxeplgame/english-premier-league-game/kxeplgame-26sep20fulmun,28.1,24.8,47.1,,,,,,,,,
Arsenal|Leeds,6,Arsenal,Leeds,Sat 10 Oct 11:30,2026-07-24T21:29+00:00,66,21,13,2026-09-13T15:01+00:00,66,22,12,,,,,,,,,,,,,,,,,,
Aston Villa|Brentford,6,Aston Villa,Brentford,Sat 10 Oct 14:00,2026-07-24T21:29+00:00,48,26,26,2026-09-13T15:01+00:00,39,27,34,,,,,,,,,,,,,,,,,,
Chelsea|Bournemouth,6,Chelsea,Bournemouth,Sat 10 Oct 14:00,2026-07-24T21:29+00:00,43,26,31,2026-09-13T15:01+00:00,48,25,27,,,,,,,,,,,,,,,,,,
Coventry|Newcastle,6,Coventry,Newcastle,Mon 12 Oct 19:00,2026-07-24T21:29+00:00,25,25,50,2026-09-13T15:01+00:00,14,23,63,,,,,,,,,,,,,,,,,,
Crystal Palace|Nott'm Forest,6,Crystal Palace,Nott'm Forest,Sun 11 Oct 13:00,2026-07-24T21:29+00:00,33,28,39,2026-09-13T15:01+00:00,35,29,36,,,,,,,,,,,,,,,,,,
Hull|Everton,6,Hull,Everton,Sun 11 Oct 13:00,2026-07-24T21:29+00:00,29,29,42,2026-09-13T15:01+00:00,40,33,27,,,,,,,,,,,,,,,,,,
Ipswich|Fulham,6,Ipswich,Fulham,Sat 10 Oct 14:00,2026-07-24T21:29+00:00,23,27,50,2026-09-13T15:01+00:00,27,26,47,,,,,,,,,,,,,,,,,,
Liverpool|Man City,6,Liverpool,Man City,Sun 11 Oct 15:30,2026-07-24T21:29+00:00,35,26,39,2026-09-13T18:01+00:00,32,26,42,,,,,,,,,,,,,,,,,,
Man United|Tottenham,6,Man United,Tottenham,Sat 10 Oct 16:30,2026-07-24T21:29+00:00,54,24,22,2026-09-13T15:01+00:00,54,24,22,,,,,,,,,,,,,,,,,,
Sunderland|Brighton,6,Sunderland,Brighton,Sat 10 Oct 14:00,2026-07-24T21:29+00:00,37,30,33,2026-09-13T15:01+00:00,33,29,38,,,,,,,,,,,,,,,,,,
Bournemouth|Sunderland,7,Bournemouth,Sunderland,Sun 18 Oct 13:00,2026-07-24T21:29+00:00,50,28,22,2026-09-13T15:01+00:00,44,29,27,,,,,,,,,,,,,,,,,,
Brentford|Liverpool,7,Brentford,Liverpool,Sat 17 Oct 14:00,2026-07-24T21:29+00:00,36,26,38,2026-09-13T15:01+00:00,37,25,38,,,,,,,,,,,,,,,,,,
Brighton|Crystal Palace,7,Brighton,Crystal Palace,Sun 18 Oct 13:00,2026-07-24T21:29+00:00,52,26,22,2026-09-13T18:01+00:00,55,24,21,,,,,,,,,,,,,,,,,,
Everton|Chelsea,7,Everton,Chelsea,Sat 17 Oct 11:30,2026-07-24T21:29+00:00,38,29,33,2026-09-13T15:01+00:00,35,28,37,,,,,,,,,,,,,,,,,,
Fulham|Hull,7,Fulham,Hull,Sat 17 Oct 14:00,2026-07-24T21:29+00:00,62,23,15,2026-09-13T15:01+00:00,37,32,31,,,,,,,,,,,,,,,,,,
Leeds|Man United,7,Leeds,Man United,Sun 18 Oct 13:00,2026-07-24T21:29+00:00,36,27,37,2026-09-13T15:01+00:00,34,27,39,,,,,,,,,,,,,,,,,,
Man City|Ipswich,7,Man City,Ipswich,Sat 17 Oct 14:00,2026-07-24T21:29+00:00,85,11,4,2026-09-13T18:01+00:00,81,13,6,,,,,,,,,,,,,,,,,,
Newcastle|Aston Villa,7,Newcastle,Aston Villa,Sat 17 Oct 16:30,2026-07-24T21:29+00:00,45,26,29,2026-09-13T18:01+00:00,48,25,27,,,,,,,,,,,,,,,,,,
Nott'm Forest|Arsenal,7,Nott'm Forest,Arsenal,Sun 18 Oct 15:30,2026-07-24T21:29+00:00,28,27,45,2026-09-13T15:01+00:00,20,27,53,,,,,,,,,,,,,,,,,,
Tottenham|Coventry,7,Tottenham,Coventry,Mon 19 Oct 19:00,2026-07-24T21:29+00:00,64,21,15,2026-09-13T15:01+00:00,64,23,13,,,,,,,,,,,,,,,,,,
Arsenal|Everton,8,Arsenal,Everton,Sat 24 Oct 14:00,2026-07-24T21:29+00:00,67,22,11,2026-09-13T15:01+00:00,64,24,12,,,,,,,,,,,,,,,,,,
Aston Villa|Man City,8,Aston Villa,Man City,Sat 24 Oct 11:30,2026-07-24T21:29+00:00,29,26,45,2026-09-13T18:01+00:00,24,25,51,,,,,,,,,,,,,,,,,,
Chelsea|Tottenham,8,Chelsea,Tottenham,Sat 24 Oct 16:30,2026-07-24T21:29+00:00,48,25,27,2026-09-13T15:01+00:00,54,24,22,,,,,,,,,,,,,,,,,,
Coventry|Fulham,8,Coventry,Fulham,Sat 24 Oct 14:00,2026-07-24T21:29+00:00,29,28,43,2026-09-13T18:01+00:00,20,27,53,,,,,,,,,,,,,,,,,,
Crystal Palace|Newcastle,8,Crystal Palace,Newcastle,Sun 25 Oct 14:00,2026-07-24T21:29+00:00,34,28,38,2026-09-13T15:01+00:00,31,27,42,,,,,,,,,,,,,,,,,,
Hull|Brentford,8,Hull,Brentford,Sun 25 Oct 14:00,2026-07-24T21:29+00:00,25,25,50,2026-09-13T18:01+00:00,38,30,32,,,,,,,,,,,,,,,,,,
Ipswich|Nott'm Forest,8,Ipswich,Nott'm Forest,Fri 23 Oct 19:00,2026-07-24T21:29+00:00,18,25,57,2026-09-13T15:01+00:00,25,25,50,,,,,,,,,,,,,,,,,,
Liverpool|Brighton,8,Liverpool,Brighton,Sun 25 Oct 14:00,2026-07-24T21:29+00:00,54,24,22,2026-09-13T15:01+00:00,48,25,27,,,,,,,,,,,,,,,,,,
Man United|Bournemouth,8,Man United,Bournemouth,Sun 25 Oct 14:00,2026-07-24T21:29+00:00,49,26,25,2026-09-13T18:01+00:00,48,25,27,,,,,,,,,,,,,,,,,,
Sunderland|Leeds,8,Sunderland,Leeds,Sun 25 Oct 16:30,2026-07-24T21:29+00:00,40,30,30,2026-09-13T15:01+00:00,40,30,30,,,,,,,,,,,,,,,,,,
Bournemouth|Leeds,9,Bournemouth,Leeds,Sat 31 Oct 15:00,2026-07-24T21:29+00:00,50,26,24,2026-09-13T15:01+00:00,46,27,27,,,,,,,,,,,,,,,,,,
Aston Villa|Fulham,9,Aston Villa,Fulham,Sat 31 Oct 20:00,2026-07-24T21:29+00:00,51,26,23,2026-09-13T15:01+00:00,45,27,28,,,,,,,,,,,,,,,,,,
Brentford|Nott'm Forest,9,Brentford,Nott'm Forest,Sat 31 Oct 15:00,2026-07-24T21:29+00:00,42,27,31,2026-09-13T15:01+00:00,46,27,27,,,,,,,,,,,,,,,,,,
Chelsea|Man United,9,Chelsea,Man United,Sat 31 Oct 12:30,2026-07-24T21:29+00:00,40,26,34,2026-09-13T15:01+00:00,43,25,32,,,,,,,,,,,,,,,,,,
Coventry|Sunderland,9,Coventry,Sunderland,Sat 31 Oct 15:00,2026-07-24T21:29+00:00,31,29,40,2026-09-13T15:01+00:00,19,30,51,,,,,,,,,,,,,,,,,,
Hull|Ipswich,9,Hull,Ipswich,Sat 31 Oct 15:00,2026-07-24T21:29+00:00,49,27,24,2026-09-13T15:01+00:00,59,25,16,,,,,,,,,,,,,,,,,,
Liverpool|Arsenal,9,Liverpool,Arsenal,Sun 01 Nov 16:30,2026-07-24T21:29+00:00,32,28,40,2026-09-13T15:01+00:00,28,27,45,,,,,,,,,,,,,,,,,,
Man City|Brighton,9,Man City,Brighton,Sat 31 Oct 15:00,2026-07-24T21:29+00:00,64,22,14,2026-09-13T15:01+00:00,59,23,18,,,,,,,,,,,,,,,,,,
Newcastle|Everton,9,Newcastle,Everton,Mon 02 Nov 20:00,2026-07-24T21:29+00:00,52,26,22,2026-09-13T15:01+00:00,48,27,25,,,,,,,,,,,,,,,,,,
Tottenham|Crystal Palace,9,Tottenham,Crystal Palace,Sat 31 Oct 17:30,2026-07-24T21:29+00:00,50,26,24,2026-09-13T15:01+00:00,44,27,29,,,,,,,,,,,,,,,,,,
Arsenal|Hull,10,Arsenal,Hull,Sat 07 Nov 15:00,2026-07-24T21:29+00:00,82,13,5,2026-09-13T15:01+00:00,59,27,14,,,,,,,,,,,,,,,,,,
Brighton|Brentford,10,Brighton,Brentford,Sat 07 Nov 15:00,2026-07-24T21:29+00:00,46,26,28,2026-09-13T15:01+00:00,45,26,29,,,,,,,,,,,,,,,,,,
Crystal Palace|Liverpool,10,Crystal Palace,Liverpool,Sat 07 Nov 15:00,2026-07-24T21:29+00:00,28,27,45,2026-09-13T15:01+00:00,27,25,48,,,,,,,,,,,,,,,,,,
Everton|Coventry,10,Everton,Coventry,Sat 07 Nov 15:00,2026-07-24T21:29+00:00,55,26,19,2026-09-13T15:01+00:00,63,25,12,,,,,,,,,,,,,,,,,,
Fulham|Newcastle,10,Fulham,Newcastle,Sat 07 Nov 15:00,2026-07-24T21:29+00:00,40,27,33,2026-09-13T15:01+00:00,35,27,38,,,,,,,,,,,,,,,,,,
Ipswich|Bournemouth,10,Ipswich,Bournemouth,Sat 07 Nov 15:00,2026-07-24T21:29+00:00,19,25,56,2026-09-13T15:01+00:00,24,24,52,,,,,,,,,,,,,,,,,,
Leeds|Tottenham,10,Leeds,Tottenham,Sat 07 Nov 15:00,2026-07-24T21:29+00:00,44,26,30,2026-09-13T15:01+00:00,44,27,29,,,,,,,,,,,,,,,,,,
Man United|Aston Villa,10,Man United,Aston Villa,Sat 07 Nov 15:00,2026-07-24T21:29+00:00,48,26,26,2026-09-13T18:01+00:00,48,25,27,,,,,,,,,,,,,,,,,,
Nott'm Forest|Man City,10,Nott'm Forest,Man City,Sat 07 Nov 15:00,2026-07-24T21:29+00:00,29,26,45,2026-09-13T18:01+00:00,23,26,51,,,,,,,,,,,,,,,,,,
Sunderland|Chelsea,10,Sunderland,Chelsea,Sat 07 Nov 15:00,2026-07-24T21:29+00:00,39,29,32,2026-09-13T18:01+00:00,35,28,37,,,,,,,,,,,,,,,,,,
Bournemouth|Nott'm Forest,11,Bournemouth,Nott'm Forest,Sat 21 Nov 15:00,2026-07-24T21:29+00:00,44,27,29,2026-09-13T15:01+00:00,44,27,29,,,,,,,,,,,,,,,,,,
Aston Villa|Sunderland,11,Aston Villa,Sunderland,Sat 21 Nov 15:00,2026-07-24T21:29+00:00,50,28,22,2026-09-13T15:01+00:00,44,29,27,,,,,,,,,,,,,,,,,,
Brentford|Everton,11,Brentford,Everton,Sat 21 Nov 15:00,2026-07-24T21:29+00:00,50,27,23,2026-09-13T15:01+00:00,47,28,25,,,,,,,,,,,,,,,,,,
Chelsea|Leeds,11,Chelsea,Leeds,Sat 21 Nov 15:00,2026-07-24T21:29+00:00,49,25,26,2026-09-13T15:01+00:00,51,25,24,,,,,,,,,,,,,,,,,,
Coventry|Crystal Palace,11,Coventry,Crystal Palace,Sat 21 Nov 15:00,2026-07-24T21:29+00:00,34,28,38,2026-09-13T15:01+00:00,22,28,50,,,,,,,,,,,,,,,,,,
Hull|Brighton,11,Hull,Brighton,Sat 21 Nov 15:00,2026-07-24T21:29+00:00,24,26,50,2026-09-13T15:01+00:00,36,30,34,,,,,,,,,,,,,,,,,,
Liverpool|Man United,11,Liverpool,Man United,Sat 21 Nov 15:00,2026-07-24T21:29+00:00,50,24,26,2026-09-13T18:01+00:00,48,25,27,,,,,,,,,,,,,,,,,,
Man City|Fulham,11,Man City,Fulham,Sat 21 Nov 15:00,2026-07-24T21:29+00:00,66,21,13,2026-09-13T15:01+00:00,66,21,13,,,,,,,,,,,,,,,,,,
Newcastle|Arsenal,11,Newcastle,Arsenal,Sat 21 Nov 15:00,2026-07-24T21:29+00:00,27,27,46,2026-09-13T18:01+00:00,24,26,50,,,,,,,,,,,,,,,,,,
Tottenham|Ipswich,11,Tottenham,Ipswich,Sat 21 Nov 15:00,2026-07-24T21:29+00:00,70,19,11,2026-09-13T15:01+00:00,59,22,19,,,,,,,,,,,,,,,,,,
Arsenal|Man City,12,Arsenal,Man City,Sat 28 Nov 15:00,2026-07-24T21:29+00:00,45,28,27,2026-09-13T15:01+00:00,45,28,27,,,,,,,,,,,,,,,,,,
Brighton|Newcastle,12,Brighton,Newcastle,Sat 28 Nov 15:00,2026-07-24T21:29+00:00,44,26,30,2026-09-13T18:01+00:00,44,25,31,,,,,,,,,,,,,,,,,,
Crystal Palace|Hull,12,Crystal Palace,Hull,Sat 28 Nov 15:00,2026-07-24T21:29+00:00,57,25,18,2026-09-13T15:01+00:00,33,32,35,,,,,,,,,,,,,,,,,,
Everton|Liverpool,12,Everton,Liverpool,Sat 28 Nov 15:00,2026-07-24T21:29+00:00,30,28,42,2026-09-13T15:01+00:00,31,27,42,,,,,,,,,,,,,,,,,,
Fulham|Bournemouth,12,Fulham,Bournemouth,Sat 28 Nov 15:00,2026-07-24T21:29+00:00,39,28,33,2026-09-13T15:01+00:00,38,28,34,,,,,,,,,,,,,,,,,,
Ipswich|Aston Villa,12,Ipswich,Aston Villa,Sat 28 Nov 15:00,2026-07-24T21:29+00:00,19,24,57,2026-09-13T18:01+00:00,24,24,52,,,,,,,,,,,,,,,,,,
Leeds|Coventry,12,Leeds,Coventry,Sat 28 Nov 15:00,2026-07-24T21:29+00:00,60,23,17,2026-09-13T15:01+00:00,64,24,12,,,,,,,,,,,,,,,,,,
Man United|Brentford,12,Man United,Brentford,Sat 28 Nov 15:00,2026-07-24T21:29+00:00,51,25,24,2026-09-13T15:01+00:00,45,26,29,,,,,,,,,,,,,,,,,,
Nott'm Forest|Chelsea,12,Nott'm Forest,Chelsea,Sat 28 Nov 15:00,2026-07-24T21:29+00:00,46,26,28,2026-09-13T15:01+00:00,37,27,36,,,,,,,,,,,,,,,,,,
Sunderland|Tottenham,12,Sunderland,Tottenham,Sat 28 Nov 15:00,2026-07-24T21:29+00:00,40,29,31,2026-09-13T18:01+00:00,42,29,29,,,,,,,,,,,,,,,,,,
Bournemouth|Brighton,13,Bournemouth,Brighton,Wed 02 Dec 20:00,2026-07-24T21:29+00:00,47,26,27,2026-09-13T15:01+00:00,39,26,35,,,,,,,,,,,,,,,,,,
Aston Villa|Everton,13,Aston Villa,Everton,Wed 02 Dec 20:00,2026-07-24T21:29+00:00,52,27,21,2026-09-13T15:01+00:00,43,29,28,,,,,,,,,,,,,,,,,,
Brentford|Arsenal,13,Brentford,Arsenal,Wed 02 Dec 20:00,2026-07-24T21:29+00:00,25,27,48,2026-09-13T15:01+00:00,24,26,50,,,,,,,,,,,,,,,,,,
Chelsea|Crystal Palace,13,Chelsea,Crystal Palace,Wed 02 Dec 20:00,2026-07-24T21:29+00:00,52,26,22,2026-09-13T15:01+00:00,55,24,21,,,,,,,,,,,,,,,,,,
Coventry|Ipswich,13,Coventry,Ipswich,Wed 02 Dec 20:00,2026-07-24T21:29+00:00,52,26,22,2026-09-13T15:01+00:00,31,29,40,,,,,,,,,,,,,,,,,,
Hull|Nott'm Forest,13,Hull,Nott'm Forest,Wed 02 Dec 20:00,2026-07-24T21:29+00:00,21,26,53,2026-09-13T18:01+00:00,41,31,28,,,,,,,,,,,,,,,,,,
Liverpool|Sunderland,13,Liverpool,Sunderland,Wed 02 Dec 20:00,2026-07-24T21:29+00:00,57,25,18,2026-09-13T15:01+00:00,54,26,20,,,,,,,,,,,,,,,,,,
Man City|Leeds,13,Man City,Leeds,Wed 02 Dec 20:00,2026-07-24T21:29+00:00,67,20,13,2026-09-13T15:01+00:00,66,21,13,,,,,,,,,,,,,,,,,,
Newcastle|Man United,13,Newcastle,Man United,Wed 02 Dec 20:00,2026-07-24T21:29+00:00,42,26,32,2026-09-13T15:01+00:00,42,26,32,,,,,,,,,,,,,,,,,,
Tottenham|Fulham,13,Tottenham,Fulham,Wed 02 Dec 20:00,2026-07-24T21:29+00:00,45,27,28,2026-09-13T18:01+00:00,40,27,33,,,,,,,,,,,,,,,,,,
Bournemouth|Hull,14,Bournemouth,Hull,Sat 05 Dec 15:00,2026-07-24T21:29+00:00,69,19,12,2026-09-13T15:01+00:00,41,30,29,,,,,,,,,,,,,,,,,,
Aston Villa|Crystal Palace,14,Aston Villa,Crystal Palace,Sat 05 Dec 15:00,2026-07-24T21:29+00:00,55,25,20,2026-09-13T15:01+00:00,50,26,24,,,,,,,,,,,,,,,,,,
Brentford|Man City,14,Brentford,Man City,Sat 05 Dec 15:00,2026-07-24T21:29+00:00,26,26,48,2026-09-13T15:01+00:00,26,25,49,,,,,,,,,,,,,,,,,,
Chelsea|Liverpool,14,Chelsea,Liverpool,Sat 05 Dec 15:00,2026-07-24T21:29+00:00,37,26,37,2026-09-13T15:01+00:00,38,25,37,,,,,,,,,,,,,,,,,,
Everton|Fulham,14,Everton,Fulham,Sat 05 Dec 15:00,2026-07-24T21:29+00:00,40,30,30,2026-09-13T15:01+00:00,41,30,29,,,,,,,,,,,,,,,,,,
Leeds|Ipswich,14,Leeds,Ipswich,Sat 05 Dec 15:00,2026-07-24T21:29+00:00,67,21,12,2026-09-13T15:01+00:00,59,23,18,,,,,,,,,,,,,,,,,,
Man United|Coventry,14,Man United,Coventry,Sat 05 Dec 15:00,2026-07-24T21:29+00:00,70,19,11,2026-09-13T15:01+00:00,74,18,8,,,,,,,,,,,,,,,,,,
Newcastle|Sunderland,14,Newcastle,Sunderland,Sat 05 Dec 15:00,2026-07-24T21:29+00:00,51,27,22,2026-09-13T15:01+00:00,49,27,24,,,,,,,,,,,,,,,,,,
Nott'm Forest|Brighton,14,Nott'm Forest,Brighton,Sat 05 Dec 15:00,2026-07-24T21:29+00:00,46,27,27,2026-09-13T15:01+00:00,36,28,36,,,,,,,,,,,,,,,,,,
Tottenham|Arsenal,14,Tottenham,Arsenal,Sat 05 Dec 15:00,2026-07-24T21:29+00:00,25,25,50,2026-09-13T15:01+00:00,17,24,59,,,,,,,,,,,,,,,,,,
Arsenal|Bournemouth,15,Arsenal,Bournemouth,Sat 12 Dec 15:00,2026-07-24T21:29+00:00,62,23,15,2026-09-13T15:01+00:00,65,22,13,,,,,,,,,,,,,,,,,,
Brighton|Everton,15,Brighton,Everton,Sat 12 Dec 15:00,2026-07-24T21:29+00:00,49,28,23,2026-09-13T15:01+00:00,49,27,24,,,,,,,,,,,,,,,,,,
Coventry|Aston Villa,15,Coventry,Aston Villa,Sat 12 Dec 15:00,2026-07-24T21:29+00:00,25,25,50,2026-09-13T15:01+00:00,18,25,57,,,,,,,,,,,,,,,,,,
Crystal Palace|Man United,15,Crystal Palace,Man United,Sat 12 Dec 15:00,2026-07-24T21:29+00:00,30,28,42,2026-09-13T15:01+00:00,30,27,43,,,,,,,,,,,,,,,,,,
Fulham|Brentford,15,Fulham,Brentford,Sat 12 Dec 15:00,2026-07-24T21:29+00:00,41,28,31,2026-09-13T18:01+00:00,36,27,37,,,,,,,,,,,,,,,,,,
Hull|Tottenham,15,Hull,Tottenham,Sat 12 Dec 15:00,2026-07-24T21:29+00:00,26,25,49,2026-09-13T18:01+00:00,45,29,26,,,,,,,,,,,,,,,,,,
Ipswich|Newcastle,15,Ipswich,Newcastle,Sat 12 Dec 15:00,2026-07-24T21:29+00:00,19,24,57,2026-09-13T15:01+00:00,21,22,57,,,,,,,,,,,,,,,,,,
Liverpool|Leeds,15,Liverpool,Leeds,Sat 12 Dec 15:00,2026-07-24T21:29+00:00,59,22,19,2026-09-13T15:01+00:00,56,24,20,,,,,,,,,,,,,,,,,,
Man City|Chelsea,15,Man City,Chelsea,Sat 12 Dec 15:00,2026-07-24T21:29+00:00,65,21,14,2026-09-13T15:01+00:00,61,22,17,,,,,,,,,,,,,,,,,,
Sunderland|Nott'm Forest,15,Sunderland,Nott'm Forest,Sat 12 Dec 15:00,2026-07-24T21:29+00:00,35,30,35,2026-09-13T18:01+00:00,38,30,32,,,,,,,,,,,,,,,,,,
Bournemouth|Coventry,16,Bournemouth,Coventry,Sat 19 Dec 15:00,2026-07-24T21:29+00:00,66,21,13,2026-09-13T15:01+00:00,69,21,10,,,,,,,,,,,,,,,,,,
Arsenal|Man United,16,Arsenal,Man United,Sat 19 Dec 15:00,2026-07-24T21:29+00:00,58,24,18,2026-09-13T15:01+00:00,61,23,16,,,,,,,,,,,,,,,,,,
Brentford|Newcastle,16,Brentford,Newcastle,Sat 19 Dec 15:00,2026-07-24T21:29+00:00,43,26,31,2026-09-13T15:01+00:00,42,26,32,,,,,,,,,,,,,,,,,,
Brighton|Ipswich,16,Brighton,Ipswich,Sat 19 Dec 15:00,2026-07-24T21:29+00:00,71,19,10,2026-09-13T18:01+00:00,70,18,12,,,,,,,,,,,,,,,,,,
Chelsea|Aston Villa,16,Chelsea,Aston Villa,Sat 19 Dec 15:00,2026-07-24T21:29+00:00,43,26,31,2026-09-13T15:01+00:00,48,25,27,,,,,,,,,,,,,,,,,,
Leeds|Fulham,16,Leeds,Fulham,Sat 19 Dec 15:00,2026-07-24T21:29+00:00,43,28,29,2026-09-13T15:01+00:00,42,28,30,,,,,,,,,,,,,,,,,,
Liverpool|Tottenham,16,Liverpool,Tottenham,Sat 19 Dec 15:00,2026-07-24T21:29+00:00,58,22,20,2026-09-13T15:01+00:00,60,22,18,,,,,,,,,,,,,,,,,,
Man City|Hull,16,Man City,Hull,Sat 19 Dec 15:00,2026-07-24T21:29+00:00,83,12,5,2026-09-13T18:01+00:00,58,26,16,,,,,,,,,,,,,,,,,,
Nott'm Forest|Everton,16,Nott'm Forest,Everton,Sat 19 Dec 15:00,2026-07-24T21:29+00:00,51,27,22,2026-09-13T15:01+00:00,42,30,28,,,,,,,,,,,,,,,,,,
Sunderland|Crystal Palace,16,Sunderland,Crystal Palace,Sat 19 Dec 15:00,2026-07-24T21:29+00:00,45,30,25,2026-09-13T15:01+00:00,44,29,27,,,,,,,,,,,,,,,,,,
Aston Villa|Leeds,17,Aston Villa,Leeds,Sat 26 Dec 12:30,2026-07-24T21:29+00:00,51,26,23,2026-09-13T15:01+00:00,45,27,28,,,,,,,,,,,,,,,,,,
Coventry|Chelsea,17,Coventry,Chelsea,Sun 27 Dec 14:00,2026-07-24T21:29+00:00,27,25,48,2026-09-13T15:01+00:00,14,23,63,,,,,,,,,,,,,,,,,,
Crystal Palace|Arsenal,17,Crystal Palace,Arsenal,Sun 27 Dec 19:00,2026-07-24T21:29+00:00,19,27,54,2026-09-13T15:01+00:00,16,24,60,,,,,,,,,,,,,,,,,,
Everton|Sunderland,17,Everton,Sunderland,Sat 26 Dec 15:00,2026-07-24T21:29+00:00,41,31,28,2026-09-13T15:01+00:00,40,32,28,,,,,,,,,,,,,,,,,,
Fulham|Brighton,17,Fulham,Brighton,Sat 26 Dec 15:00,2026-07-24T21:29+00:00,40,28,32,2026-09-13T15:01+00:00,35,27,38,,,,,,,,,,,,,,,,,,
Hull|Liverpool,17,Hull,Liverpool,Sat 26 Dec 17:30,2026-07-24T21:29+00:00,18,22,60,2026-09-13T18:01+00:00,32,29,39,,,,,,,,,,,,,,,,,,
Ipswich|Brentford,17,Ipswich,Brentford,Sat 26 Dec 15:00,2026-07-24T21:29+00:00,21,25,54,2026-09-13T15:01+00:00,22,23,55,,,,,,,,,,,,,,,,,,
Man United|Nott'm Forest,17,Man United,Nott'm Forest,Sun 27 Dec 16:30,2026-07-24T21:29+00:00,48,26,26,2026-09-13T18:01+00:00,48,26,26,,,,,,,,,,,,,,,,,,
Newcastle|Man City,17,Newcastle,Man City,Sat 26 Dec 20:00,2026-07-24T21:29+00:00,28,26,46,2026-09-13T15:01+00:00,27,25,48,,,,,,,,,,,,,,,,,,
Tottenham|Bournemouth,17,Tottenham,Bournemouth,Sat 26 Dec 15:00,2026-07-24T21:29+00:00,42,26,32,2026-09-13T18:01+00:00,36,27,37,,,,,,,,,,,,,,,,,,
Aston Villa|Liverpool,18,Aston Villa,Liverpool,Wed 30 Dec 20:15,2026-07-24T21:29+00:00,39,26,35,2026-09-13T15:01+00:00,33,26,41,,,,,,,,,,,,,,,,,,
Coventry|Brentford,18,Coventry,Brentford,Wed 30 Dec 19:30,2026-07-24T21:29+00:00,27,26,47,2026-09-13T15:01+00:00,15,24,61,,,,,,,,,,,,,,,,,,
Crystal Palace|Bournemouth,18,Crystal Palace,Bournemouth,Wed 30 Dec 19:30,2026-07-24T21:29+00:00,34,28,38,2026-09-13T15:01+00:00,35,27,38,,,,,,,,,,,,,,,,,,
Everton|Man City,18,Everton,Man City,Tue 29 Dec 20:15,2026-07-24T21:29+00:00,21,27,52,2026-09-13T15:01+00:00,22,26,52,,,,,,,,,,,,,,,,,,
Fulham|Arsenal,18,Fulham,Arsenal,Wed 30 Dec 19:30,2026-07-24T21:29+00:00,23,27,50,2026-09-13T15:01+00:00,19,26,55,,,,,,,,,,,,,,,,,,
Hull|Leeds,18,Hull,Leeds,Tue 29 Dec 19:30,2026-07-24T21:29+00:00,27,27,46,2026-09-13T15:01+00:00,42,31,27,,,,,,,,,,,,,,,,,,
Ipswich|Chelsea,18,Ipswich,Chelsea,Wed 30 Dec 20:15,2026-07-24T21:29+00:00,22,24,54,2026-09-13T15:01+00:00,21,22,57,,,,,,,,,,,,,,,,,,
Man United|Sunderland,18,Man United,Sunderland,Wed 30 Dec 19:30,2026-07-24T21:29+00:00,53,27,20,2026-09-13T18:01+00:00,49,28,23,,,,,,,,,,,,,,,,,,
Newcastle|Nott'm Forest,18,Newcastle,Nott'm Forest,Wed 30 Dec 19:30,2026-07-24T21:29+00:00,45,26,29,2026-09-13T15:01+00:00,48,26,26,,,,,,,,,,,,,,,,,,
Tottenham|Brighton,18,Tottenham,Brighton,Tue 29 Dec 19:30,2026-07-24T21:29+00:00,43,26,31,2026-09-13T15:01+00:00,33,26,41,,,,,,,,,,,,,,,,,,
Bournemouth|Aston Villa,19,Bournemouth,Aston Villa,Sat 02 Jan 17:30,2026-07-24T21:29+00:00,44,27,29,2026-09-13T15:01+00:00,42,27,31,,,,,,,,,,,,,,,,,,
Arsenal|Ipswich,19,Arsenal,Ipswich,Sat 02 Jan 15:00,2026-07-24T21:29+00:00,84,12,4,2026-09-13T15:01+00:00,82,13,5,,,,,,,,,,,,,,,,,,
Brentford|Crystal Palace,19,Brentford,Crystal Palace,Sat 02 Jan 15:00,2026-07-24T21:29+00:00,52,26,22,2026-09-13T15:01+00:00,53,25,22,,,,,,,,,,,,,,,,,,
Brighton|Man United,19,Brighton,Man United,Sat 02 Jan 12:30,2026-07-24T21:29+00:00,40,27,33,2026-09-13T18:01+00:00,43,26,31,,,,,,,,,,,,,,,,,,
Chelsea|Newcastle,19,Chelsea,Newcastle,Sun 03 Jan 14:00,2026-07-24T21:29+00:00,43,26,31,2026-09-13T15:01+00:00,44,25,31,,,,,,,,,,,,,,,,,,
Leeds|Everton,19,Leeds,Everton,Fri 01 Jan 20:00,2026-07-24T21:29+00:00,46,28,26,2026-09-13T15:01+00:00,40,30,30,,,,,,,,,,,,,,,,,,
Liverpool|Coventry,19,Liverpool,Coventry,Sat 02 Jan 15:00,2026-07-24T21:29+00:00,74,16,10,2026-09-13T15:01+00:00,77,16,7,,,,,,,,,,,,,,,,,,
Man City|Tottenham,19,Man City,Tottenham,Sun 03 Jan 16:30,2026-07-24T21:29+00:00,68,19,13,2026-09-13T18:01+00:00,69,19,12,,,,,,,,,,,,,,,,,,
Nott'm Forest|Fulham,19,Nott'm Forest,Fulham,Sat 02 Jan 15:00,2026-07-24T21:29+00:00,49,27,24,2026-09-13T15:01+00:00,44,28,28,,,,,,,,,,,,,,,,,,
Sunderland|Hull,19,Sunderland,Hull,Sat 02 Jan 15:00,2026-07-24T21:29+00:00,59,25,16,2026-09-13T15:01+00:00,35,34,31,,,,,,,,,,,,,,,,,,
Arsenal|Brentford,20,Arsenal,Brentford,Tue 05 Jan 19:30,2026-07-24T21:29+00:00,64,22,14,2026-09-13T15:01+00:00,62,23,15,,,,,,,,,,,,,,,,,,
Brighton|Bournemouth,20,Brighton,Bournemouth,Tue 05 Jan 19:30,2026-07-24T21:29+00:00,43,27,30,2026-09-13T15:01+00:00,48,25,27,,,,,,,,,,,,,,,,,,
Crystal Palace|Chelsea,20,Crystal Palace,Chelsea,Wed 06 Jan 19:30,2026-07-24T21:29+00:00,37,28,35,2026-09-13T18:01+00:00,32,26,42,,,,,,,,,,,,,,,,,,
Everton|Aston Villa,20,Everton,Aston Villa,Tue 05 Jan 19:30,2026-07-24T21:29+00:00,35,29,36,2026-09-13T15:01+00:00,39,29,32,,,,,,,,,,,,,,,,,,
Fulham|Tottenham,20,Fulham,Tottenham,Wed 06 Jan 19:30,2026-07-24T21:29+00:00,43,27,30,2026-09-13T15:01+00:00,44,27,29,,,,,,,,,,,,,,,,,,
Ipswich|Coventry,20,Ipswich,Coventry,Wed 06 Jan 19:30,2026-07-24T21:29+00:00,37,28,35,2026-09-13T15:01+00:00,52,27,21,,,,,,,,,,,,,,,,,,
Leeds|Man City,20,Leeds,Man City,Wed 06 Jan 20:15,2026-07-24T21:29+00:00,24,25,51,2026-09-13T18:01+00:00,21,25,54,,,,,,,,,,,,,,,,,,
Man United|Newcastle,20,Man United,Newcastle,Thu 07 Jan 20:00,2026-07-24T21:29+00:00,49,25,26,2026-09-13T18:01+00:00,44,25,31,,,,,,,,,,,,,,,,,,
Nott'm Forest|Hull,20,Nott'm Forest,Hull,Tue 05 Jan 19:30,2026-07-24T21:29+00:00,68,20,12,2026-09-13T15:01+00:00,38,32,30,,,,,,,,,,,,,,,,,,
Sunderland|Liverpool,20,Sunderland,Liverpool,Tue 05 Jan 20:15,2026-07-24T21:29+00:00,31,28,41,2026-09-13T18:01+00:00,30,27,43,,,,,,,,,,,,,,,,,,
Bournemouth|Ipswich,21,Bournemouth,Ipswich,Sat 16 Jan 15:00,2026-07-24T21:29+00:00,72,18,10,2026-09-13T15:01+00:00,64,21,15,,,,,,,,,,,,,,,,,,
Aston Villa|Man United,21,Aston Villa,Man United,Sat 16 Jan 15:00,2026-07-24T21:29+00:00,42,27,31,2026-09-13T18:01+00:00,37,27,36,,,,,,,,,,,,,,,,,,
Brentford|Brighton,21,Brentford,Brighton,Sat 16 Jan 15:00,2026-07-24T21:29+00:00,44,27,29,2026-09-13T15:01+00:00,41,26,33,,,,,,,,,,,,,,,,,,
Chelsea|Sunderland,21,Chelsea,Sunderland,Sat 16 Jan 15:00,2026-07-24T21:29+00:00,48,28,24,2026-09-13T15:01+00:00,49,27,24,,,,,,,,,,,,,,,,,,
Coventry|Everton,21,Coventry,Everton,Sat 16 Jan 15:00,2026-07-24T21:29+00:00,31,29,40,2026-09-13T15:01+00:00,19,29,52,,,,,,,,,,,,,,,,,,
Hull|Arsenal,21,Hull,Arsenal,Sat 16 Jan 15:00,2026-07-24T21:29+00:00,11,20,69,2026-09-13T15:01+00:00,21,30,49,,,,,,,,,,,,,,,,,,
Liverpool|Crystal Palace,21,Liverpool,Crystal Palace,Sat 16 Jan 15:00,2026-07-24T21:29+00:00,62,22,16,2026-09-13T15:01+00:00,60,23,17,,,,,,,,,,,,,,,,,,
Man City|Nott'm Forest,21,Man City,Nott'm Forest,Sat 16 Jan 15:00,2026-07-24T21:29+00:00,61,22,17,2026-09-13T18:01+00:00,63,22,15,,,,,,,,,,,,,,,,,,
Newcastle|Fulham,21,Newcastle,Fulham,Sat 16 Jan 15:00,2026-07-24T21:29+00:00,50,26,24,2026-09-13T15:01+00:00,50,26,24,,,,,,,,,,,,,,,,,,
Tottenham|Leeds,21,Tottenham,Leeds,Sat 16 Jan 15:00,2026-07-24T21:29+00:00,47,26,27,2026-09-13T15:01+00:00,40,27,33,,,,,,,,,,,,,,,,,,
Arsenal|Newcastle,22,Arsenal,Newcastle,Sat 23 Jan 15:00,2026-07-24T21:29+00:00,63,22,15,2026-09-13T18:01+00:00,61,23,16,,,,,,,,,,,,,,,,,,
Brighton|Man City,22,Brighton,Man City,Sat 23 Jan 15:00,2026-07-24T21:29+00:00,27,26,47,2026-09-13T15:01+00:00,28,25,47,,,,,,,,,,,,,,,,,,
Crystal Palace|Tottenham,22,Crystal Palace,Tottenham,Sat 23 Jan 15:00,2026-07-24T21:29+00:00,39,27,34,2026-09-13T15:01+00:00,41,27,32,,,,,,,,,,,,,,,,,,
Everton|Brentford,22,Everton,Brentford,Sat 23 Jan 15:00,2026-07-24T21:29+00:00,38,29,33,2026-09-13T15:01+00:00,36,29,35,,,,,,,,,,,,,,,,,,
Fulham|Aston Villa,22,Fulham,Aston Villa,Sat 23 Jan 15:00,2026-07-24T21:29+00:00,38,28,34,2026-09-13T15:01+00:00,39,28,33,,,,,,,,,,,,,,,,,,
Ipswich|Hull,22,Ipswich,Hull,Sat 23 Jan 15:00,2026-07-24T21:29+00:00,40,28,32,2026-09-13T18:01+00:00,25,28,47,,,,,,,,,,,,,,,,,,
Leeds|Chelsea,22,Leeds,Chelsea,Sat 23 Jan 15:00,2026-07-24T21:29+00:00,41,26,33,2026-09-13T15:01+00:00,35,27,38,,,,,,,,,,,,,,,,,,
Man United|Liverpool,22,Man United,Liverpool,Sat 23 Jan 15:00,2026-07-24T21:29+00:00,42,25,33,2026-09-13T15:01+00:00,39,25,36,,,,,,,,,,,,,,,,,,
Nott'm Forest|Bournemouth,22,Nott'm Forest,Bournemouth,Sat 23 Jan 15:00,2026-07-24T21:29+00:00,45,27,28,2026-09-13T15:01+00:00,40,28,32,,,,,,,,,,,,,,,,,,
Sunderland|Coventry,22,Sunderland,Coventry,Sat 23 Jan 15:00,2026-07-24T21:29+00:00,56,26,18,2026-09-13T15:01+00:00,62,26,12,,,,,,,,,,,,,,,,,,
Bournemouth|Fulham,23,Bournemouth,Fulham,Sat 30 Jan 15:00,2026-07-24T21:29+00:00,49,27,24,2026-09-13T18:01+00:00,45,27,28,,,,,,,,,,,,,,,,,,
Aston Villa|Ipswich,23,Aston Villa,Ipswich,Sat 30 Jan 15:00,2026-07-24T21:29+00:00,73,18,9,2026-09-13T15:01+00:00,64,21,15,,,,,,,,,,,,,,,,,,
Brentford|Man United,23,Brentford,Man United,Sat 30 Jan 15:00,2026-07-24T21:29+00:00,39,27,34,2026-09-13T15:01+00:00,41,26,33,,,,,,,,,,,,,,,,,,
Chelsea|Nott'm Forest,23,Chelsea,Nott'm Forest,Sat 30 Jan 15:00,2026-07-24T21:29+00:00,42,26,32,2026-09-13T15:01+00:00,48,26,26,,,,,,,,,,,,,,,,,,
Coventry|Leeds,23,Coventry,Leeds,Sat 30 Jan 15:00,2026-07-24T21:29+00:00,30,27,43,2026-09-13T18:01+00:00,20,27,53,,,,,,,,,,,,,,,,,,
Hull|Crystal Palace,23,Hull,Crystal Palace,Sat 30 Jan 15:00,2026-07-24T21:29+00:00,31,28,41,2026-09-13T15:01+00:00,46,30,24,,,,,,,,,,,,,,,,,,
Liverpool|Everton,23,Liverpool,Everton,Sat 30 Jan 15:00,2026-07-24T21:29+00:00,59,24,17,2026-09-13T18:01+00:00,54,25,21,,,,,,,,,,,,,,,,,,
Man City|Arsenal,23,Man City,Arsenal,Sat 30 Jan 15:00,2026-07-24T21:29+00:00,42,29,29,2026-09-13T15:01+00:00,38,29,33,,,,,,,,,,,,,,,,,,
Newcastle|Brighton,23,Newcastle,Brighton,Sat 30 Jan 15:00,2026-07-24T21:29+00:00,47,26,27,2026-09-13T15:01+00:00,42,26,32,,,,,,,,,,,,,,,,,,
Tottenham|Sunderland,23,Tottenham,Sunderland,Sat 30 Jan 15:00,2026-07-24T21:29+00:00,47,28,25,2026-09-13T15:01+00:00,39,29,32,,,,,,,,,,,,,,,,,,
Arsenal|Liverpool,24,Arsenal,Liverpool,Sat 06 Feb 15:00,2026-07-24T21:29+00:00,57,24,19,2026-09-13T15:01+00:00,56,25,19,,,,,,,,,,,,,,,,,,
Brighton|Hull,24,Brighton,Hull,Sat 06 Feb 15:00,2026-07-24T21:29+00:00,67,20,13,2026-09-13T15:01+00:00,45,30,25,,,,,,,,,,,,,,,,,,
Crystal Palace|Coventry,24,Crystal Palace,Coventry,Sat 06 Feb 15:00,2026-07-24T21:29+00:00,55,25,20,2026-09-13T15:01+00:00,61,25,14,,,,,,,,,,,,,,,,,,
Everton|Newcastle,24,Everton,Newcastle,Sat 06 Feb 15:00,2026-07-24T21:29+00:00,37,28,35,2026-09-13T15:01+00:00,35,28,37,,,,,,,,,,,,,,,,,,
Fulham|Man City,24,Fulham,Man City,Sat 06 Feb 15:00,2026-07-24T21:29+00:00,24,26,50,2026-09-13T15:01+00:00,21,25,54,,,,,,,,,,,,,,,,,,
Ipswich|Tottenham,24,Ipswich,Tottenham,Sat 06 Feb 15:00,2026-07-24T21:29+00:00,22,25,53,2026-09-13T15:01+00:00,29,25,46,,,,,,,,,,,,,,,,,,
Leeds|Bournemouth,24,Leeds,Bournemouth,Sat 06 Feb 15:00,2026-07-24T21:29+00:00,40,27,33,2026-09-13T18:01+00:00,39,27,34,,,,,,,,,,,,,,,,,,
Man United|Chelsea,24,Man United,Chelsea,Sat 06 Feb 15:00,2026-07-24T21:29+00:00,50,25,25,2026-09-13T18:01+00:00,44,25,31,,,,,,,,,,,,,,,,,,
Nott'm Forest|Brentford,24,Nott'm Forest,Brentford,Sat 06 Feb 15:00,2026-07-24T21:29+00:00,47,26,27,2026-09-13T15:01+00:00,38,28,34,,,,,,,,,,,,,,,,,,
Sunderland|Aston Villa,24,Sunderland,Aston Villa,Sat 06 Feb 15:00,2026-07-24T21:29+00:00,35,30,35,2026-09-13T15:01+00:00,38,29,33,,,,,,,,,,,,,,,,,,
Aston Villa|Bournemouth,25,Aston Villa,Bournemouth,Wed 10 Feb 20:00,2026-07-24T21:29+00:00,46,26,28,2026-09-13T15:01+00:00,42,27,31,,,,,,,,,,,,,,,,,,
Coventry|Liverpool,25,Coventry,Liverpool,Wed 10 Feb 20:00,2026-07-24T21:29+00:00,21,22,57,2026-09-13T15:01+00:00,13,20,67,,,,,,,,,,,,,,,,,,
Crystal Palace|Brentford,25,Crystal Palace,Brentford,Wed 10 Feb 20:00,2026-07-24T21:29+00:00,36,28,36,2026-09-13T15:01+00:00,32,27,41,,,,,,,,,,,,,,,,,,
Everton|Leeds,25,Everton,Leeds,Wed 10 Feb 20:00,2026-07-24T21:29+00:00,41,29,30,2026-09-13T15:01+00:00,41,30,29,,,,,,,,,,,,,,,,,,
Fulham|Nott'm Forest,25,Fulham,Nott'm Forest,Wed 10 Feb 20:00,2026-07-24T21:29+00:00,39,28,33,2026-09-13T15:01+00:00,39,29,32,,,,,,,,,,,,,,,,,,
Hull|Sunderland,25,Hull,Sunderland,Wed 10 Feb 20:00,2026-07-24T21:29+00:00,29,29,42,2026-09-13T15:01+00:00,41,33,26,,,,,,,,,,,,,,,,,,
Ipswich|Arsenal,25,Ipswich,Arsenal,Wed 10 Feb 20:00,2026-07-24T21:29+00:00,9,19,72,2026-09-13T15:01+00:00,10,17,73,,,,,,,,,,,,,,,,,,
Man United|Brighton,25,Man United,Brighton,Wed 10 Feb 20:00,2026-07-24T21:29+00:00,50,26,24,2026-09-13T15:01+00:00,43,26,31,,,,,,,,,,,,,,,,,,
Newcastle|Chelsea,25,Newcastle,Chelsea,Wed 10 Feb 20:00,2026-07-24T21:29+00:00,48,25,27,2026-09-13T15:01+00:00,44,25,31,,,,,,,,,,,,,,,,,,
Tottenham|Man City,25,Tottenham,Man City,Wed 10 Feb 20:00,2026-07-24T21:29+00:00,25,24,51,2026-09-13T18:01+00:00,20,23,57,,,,,,,,,,,,,,,,,,
Bournemouth|Crystal Palace,26,Bournemouth,Crystal Palace,Sat 20 Feb 15:00,2026-07-24T21:29+00:00,54,25,21,2026-09-13T15:01+00:00,50,26,24,,,,,,,,,,,,,,,,,,
Arsenal|Fulham,26,Arsenal,Fulham,Sat 20 Feb 15:00,2026-07-24T21:29+00:00,66,22,12,2026-09-13T15:01+00:00,66,22,12,,,,,,,,,,,,,,,,,,
Brentford|Coventry,26,Brentford,Coventry,Sat 20 Feb 15:00,2026-07-24T21:29+00:00,64,21,15,2026-09-13T15:01+00:00,72,19,9,,,,,,,,,,,,,,,,,,
Brighton|Tottenham,26,Brighton,Tottenham,Sat 20 Feb 15:00,2026-07-24T21:29+00:00,48,26,26,2026-09-13T15:01+00:00,54,24,22,,,,,,,,,,,,,,,,,,
Chelsea|Ipswich,26,Chelsea,Ipswich,Sat 20 Feb 15:00,2026-07-24T21:29+00:00,70,19,11,2026-09-13T15:01+00:00,70,18,12,,,,,,,,,,,,,,,,,,
Leeds|Aston Villa,26,Leeds,Aston Villa,Sat 20 Feb 15:00,2026-07-24T21:29+00:00,39,27,34,2026-09-13T15:01+00:00,38,28,34,,,,,,,,,,,,,,,,,,
Liverpool|Hull,26,Liverpool,Hull,Sat 20 Feb 15:00,2026-07-24T21:29+00:00,76,16,8,2026-09-13T15:01+00:00,49,28,23,,,,,,,,,,,,,,,,,,
Man City|Newcastle,26,Man City,Newcastle,Sat 20 Feb 15:00,2026-07-24T21:29+00:00,64,21,15,2026-09-13T18:01+00:00,60,22,18,,,,,,,,,,,,,,,,,,
Nott'm Forest|Man United,26,Nott'm Forest,Man United,Sat 20 Feb 15:00,2026-07-24T21:29+00:00,42,27,31,2026-09-13T18:01+00:00,37,27,36,,,,,,,,,,,,,,,,,,
Sunderland|Everton,26,Sunderland,Everton,Sat 20 Feb 15:00,2026-07-24T21:29+00:00,42,31,27,2026-09-13T15:01+00:00,38,32,30,,,,,,,,,,,,,,,,,,
Aston Villa|Chelsea,27,Aston Villa,Chelsea,Sat 27 Feb 15:00,2026-07-24T21:29+00:00,47,26,27,2026-09-13T15:01+00:00,39,26,35,,,,,,,,,,,,,,,,,,
Coventry|Bournemouth,27,Coventry,Bournemouth,Sat 27 Feb 15:00,2026-07-24T21:29+00:00,25,26,49,2026-09-13T15:01+00:00,17,25,58,,,,,,,,,,,,,,,,,,
Crystal Palace|Sunderland,27,Crystal Palace,Sunderland,Sat 27 Feb 15:00,2026-07-24T21:29+00:00,39,31,30,2026-09-13T15:01+00:00,37,30,33,,,,,,,,,,,,,,,,,,
Everton|Nott'm Forest,27,Everton,Nott'm Forest,Sat 27 Feb 15:00,2026-07-24T21:29+00:00,35,29,36,2026-09-13T15:01+00:00,39,30,31,,,,,,,,,,,,,,,,,,
Fulham|Leeds,27,Fulham,Leeds,Sat 27 Feb 15:00,2026-07-24T21:29+00:00,44,28,28,2026-09-13T15:01+00:00,42,28,30,,,,,,,,,,,,,,,,,,
Hull|Man City,27,Hull,Man City,Sat 27 Feb 15:00,2026-07-24T21:29+00:00,11,19,70,2026-09-13T18:01+00:00,25,28,47,,,,,,,,,,,,,,,,,,
Ipswich|Brighton,27,Ipswich,Brighton,Sat 27 Feb 15:00,2026-07-24T21:29+00:00,21,25,54,2026-09-13T18:01+00:00,21,22,57,,,,,,,,,,,,,,,,,,
Man United|Arsenal,27,Man United,Arsenal,Sat 27 Feb 15:00,2026-07-24T21:29+00:00,31,27,42,2026-09-13T18:01+00:00,25,26,49,,,,,,,,,,,,,,,,,,
Newcastle|Brentford,27,Newcastle,Brentford,Sat 27 Feb 15:00,2026-07-24T21:29+00:00,48,25,27,2026-09-13T15:01+00:00,44,26,30,,,,,,,,,,,,,,,,,,
Tottenham|Liverpool,27,Tottenham,Liverpool,Sat 27 Feb 15:00,2026-07-24T21:29+00:00,34,25,41,2026-09-13T15:01+00:00,28,25,47,,,,,,,,,,,,,,,,,,
Bournemouth|Tottenham,28,Bournemouth,Tottenham,Wed 03 Mar 20:00,2026-07-24T21:29+00:00,50,25,25,2026-09-13T18:01+00:00,49,25,26,,,,,,,,,,,,,,,,,,
Arsenal|Crystal Palace,28,Arsenal,Crystal Palace,Wed 03 Mar 20:00,2026-07-24T21:29+00:00,70,20,10,2026-09-13T15:01+00:00,70,20,10,,,,,,,,,,,,,,,,,,
Brentford|Ipswich,28,Brentford,Ipswich,Wed 03 Mar 20:00,2026-07-24T21:29+00:00,70,19,11,2026-09-13T15:01+00:00,68,19,13,,,,,,,,,,,,,,,,,,
Brighton|Fulham,28,Brighton,Fulham,Wed 03 Mar 20:00,2026-07-24T21:29+00:00,48,27,25,2026-09-13T15:01+00:00,50,26,24,,,,,,,,,,,,,,,,,,
Chelsea|Coventry,28,Chelsea,Coventry,Wed 03 Mar 20:00,2026-07-24T21:29+00:00,64,21,15,2026-09-13T15:01+00:00,73,18,9,,,,,,,,,,,,,,,,,,
Leeds|Hull,28,Leeds,Hull,Wed 03 Mar 20:00,2026-07-24T21:29+00:00,63,22,15,2026-09-13T15:01+00:00,36,32,32,,,,,,,,,,,,,,,,,,
Liverpool|Aston Villa,28,Liverpool,Aston Villa,Wed 03 Mar 20:00,2026-07-24T21:29+00:00,52,24,24,2026-09-13T15:01+00:00,53,24,23,,,,,,,,,,,,,,,,,,
Man City|Everton,28,Man City,Everton,Wed 03 Mar 20:00,2026-07-24T21:29+00:00,68,21,11,2026-09-13T15:01+00:00,63,23,14,,,,,,,,,,,,,,,,,,
Nott'm Forest|Newcastle,28,Nott'm Forest,Newcastle,Wed 03 Mar 20:00,2026-07-24T21:29+00:00,45,26,29,2026-09-13T15:01+00:00,37,27,36,,,,,,,,,,,,,,,,,,
Sunderland|Man United,28,Sunderland,Man United,Wed 03 Mar 20:00,2026-07-24T21:29+00:00,33,29,38,2026-09-13T15:01+00:00,33,29,38,,,,,,,,,,,,,,,,,,
Bournemouth|Newcastle,29,Bournemouth,Newcastle,Sat 13 Mar 15:00,2026-07-24T21:29+00:00,45,26,29,2026-09-13T15:01+00:00,39,26,35,,,,,,,,,,,,,,,,,,
Aston Villa|Hull,29,Aston Villa,Hull,Sat 13 Mar 15:00,2026-07-24T21:29+00:00,70,19,11,2026-09-13T15:01+00:00,40,31,29,,,,,,,,,,,,,,,,,,
Chelsea|Arsenal,29,Chelsea,Arsenal,Sat 13 Mar 15:00,2026-07-24T21:29+00:00,25,27,48,2026-09-13T15:01+00:00,24,26,50,,,,,,,,,,,,,,,,,,
Coventry|Man City,29,Coventry,Man City,Sat 13 Mar 15:00,2026-07-24T21:29+00:00,13,20,67,2026-09-13T18:01+00:00,9,17,74,,,,,,,,,,,,,,,,,,
Crystal Palace|Fulham,29,Crystal Palace,Fulham,Sat 13 Mar 15:00,2026-07-24T21:29+00:00,39,29,32,2026-09-13T15:01+00:00,38,28,34,,,,,,,,,,,,,,,,,,
Leeds|Brighton,29,Leeds,Brighton,Sat 13 Mar 15:00,2026-07-24T21:29+00:00,41,27,32,2026-09-13T15:01+00:00,34,27,39,,,,,,,,,,,,,,,,,,
Liverpool|Ipswich,29,Liverpool,Ipswich,Sat 13 Mar 15:00,2026-07-24T21:29+00:00,79,14,7,2026-09-13T15:01+00:00,74,16,10,,,,,,,,,,,,,,,,,,
Man United|Everton,29,Man United,Everton,Sat 13 Mar 15:00,2026-07-24T21:29+00:00,55,26,19,2026-09-13T15:01+00:00,49,27,24,,,,,,,,,,,,,,,,,,
Sunderland|Brentford,29,Sunderland,Brentford,Sat 13 Mar 15:00,2026-07-24T21:29+00:00,39,29,32,2026-09-13T15:01+00:00,35,29,36,,,,,,,,,,,,,,,,,,
Tottenham|Nott'm Forest,29,Tottenham,Nott'm Forest,Sat 13 Mar 15:00,2026-07-24T21:29+00:00,40,27,33,2026-09-13T15:01+00:00,37,28,35,,,,,,,,,,,,,,,,,,
Arsenal|Sunderland,30,Arsenal,Sunderland,Sat 20 Mar 15:00,2026-07-24T21:29+00:00,65,23,12,2026-09-13T15:01+00:00,64,24,12,,,,,,,,,,,,,,,,,,
Brentford|Bournemouth,30,Brentford,Bournemouth,Sat 20 Mar 15:00,2026-07-24T21:29+00:00,43,26,31,2026-09-13T15:01+00:00,46,26,28,,,,,,,,,,,,,,,,,,
Brighton|Coventry,30,Brighton,Coventry,Sat 20 Mar 15:00,2026-07-24T21:29+00:00,65,21,14,2026-09-13T15:01+00:00,74,18,8,,,,,,,,,,,,,,,,,,
Everton|Tottenham,30,Everton,Tottenham,Sat 20 Mar 15:00,2026-07-24T21:29+00:00,40,28,32,2026-09-13T15:01+00:00,44,28,28,,,,,,,,,,,,,,,,,,
Fulham|Liverpool,30,Fulham,Liverpool,Sat 20 Mar 15:00,2026-07-24T21:29+00:00,33,27,40,2026-09-13T18:01+00:00,30,26,44,,,,,,,,,,,,,,,,,,
Hull|Chelsea,30,Hull,Chelsea,Sat 20 Mar 15:00,2026-07-24T21:29+00:00,25,25,50,2026-09-13T15:01+00:00,36,30,34,,,,,,,,,,,,,,,,,,
Ipswich|Crystal Palace,30,Ipswich,Crystal Palace,Sat 20 Mar 15:00,2026-07-24T21:29+00:00,27,28,45,2026-09-13T15:01+00:00,30,26,44,,,,,,,,,,,,,,,,,,
Man City|Man United,30,Man City,Man United,Sat 20 Mar 15:00,2026-07-24T21:29+00:00,59,23,18,2026-09-13T15:01+00:00,59,23,18,,,,,,,,,,,,,,,,,,
Newcastle|Leeds,30,Newcastle,Leeds,Sat 20 Mar 15:00,2026-07-24T21:29+00:00,51,25,24,2026-09-13T15:01+00:00,50,26,24,,,,,,,,,,,,,,,,,,
Nott'm Forest|Aston Villa,30,Nott'm Forest,Aston Villa,Sat 20 Mar 15:00,2026-07-24T21:29+00:00,44,27,29,2026-09-13T15:01+00:00,41,28,31,,,,,,,,,,,,,,,,,,
Bournemouth|Man City,31,Bournemouth,Man City,Sat 10 Apr 14:00,2026-07-24T21:29+00:00,28,26,46,2026-09-13T18:01+00:00,24,25,51,,,,,,,,,,,,,,,,,,
Aston Villa|Brighton,31,Aston Villa,Brighton,Sat 10 Apr 14:00,2026-07-24T21:29+00:00,47,26,27,2026-09-13T15:01+00:00,37,27,36,,,,,,,,,,,,,,,,,,
Chelsea|Fulham,31,Chelsea,Fulham,Sat 10 Apr 14:00,2026-07-24T21:29+00:00,47,27,26,2026-09-13T15:01+00:00,50,26,24,,,,,,,,,,,,,,,,,,
Coventry|Arsenal,31,Coventry,Arsenal,Sat 10 Apr 14:00,2026-07-24T21:29+00:00,13,21,66,2026-09-13T15:01+00:00,6,18,76,,,,,,,,,,,,,,,,,,
Crystal Palace|Everton,31,Crystal Palace,Everton,Sat 10 Apr 14:00,2026-07-24T21:29+00:00,41,30,29,2026-09-13T15:01+00:00,36,30,34,,,,,,,,,,,,,,,,,,
Leeds|Nott'm Forest,31,Leeds,Nott'm Forest,Sat 10 Apr 14:00,2026-07-24T21:29+00:00,38,28,34,2026-09-13T15:01+00:00,39,29,32,,,,,,,,,,,,,,,,,,
Liverpool|Newcastle,31,Liverpool,Newcastle,Sat 10 Apr 14:00,2026-07-24T21:29+00:00,53,24,23,2026-09-13T15:01+00:00,50,24,26,,,,,,,,,,,,,,,,,,
Man United|Hull,31,Man United,Hull,Sat 10 Apr 14:00,2026-07-24T21:29+00:00,72,18,10,2026-09-13T15:01+00:00,46,29,25,,,,,,,,,,,,,,,,,,
Sunderland|Ipswich,31,Sunderland,Ipswich,Sat 10 Apr 14:00,2026-07-24T21:29+00:00,62,24,14,2026-09-13T15:01+00:00,57,25,18,,,,,,,,,,,,,,,,,,
Tottenham|Brentford,31,Tottenham,Brentford,Sat 10 Apr 14:00,2026-07-24T21:29+00:00,43,26,31,2026-09-13T18:01+00:00,34,26,40,,,,,,,,,,,,,,,,,,
Arsenal|Aston Villa,32,Arsenal,Aston Villa,Sat 17 Apr 14:00,2026-07-24T21:29+00:00,61,23,16,2026-09-13T15:01+00:00,65,22,13,,,,,,,,,,,,,,,,,,
Brentford|Leeds,32,Brentford,Leeds,Sat 17 Apr 14:00,2026-07-24T21:29+00:00,48,26,26,2026-09-13T15:01+00:00,49,26,25,,,,,,,,,,,,,,,,,,
Brighton|Chelsea,32,Brighton,Chelsea,Sat 17 Apr 14:00,2026-07-24T21:29+00:00,46,26,28,2026-09-13T15:01+00:00,44,25,31,,,,,,,,,,,,,,,,,,
Everton|Bournemouth,32,Everton,Bournemouth,Sat 17 Apr 14:00,2026-07-24T21:29+00:00,36,29,35,2026-09-13T15:01+00:00,38,29,33,,,,,,,,,,,,,,,,,,
Fulham|Sunderland,32,Fulham,Sunderland,Sat 17 Apr 14:00,2026-07-24T21:29+00:00,44,30,26,2026-09-13T15:01+00:00,41,30,29,,,,,,,,,,,,,,,,,,
Hull|Coventry,32,Hull,Coventry,Sat 17 Apr 14:00,2026-07-24T21:29+00:00,42,27,31,2026-09-13T18:01+00:00,63,26,11,,,,,,,,,,,,,,,,,,
Ipswich|Man United,32,Ipswich,Man United,Sat 17 Apr 14:00,2026-07-24T21:29+00:00,16,23,61,2026-09-13T15:01+00:00,20,22,58,,,,,,,,,,,,,,,,,,
Man City|Crystal Palace,32,Man City,Crystal Palace,Sat 17 Apr 14:00,2026-07-24T21:29+00:00,71,19,10,2026-09-13T15:01+00:00,70,19,11,,,,,,,,,,,,,,,,,,
Newcastle|Tottenham,32,Newcastle,Tottenham,Sat 17 Apr 14:00,2026-07-24T21:29+00:00,51,24,25,2026-09-13T15:01+00:00,54,24,22,,,,,,,,,,,,,,,,,,
Nott'm Forest|Liverpool,32,Nott'm Forest,Liverpool,Sat 17 Apr 14:00,2026-07-24T21:29+00:00,38,26,36,2026-09-13T18:01+00:00,33,26,41,,,,,,,,,,,,,,,,,,
Bournemouth|Arsenal,33,Bournemouth,Arsenal,Sat 24 Apr 14:00,2026-07-24T21:29+00:00,27,27,46,2026-09-13T15:01+00:00,21,26,53,,,,,,,,,,,,,,,,,,
Aston Villa|Coventry,33,Aston Villa,Coventry,Sat 24 Apr 14:00,2026-07-24T21:29+00:00,67,20,13,2026-09-13T15:01+00:00,68,21,11,,,,,,,,,,,,,,,,,,
Brentford|Fulham,33,Brentford,Fulham,Sat 24 Apr 14:00,2026-07-24T21:29+00:00,47,27,26,2026-09-13T15:01+00:00,49,26,25,,,,,,,,,,,,,,,,,,
Chelsea|Man City,33,Chelsea,Man City,Sat 24 Apr 14:00,2026-07-24T21:29+00:00,26,26,48,2026-09-13T15:01+00:00,27,25,48,,,,,,,,,,,,,,,,,,
Everton|Brighton,33,Everton,Brighton,Sat 24 Apr 14:00,2026-07-24T21:29+00:00,37,29,34,2026-09-13T15:01+00:00,34,29,37,,,,,,,,,,,,,,,,,,
Leeds|Liverpool,33,Leeds,Liverpool,Sat 24 Apr 14:00,2026-07-24T21:29+00:00,34,25,41,2026-09-13T15:01+00:00,30,26,44,,,,,,,,,,,,,,,,,,
Man United|Crystal Palace,33,Man United,Crystal Palace,Sat 24 Apr 14:00,2026-07-24T21:29+00:00,58,24,18,2026-09-13T18:01+00:00,55,24,21,,,,,,,,,,,,,,,,,,
Newcastle|Ipswich,33,Newcastle,Ipswich,Sat 24 Apr 14:00,2026-07-24T21:29+00:00,74,17,9,2026-09-13T15:01+00:00,70,18,12,,,,,,,,,,,,,,,,,,
Nott'm Forest|Sunderland,33,Nott'm Forest,Sunderland,Sat 24 Apr 14:00,2026-07-24T21:29+00:00,50,28,22,2026-09-13T15:01+00:00,43,30,27,,,,,,,,,,,,,,,,,,
Tottenham|Hull,33,Tottenham,Hull,Sat 24 Apr 14:00,2026-07-24T21:29+00:00,66,20,14,2026-09-13T15:01+00:00,35,31,34,,,,,,,,,,,,,,,,,,
Arsenal|Tottenham,34,Arsenal,Tottenham,Sat 01 May 14:00,2026-07-24T21:29+00:00,67,20,13,2026-09-13T18:01+00:00,71,19,10,,,,,,,,,,,,,,,,,,
Brighton|Nott'm Forest,34,Brighton,Nott'm Forest,Sat 01 May 14:00,2026-07-24T21:29+00:00,43,27,30,2026-09-13T15:01+00:00,48,26,26,,,,,,,,,,,,,,,,,,
Coventry|Man United,34,Coventry,Man United,Sat 01 May 14:00,2026-07-24T21:29+00:00,22,25,53,2026-09-13T18:01+00:00,14,23,63,,,,,,,,,,,,,,,,,,
Crystal Palace|Aston Villa,34,Crystal Palace,Aston Villa,Sat 01 May 14:00,2026-07-24T21:29+00:00,34,28,38,2026-09-13T15:01+00:00,35,28,37,,,,,,,,,,,,,,,,,,
Fulham|Everton,34,Fulham,Everton,Sat 01 May 14:00,2026-07-24T21:29+00:00,45,29,26,2026-09-13T15:01+00:00,40,30,30,,,,,,,,,,,,,,,,,,
Hull|Bournemouth,34,Hull,Bournemouth,Sat 01 May 14:00,2026-07-24T21:29+00:00,23,25,52,2026-09-13T15:01+00:00,40,30,30,,,,,,,,,,,,,,,,,,
Ipswich|Leeds,34,Ipswich,Leeds,Sat 01 May 14:00,2026-07-24T21:29+00:00,23,27,50,2026-09-13T15:01+00:00,27,26,47,,,,,,,,,,,,,,,,,,
Liverpool|Chelsea,34,Liverpool,Chelsea,Sat 01 May 14:00,2026-07-24T21:29+00:00,55,24,21,2026-09-13T15:01+00:00,50,24,26,,,,,,,,,,,,,,,,,,
Man City|Brentford,34,Man City,Brentford,Sat 01 May 14:00,2026-07-24T21:29+00:00,65,21,14,2026-09-13T15:01+00:00,61,22,17,,,,,,,,,,,,,,,,,,
Sunderland|Newcastle,34,Sunderland,Newcastle,Sat 01 May 14:00,2026-07-24T21:29+00:00,36,29,35,2026-09-13T15:01+00:00,34,29,37,,,,,,,,,,,,,,,,,,
Bournemouth|Man United,35,Bournemouth,Man United,Sat 08 May 14:00,2026-07-24T21:29+00:00,41,27,32,2026-09-13T15:01+00:00,38,26,36,,,,,,,,,,,,,,,,,,
Brentford|Aston Villa,35,Brentford,Aston Villa,Sat 08 May 14:00,2026-07-24T21:29+00:00,42,27,31,2026-09-13T15:01+00:00,46,26,28,,,,,,,,,,,,,,,,,,
Brighton|Sunderland,35,Brighton,Sunderland,Sat 08 May 14:00,2026-07-24T21:29+00:00,49,28,23,2026-09-13T15:01+00:00,49,28,23,,,,,,,,,,,,,,,,,,
Everton|Hull,35,Everton,Hull,Sat 08 May 14:00,2026-07-24T21:29+00:00,58,25,17,2026-09-13T15:01+00:00,37,33,30,,,,,,,,,,,,,,,,,,
Fulham|Ipswich,35,Fulham,Ipswich,Sat 08 May 14:00,2026-07-24T21:29+00:00,66,22,12,2026-09-13T15:01+00:00,60,23,17,,,,,,,,,,,,,,,,,,
Leeds|Arsenal,35,Leeds,Arsenal,Sat 08 May 14:00,2026-07-24T21:29+00:00,24,26,50,2026-09-13T18:01+00:00,18,26,56,,,,,,,,,,,,,,,,,,
Man City|Liverpool,35,Man City,Liverpool,Sat 08 May 14:00,2026-07-24T21:29+00:00,57,23,20,2026-09-13T15:01+00:00,55,24,21,,,,,,,,,,,,,,,,,,
Newcastle|Coventry,35,Newcastle,Coventry,Sat 08 May 14:00,2026-07-24T21:29+00:00,67,20,13,2026-09-13T15:01+00:00,74,18,8,,,,,,,,,,,,,,,,,,
Nott'm Forest|Crystal Palace,35,Nott'm Forest,Crystal Palace,Sat 08 May 14:00,2026-07-24T21:29+00:00,54,25,21,2026-09-13T15:01+00:00,48,27,25,,,,,,,,,,,,,,,,,,
Tottenham|Chelsea,35,Tottenham,Chelsea,Sat 08 May 14:00,2026-07-24T21:29+00:00,44,25,31,2026-09-13T15:01+00:00,33,26,41,,,,,,,,,,,,,,,,,,
Arsenal|Nott'm Forest,36,Arsenal,Nott'm Forest,Sat 15 May 14:00,2026-07-24T21:29+00:00,61,23,16,2026-09-13T15:01+00:00,64,23,13,,,,,,,,,,,,,,,,,,
Aston Villa|Newcastle,36,Aston Villa,Newcastle,Sat 15 May 14:00,2026-07-24T21:29+00:00,46,26,28,2026-09-13T15:01+00:00,39,26,35,,,,,,,,,,,,,,,,,,
Chelsea|Everton,36,Chelsea,Everton,Sat 15 May 14:00,2026-07-24T21:29+00:00,50,27,23,2026-09-13T15:01+00:00,48,27,25,,,,,,,,,,,,,,,,,,
Coventry|Tottenham,36,Coventry,Tottenham,Sat 15 May 14:00,2026-07-24T21:29+00:00,28,26,46,2026-09-13T18:01+00:00,21,26,53,,,,,,,,,,,,,,,,,,
Crystal Palace|Brighton,36,Crystal Palace,Brighton,Sat 15 May 14:00,2026-07-24T21:29+00:00,35,29,36,2026-09-13T15:01+00:00,30,27,43,,,,,,,,,,,,,,,,,,
Hull|Fulham,36,Hull,Fulham,Sat 15 May 14:00,2026-07-24T21:29+00:00,27,27,46,2026-09-13T15:01+00:00,42,31,27,,,,,,,,,,,,,,,,,,
Ipswich|Man City,36,Ipswich,Man City,Sat 15 May 14:00,2026-07-24T21:29+00:00,9,18,73,2026-09-13T15:01+00:00,11,17,72,,,,,,,,,,,,,,,,,,
Liverpool|Brentford,36,Liverpool,Brentford,Sat 15 May 14:00,2026-07-24T21:29+00:00,56,23,21,2026-09-13T15:01+00:00,51,24,25,,,,,,,,,,,,,,,,,,
Man United|Leeds,36,Man United,Leeds,Sat 15 May 14:00,2026-07-24T21:29+00:00,54,25,21,2026-09-13T18:01+00:00,50,26,24,,,,,,,,,,,,,,,,,,
Sunderland|Bournemouth,36,Sunderland,Bournemouth,Sat 15 May 14:00,2026-07-24T21:29+00:00,36,30,34,2026-09-13T15:01+00:00,38,29,33,,,,,,,,,,,,,,,,,,
Bournemouth|Chelsea,37,Bournemouth,Chelsea,Sun 23 May 14:00,2026-07-24T21:29+00:00,46,26,28,2026-09-13T15:01+00:00,39,26,35,,,,,,,,,,,,,,,,,,
Brentford|Hull,37,Brentford,Hull,Sun 23 May 14:00,2026-07-24T21:29+00:00,67,20,13,2026-09-13T15:01+00:00,43,30,27,,,,,,,,,,,,,,,,,,
Brighton|Liverpool,37,Brighton,Liverpool,Sun 23 May 14:00,2026-07-24T21:29+00:00,37,26,37,2026-09-13T15:01+00:00,39,25,36,,,,,,,,,,,,,,,,,,
Everton|Arsenal,37,Everton,Arsenal,Sun 23 May 14:00,2026-07-24T21:29+00:00,21,28,51,2026-09-13T18:01+00:00,20,27,53,,,,,,,,,,,,,,,,,,
Fulham|Coventry,37,Fulham,Coventry,Sun 23 May 14:00,2026-07-24T21:29+00:00,59,24,17,2026-09-13T15:01+00:00,64,24,12,,,,,,,,,,,,,,,,,,
Leeds|Sunderland,37,Leeds,Sunderland,Sun 23 May 14:00,2026-07-24T21:29+00:00,45,29,26,2026-09-13T15:01+00:00,41,30,29,,,,,,,,,,,,,,,,,,
Man City|Aston Villa,37,Man City,Aston Villa,Sun 23 May 14:00,2026-07-24T21:29+00:00,62,22,16,2026-09-13T18:01+00:00,63,22,15,,,,,,,,,,,,,,,,,,
Newcastle|Crystal Palace,37,Newcastle,Crystal Palace,Sun 23 May 14:00,2026-07-24T21:29+00:00,55,25,20,2026-09-13T15:01+00:00,55,24,21,,,,,,,,,,,,,,,,,,
Nott'm Forest|Ipswich,37,Nott'm Forest,Ipswich,Sun 23 May 14:00,2026-07-24T21:29+00:00,72,18,10,2026-09-13T15:01+00:00,62,22,16,,,,,,,,,,,,,,,,,,
Tottenham|Man United,37,Tottenham,Man United,Sun 23 May 14:00,2026-07-24T21:29+00:00,38,26,36,2026-09-13T15:01+00:00,32,26,42,,,,,,,,,,,,,,,,,,
Arsenal|Brighton,38,Arsenal,Brighton,Sun 30 May 15:00,2026-07-24T21:29+00:00,63,23,14,2026-09-13T18:01+00:00,61,23,16,,,,,,,,,,,,,,,,,,
Aston Villa|Tottenham,38,Aston Villa,Tottenham,Sun 30 May 15:00,2026-07-24T21:29+00:00,51,25,24,2026-09-13T15:01+00:00,48,26,26,,,,,,,,,,,,,,,,,,
Chelsea|Brentford,38,Chelsea,Brentford,Sun 30 May 15:00,2026-07-24T21:29+00:00,45,26,29,2026-09-13T18:01+00:00,45,25,30,,,,,,,,,,,,,,,,,,
Coventry|Nott'm Forest,38,Coventry,Nott'm Forest,Sun 30 May 15:00,2026-07-24T21:29+00:00,24,27,49,2026-09-13T15:01+00:00,18,27,55,,,,,,,,,,,,,,,,,,
Crystal Palace|Leeds,38,Crystal Palace,Leeds,Sun 30 May 15:00,2026-07-24T21:29+00:00,39,28,33,2026-09-13T15:01+00:00,38,28,34,,,,,,,,,,,,,,,,,,
Hull|Newcastle,38,Hull,Newcastle,Sun 30 May 15:00,2026-07-24T21:29+00:00,22,25,53,2026-09-13T15:01+00:00,36,30,34,,,,,,,,,,,,,,,,,,
Ipswich|Everton,38,Ipswich,Everton,Sun 30 May 15:00,2026-07-24T21:29+00:00,25,29,46,2026-09-13T15:01+00:00,26,27,47,,,,,,,,,,,,,,,,,,
Liverpool|Bournemouth,38,Liverpool,Bournemouth,Sun 30 May 15:00,2026-07-24T21:29+00:00,53,24,23,2026-09-13T15:01+00:00,53,24,23,,,,,,,,,,,,,,,,,,
Man United|Fulham,38,Man United,Fulham,Sun 30 May 15:00,2026-07-24T21:29+00:00,54,25,21,2026-09-13T18:01+00:00,50,26,24,,,,,,,,,,,,,,,,,,
Sunderland|Man City,38,Sunderland,Man City,Sun 30 May 15:00,2026-07-24T21:29+00:00,23,27,50,2026-09-13T18:01+00:00,22,26,52,,,,,,,,,,,,,,,,,,
