key,gw,id,name,team,pos,price,p_start,xmin,p_score,proj,locked_at,late,started,minutes,goals,assists,points,bonus,xgi,graded,brier_start,ae_minutes,brier_score,err_points
4:411,4,411,Haaland,Man City,FWD,15.5,1.0,82.8,0.534,5.59,2026-09-14T14:46+00:00,1,1,90,1,0,9,3,0.88,2026-09-14T14:46+00:00,0.0,7.2,0.2172,-3.41
4:480,4,480,Gibbs-White,Nott'm Forest,MID,7.9,1.0,82.8,0.3015,5.31,2026-09-14T14:46+00:00,1,1,90,0,1,8,3,1.07,2026-09-14T14:46+00:00,0.0,7.2,0.0909,-2.69
4:12,4,12,Saka,Arsenal,MID,9.5,1.0,82.8,0.5076,5.29,2026-09-14T14:46+00:00,1,1,90,1,0,8,0,1.46,2026-09-14T14:46+00:00,0.0,7.2,0.2425,-2.71
4:261,4,261,Iwobi,Fulham,MID,5.4,0.928,78.1,0.0425,4.74,2026-09-14T14:46+00:00,1,1,76,0,0,3,0,0.26,2026-09-14T14:46+00:00,0.0052,2.1,0.0018,1.74
4:379,4,379,Isak,Liverpool,FWD,9.1,0.878,74.9,0.4643,4.63,2026-09-14T14:46+00:00,1,1,90,0,0,2,0,0.50,2026-09-14T14:46+00:00,0.0149,15.1,0.2156,2.63
4:154,4,154,Palmer,Chelsea,MID,9.7,1.0,82.8,0.2412,4.61,2026-09-14T14:46+00:00,1,1,90,0,1,5,0,0.38,2026-09-14T14:46+00:00,0.0,7.2,0.0582,-0.39
4:367,4,367,Gakpo,Liverpool,MID,7.2,0.941,78.9,0.1155,4.56,2026-09-14T14:46+00:00,1,0,30,0,0,1,0,0.10,2026-09-14T14:46+00:00,0.8855,48.9,0.0133,3.56
4:115,4,115,De Cuyper,Brighton,DEF,4.8,0.937,78.5,0.3007,4.48,2026-09-14T14:46+00:00,1,1,90,0,1,11,2,0.07,2026-09-14T14:46+00:00,0.004,11.5,0.0904,-6.52
4:346,4,346,Calvert-Lewin,Leeds,FWD,6.0,0.928,78.1,0.3955,4.46,2026-09-14T14:46+00:00,1,,,,,,,,,,,,
4:68,4,68,Tavernier,Bournemouth,MID,6.1,0.976,81.2,0.3277,4.39,2026-09-14T14:46+00:00,1,1,82,1,0,8,2,0.67,2026-09-14T14:46+00:00,0.0006,0.8,0.452,-3.61
4:106,4,106,Thiago,Brentford,FWD,7.9,1.0,82.8,0.4347,4.37,2026-09-14T14:46+00:00,1,1,90,0,0,1,0,0.14,2026-09-14T14:46+00:00,0.0,7.2,0.189,3.37
4:427,4,427,Mbeumo,Man Utd,MID,7.9,0.989,82.1,0.4719,4.33,2026-09-14T14:46+00:00,1,1,90,0,0,2,0,0.57,2026-09-14T14:46+00:00,0.0001,7.9,0.2227,2.33
4:116,4,116,Dunk,Brighton,DEF,4.5,0.961,80.2,0.0089,4.16,2026-09-14T14:46+00:00,1,1,90,1,0,12,0,0.06,2026-09-14T14:46+00:00,0.0015,9.8,0.9823,-7.84
4:295,4,295,McBurnie,Hull City,FWD,5.5,1.0,82.8,0.1832,4.12,2026-09-14T14:46+00:00,1,1,81,0,1,4,0,0.37,2026-09-14T14:46+00:00,0.0,1.8,0.0336,0.12
4:368,4,368,Szoboszlai,Liverpool,MID,7.0,0.946,79.3,0.2457,4.11,2026-09-14T14:46+00:00,1,1,90,0,0,3,0,0.40,2026-09-14T14:46+00:00,0.0029,10.7,0.0604,1.11
4:40,4,40,Rogers,Chelsea,MID,7.7,0.984,81.7,0.2788,4.08,2026-09-14T14:46+00:00,1,1,90,1,0,8,1,0.23,2026-09-14T14:46+00:00,0.0003,8.3,0.5201,-3.92
4:4,4,4,Gabriel,Arsenal,DEF,8.0,1.0,82.8,0.1127,4.03,2026-09-14T14:46+00:00,1,1,90,0,0,9,2,0.03,2026-09-14T14:46+00:00,0.0,7.2,0.0127,-4.97
4:453,4,453,Barnes,Newcastle,MID,6.0,1.0,82.8,0.0624,4.0,2026-09-14T14:46+00:00,1,,,,,,,,,,,,
4:504,4,504,Vuskovic,Brighton,DEF,5.0,1.0,82.8,0.1045,3.98,2026-09-14T14:46+00:00,1,1,77,0,0,6,0,0.12,2026-09-14T14:46+00:00,0.0,5.8,0.0109,-2.02
4:10,4,10,White,Arsenal,DEF,5.5,0.995,82.4,0.0447,3.96,2026-09-14T14:46+00:00,1,1,45,0,0,1,0,0.00,2026-09-14T14:46+00:00,0.0,37.4,0.002,2.96
4:94,4,94,Schade,Brentford,MID,6.0,1.0,82.8,0.2055,3.93,2026-09-14T14:46+00:00,1,1,90,2,0,15,3,0.31,2026-09-14T14:46+00:00,0.0,7.2,0.6312,-11.07
4:165,4,165,João Pedro,Chelsea,FWD,7.8,0.991,82.2,0.3893,3.93,2026-09-14T14:46+00:00,1,1,90,1,1,12,3,0.33,2026-09-14T14:46+00:00,0.0001,7.8,0.373,-8.07
4:397,4,397,Semenyo,Man City,MID,8.4,0.987,81.9,0.0357,3.92,2026-09-14T14:46+00:00,1,1,90,0,0,3,0,0.06,2026-09-14T14:46+00:00,0.0002,8.1,0.0013,0.92
4:588,4,588,Khalaili,Crystal Palace,DEF,5.0,1.0,82.8,0.2412,3.9,2026-09-14T14:46+00:00,1,1,90,1,0,7,0,0.36,2026-09-14T14:46+00:00,0.0,7.2,0.5758,-3.1
4:464,4,464,Wissa,Newcastle,FWD,6.2,1.0,82.8,0.3511,3.9,2026-09-14T14:46+00:00,1,,,,,,,,,,,,
4:8,4,8,Calafiori,Arsenal,DEF,5.8,0.888,75.3,0.1326,3.87,2026-09-14T14:46+00:00,1,1,90,0,0,6,0,0.07,2026-09-14T14:46+00:00,0.0125,14.7,0.0176,-2.13
4:127,4,127,Gomez,Brighton,MID,5.0,0.956,79.9,0.1627,3.84,2026-09-14T14:46+00:00,1,1,83,0,0,3,0,0.20,2026-09-14T14:46+00:00,0.0019,3.1,0.0265,0.84
4:204,4,204,Mitchell,Crystal Palace,DEF,4.5,1.0,82.8,0.1757,3.81,2026-09-14T14:46+00:00,1,1,76,0,0,1,0,0.06,2026-09-14T14:46+00:00,0.0,6.8,0.0309,2.81
4:426,4,426,B.Fernandes,Man Utd,MID,12.0,1.0,82.8,0.4081,3.8,2026-09-14T14:46+00:00,1,1,90,0,0,2,0,0.36,2026-09-14T14:46+00:00,0.0,7.2,0.1665,1.8
4:503,4,503,Van de Ven,Spurs,DEF,5.0,0.992,82.2,0.1593,3.8,2026-09-14T14:46+00:00,1,1,90,0,0,6,0,0.02,2026-09-14T14:46+00:00,0.0001,7.8,0.0254,-2.2
4:124,4,124,Groß,Brighton,MID,5.6,1.0,82.8,0.3205,3.77,2026-09-14T14:46+00:00,1,1,90,1,2,17,3,1.01,2026-09-14T14:46+00:00,0.0,7.2,0.4617,-13.23
4:114,4,114,Boscagli,Brighton,DEF,4.5,0.961,80.2,0.0177,3.76,2026-09-14T14:46+00:00,1,1,77,0,0,6,0,0.04,2026-09-14T14:46+00:00,0.0015,3.2,0.0003,-2.24
4:109,4,109,Verbruggen,Brighton,GK,4.5,0.963,80.0,0.0,3.74,2026-09-14T14:46+00:00,1,1,90,0,0,8,0,0.00,2026-09-14T14:46+00:00,0.0014,10.0,0.0,-4.26
4:70,4,70,Kluivert,Bournemouth,MID,6.0,0.886,75.4,0.2222,3.73,2026-09-14T14:46+00:00,1,1,65,1,0,8,1,0.23,2026-09-14T14:46+00:00,0.013,10.4,0.605,-4.27
4:202,4,202,Richards,Crystal Palace,DEF,5.0,1.0,82.8,0.0182,3.65,2026-09-14T14:46+00:00,1,1,90,0,0,2,0,0.06,2026-09-14T14:46+00:00,0.0,7.2,0.0003,1.65
4:13,4,13,Rice,Arsenal,MID,7.4,1.0,82.8,0.0272,3.63,2026-09-14T14:46+00:00,1,1,80,0,1,6,0,0.37,2026-09-14T14:46+00:00,0.0,2.8,0.0007,-2.37
4:236,4,236,Dewsbury-Hall,Everton,MID,6.5,1.0,82.8,0.1369,3.63,2026-09-14T14:46+00:00,1,1,90,0,0,2,0,0.26,2026-09-14T14:46+00:00,0.0,7.2,0.0187,1.63
4:15,4,15,Ødegaard,Arsenal,MID,6.7,0.933,78.4,0.23,3.62,2026-09-14T14:46+00:00,1,1,84,0,0,3,0,0.25,2026-09-14T14:46+00:00,0.0045,5.6,0.0529,0.62
4:1,4,1,Raya,Arsenal,GK,6.0,0.921,77.2,0.0,3.57,2026-09-14T14:46+00:00,1,1,90,0,0,14,3,0.00,2026-09-14T14:46+00:00,0.0062,12.8,0.0,-10.43
4:249,4,249,Barry,Everton,FWD,5.6,0.998,82.6,0.5288,3.56,2026-09-14T14:46+00:00,1,1,90,0,0,2,0,0.70,2026-09-14T14:46+00:00,0.0,7.4,0.2796,1.56
4:45,4,45,McGinn,Aston Villa,MID,5.4,1.0,82.8,0.1681,3.54,2026-09-14T14:46+00:00,1,1,90,0,1,6,1,0.11,2026-09-14T14:46+00:00,0.0,7.2,0.0283,-2.46
4:200,4,200,Lacroix,Chelsea,DEF,6.0,1.0,82.8,0.0092,3.54,2026-09-14T14:46+00:00,1,0,4,0,0,1,0,0.00,2026-09-14T14:46+00:00,1.0,78.8,0.0001,2.54
4:388,4,388,Guéhi,Man City,DEF,6.0,0.984,81.7,0.181,3.53,2026-09-14T14:46+00:00,1,1,90,0,0,6,0,0.00,2026-09-14T14:46+00:00,0.0003,8.3,0.0328,-2.47
4:41,4,41,Buendía,Aston Villa,MID,5.9,1.0,82.8,0.1907,3.52,2026-09-14T14:46+00:00,1,1,62,0,0,2,0,0.01,2026-09-14T14:46+00:00,0.0,20.8,0.0364,1.52
4:112,4,112,Van Hecke,Spurs,DEF,4.9,1.0,82.8,0.071,3.49,2026-09-14T14:46+00:00,1,1,90,0,0,8,0,0.19,2026-09-14T14:46+00:00,0.0,7.2,0.005,-4.51
4:79,4,79,Evanilson,Bournemouth,FWD,6.0,0.954,79.8,0.155,3.47,2026-09-14T14:46+00:00,1,1,90,0,1,5,0,0.25,2026-09-14T14:46+00:00,0.0021,10.2,0.024,-1.53
4:222,4,222,Strand Larsen,Crystal Palace,FWD,6.0,0.638,59.4,0.1002,3.39,2026-09-14T14:46+00:00,1,1,83,1,0,8,2,0.11,2026-09-14T14:46+00:00,0.131,23.6,0.8096,-4.61
4:335,4,335,Stach,Leeds,MID,6.0,1.0,82.7,0.1367,3.29,2026-09-14T14:46+00:00,1,,,,,,,,,,,,
4:366,4,366,Wirtz,Liverpool,MID,7.4,0.949,79.4,0.1691,3.27,2026-09-14T14:46+00:00,1,1,90,0,0,3,0,0.17,2026-09-14T14:46+00:00,0.0026,10.6,0.0286,0.27
4:358,4,358,Kerkez,Liverpool,DEF,5.4,0.935,78.5,0.0087,3.26,2026-09-14T14:46+00:00,1,0,45,0,0,1,0,0.01,2026-09-14T14:46+00:00,0.8742,33.5,0.0001,2.26
4:142,4,142,James,Chelsea,DEF,5.4,0.893,75.8,0.0808,3.23,2026-09-14T14:46+00:00,1,1,90,0,0,1,0,0.30,2026-09-14T14:46+00:00,0.0114,14.2,0.0065,2.23
4:26,4,26,Havertz,Arsenal,FWD,7.6,0.986,81.8,0.1886,3.21,2026-09-14T14:46+00:00,1,1,90,0,0,1,0,0.36,2026-09-14T14:46+00:00,0.0002,8.2,0.0356,2.21
4:46,4,46,Barkley,Aston Villa,MID,5.0,1.0,82.8,0.0962,3.2,2026-09-14T14:46+00:00,1,1,62,0,0,2,0,0.04,2026-09-14T14:46+00:00,0.0,20.8,0.0093,1.2
4:28,4,28,Martinez,Chelsea,GK,5.0,0.961,79.8,0.0,3.2,2026-09-14T14:46+00:00,1,1,90,0,0,2,0,0.00,2026-09-14T14:46+00:00,0.0015,10.2,0.0,1.2
4:67,4,67,Rayan,Bournemouth,MID,6.4,0.99,82.1,0.1893,3.19,2026-09-14T14:46+00:00,1,1,81,0,0,2,0,0.41,2026-09-14T14:46+00:00,0.0001,1.1,0.0358,1.19
4:129,4,129,Ayari,Brighton,MID,5.4,0.818,71.0,0.1593,3.19,2026-09-14T14:46+00:00,1,1,90,1,0,8,0,0.34,2026-09-14T14:46+00:00,0.0331,19.0,0.7068,-4.81
4:229,4,229,Tarkowski,Everton,DEF,6.1,1.0,82.8,0.0361,3.19,2026-09-14T14:46+00:00,1,1,90,0,0,8,2,0.01,2026-09-14T14:46+00:00,0.0,7.2,0.0013,-4.81
4:391,4,391,Gvardiol,Man City,DEF,5.7,0.956,79.9,0.0519,3.18,2026-09-14T14:46+00:00,1,1,90,0,1,11,3,0.02,2026-09-14T14:46+00:00,0.0019,10.1,0.0027,-7.82
4:542,4,542,E.Le Fée,Sunderland,MID,5.8,1.0,82.8,0.3859,3.16,2026-09-14T14:46+00:00,1,1,90,0,0,0,0,1.44,2026-09-14T14:46+00:00,0.0,7.2,0.1489,3.16
4:69,4,69,Scott,Bournemouth,MID,6.1,0.979,81.4,0.1109,3.12,2026-09-14T14:46+00:00,1,1,90,0,0,4,0,0.24,2026-09-14T14:46+00:00,0.0004,8.6,0.0123,-0.88
4:356,4,356,Virgil,Liverpool,DEF,6.5,0.971,80.9,0.0525,3.12,2026-09-14T14:46+00:00,1,1,90,0,0,8,0,0.01,2026-09-14T14:46+00:00,0.0008,9.1,0.0028,-4.88
4:86,4,86,Lewis-Potter,Brentford,MID,5.5,1.0,82.8,0.2342,3.09,2026-09-14T14:46+00:00,1,1,59,0,0,1,0,0.16,2026-09-14T14:46+00:00,0.0,23.8,0.0548,2.09
4:145,4,145,Fofana,Chelsea,DEF,5.0,0.857,73.3,0.0,3.09,2026-09-14T14:46+00:00,1,1,85,0,0,1,0,0.03,2026-09-14T14:46+00:00,0.0204,11.7,0.0,2.09
4:237,4,237,Ndiaye,Man City,MID,5.9,0.903,76.5,0.0657,3.08,2026-09-14T14:46+00:00,1,0,45,0,0,1,0,0.01,2026-09-14T14:46+00:00,0.8154,31.5,0.0043,2.08
4:533,4,533,Mukiele,Sunderland,DEF,5.4,1.0,82.8,0.1907,3.08,2026-09-14T14:46+00:00,1,1,90,0,0,0,0,0.72,2026-09-14T14:46+00:00,0.0,7.2,0.0364,3.08
4:454,4,454,Elanga,Newcastle,MID,6.2,1.0,82.8,0.1369,3.04,2026-09-14T14:46+00:00,1,,,,,,,,,,,,
4:230,4,230,Branthwaite,Everton,DEF,5.5,1.0,82.8,0.0361,3.03,2026-09-14T14:46+00:00,1,1,90,0,0,6,0,0.00,2026-09-14T14:46+00:00,0.0,7.2,0.0013,-2.97
4:203,4,203,Canvot,Crystal Palace,DEF,4.9,1.0,82.8,0.0182,3.0,2026-09-14T14:46+00:00,1,,,,,,,,,,,,
4:277,4,277,Egan,Hull City,DEF,4.1,1.0,82.8,0.0092,3.0,2026-09-14T14:46+00:00,1,1,90,0,0,2,0,0.04,2026-09-14T14:46+00:00,0.0,7.2,0.0001,1.0
4:37,4,37,Lindelöf,Aston Villa,DEF,4.5,1.0,82.8,0.0962,2.99,2026-09-14T14:46+00:00,1,1,90,0,0,1,0,0.45,2026-09-14T14:46+00:00,0.0,7.2,0.0093,1.99
4:445,4,445,Thiaw,Newcastle,DEF,5.0,1.0,82.8,0.0,2.99,2026-09-14T14:46+00:00,1,,,,,,,,,,,,
4:156,4,156,Neto,Chelsea,MID,6.5,0.832,71.9,0.1408,2.98,2026-09-14T14:46+00:00,1,1,85,0,0,2,0,0.15,2026-09-14T14:46+00:00,0.0282,13.1,0.0198,0.98
4:166,4,166,N.Jackson,Aston Villa,FWD,6.5,0.938,78.7,0.0917,2.96,2026-09-14T14:46+00:00,1,1,45,0,0,0,0,0.04,2026-09-14T14:46+00:00,0.0038,33.7,0.0084,2.96
4:336,4,336,Okafor,Leeds,MID,5.8,0.739,65.7,0.0358,2.96,2026-09-14T14:46+00:00,1,,,,,,,,,,,,
4:372,4,372,Mac Allister,Liverpool,MID,5.4,0.748,66.0,0.0289,2.96,2026-09-14T14:46+00:00,1,0,30,0,0,1,0,0.04,2026-09-14T14:46+00:00,0.5595,36.0,0.0008,1.96
4:449,4,449,Hall,Newcastle,DEF,5.2,1.0,82.8,0.0092,2.94,2026-09-14T14:46+00:00,1,,,,,,,,,,,,
4:514,4,514,Tel,Spurs,MID,5.8,0.941,78.9,0.0595,2.93,2026-09-14T14:46+00:00,1,0,27,0,0,1,0,0.10,2026-09-14T14:46+00:00,0.8855,51.9,0.0035,1.93
4:566,4,566,Silva,Bournemouth,DEF,5.0,0.976,81.2,0.1726,2.91,2026-09-14T14:46+00:00,1,1,90,0,0,3,0,0.81,2026-09-14T14:46+00:00,0.0006,8.8,0.0298,-0.09
4:98,4,98,Janelt,Brentford,MID,5.0,1.0,82.8,0.1045,2.88,2026-09-14T14:46+00:00,1,1,90,0,0,4,0,0.08,2026-09-14T14:46+00:00,0.0,7.2,0.0109,-1.12
4:267,4,267,Lukić,Ipswich Town,MID,5.0,0.924,77.8,0.0086,2.85,2026-09-14T14:46+00:00,1,1,76,0,0,1,0,0.10,2026-09-14T14:46+00:00,0.0058,1.8,0.0001,1.85
4:332,4,332,Justin,Leeds,DEF,4.5,0.95,79.4,0.0516,2.85,2026-09-14T14:46+00:00,1,,,,,,,,,,,,
4:350,4,350,A.Becker,Liverpool,GK,5.5,0.874,73.6,0.0,2.84,2026-09-14T14:46+00:00,1,1,90,0,0,9,2,0.00,2026-09-14T14:46+00:00,0.0159,16.4,0.0,-6.16
4:384,4,384,Donnarumma,Man City,GK,5.5,0.913,76.8,0.0,2.84,2026-09-14T14:46+00:00,1,1,90,0,0,7,0,0.00,2026-09-14T14:46+00:00,0.0076,13.2,0.0,-4.16
4:469,4,469,N.Williams,Nott'm Forest,DEF,5.0,1.0,82.8,0.071,2.84,2026-09-14T14:46+00:00,1,1,90,0,0,2,0,0.36,2026-09-14T14:46+00:00,0.0,7.2,0.005,0.84
4:209,4,209,Johnson,Everton,MID,5.9,0.587,56.1,0.0663,2.81,2026-09-14T14:46+00:00,1,1,74,0,0,3,0,0.34,2026-09-14T14:46+00:00,0.1706,17.9,0.0044,-0.19
4:362,4,362,Jacquet,Liverpool,DEF,5.0,0.903,76.2,0.0,2.81,2026-09-14T14:46+00:00,1,1,90,0,0,9,3,0.02,2026-09-14T14:46+00:00,0.0094,13.8,0.0,-6.19
4:516,4,516,Bentancur,Spurs,MID,5.5,0.97,80.8,0.0089,2.81,2026-09-14T14:46+00:00,1,1,62,0,0,3,0,0.04,2026-09-14T14:46+00:00,0.0009,18.8,0.0001,-0.19
4:472,4,472,Murillo,Nott'm Forest,DEF,5.5,1.0,82.8,0.0795,2.8,2026-09-14T14:46+00:00,1,1,90,0,1,6,0,0.01,2026-09-14T14:46+00:00,0.0,7.2,0.0063,-3.2
4:496,4,496,Kinsky,Spurs,GK,4.5,0.928,77.3,0.0,2.8,2026-09-14T14:46+00:00,1,1,90,0,0,7,0,0.00,2026-09-14T14:46+00:00,0.0052,12.7,0.0,-4.2
4:96,4,96,Damsgaard,Brentford,MID,5.5,0.91,76.9,0.05,2.79,2026-09-14T14:46+00:00,1,0,30,0,0,1,0,0.10,2026-09-14T14:46+00:00,0.8281,46.9,0.0025,1.79
4:481,4,481,Anderson,Man City,MID,6.3,0.919,77.5,0.0255,2.79,2026-09-14T14:46+00:00,1,1,90,0,0,5,0,0.01,2026-09-14T14:46+00:00,0.0066,12.5,0.0007,-2.21
4:597,4,597,Suzuki,Aston Villa,GK,5.0,0.917,76.6,0.0,2.78,2026-09-14T14:46+00:00,1,1,90,0,0,2,0,0.01,2026-09-14T14:46+00:00,0.0069,13.4,0.0,0.78
4:390,4,390,Rúben,Man City,DEF,5.5,0.954,79.8,0.0176,2.78,2026-09-14T14:46+00:00,1,1,90,0,0,6,0,0.00,2026-09-14T14:46+00:00,0.0021,10.2,0.0003,-3.22
4:210,4,210,Wharton,Crystal Palace,MID,5.5,1.0,82.8,0.0182,2.77,2026-09-14T14:46+00:00,1,1,76,0,0,2,0,0.12,2026-09-14T14:46+00:00,0.0,6.8,0.0003,0.77
4:428,4,428,Cunha,Man Utd,MID,7.9,0.899,76.2,0.1267,2.77,2026-09-14T14:46+00:00,1,1,90,0,0,2,0,0.14,2026-09-14T14:46+00:00,0.0102,13.8,0.0161,0.77
4:401,4,401,Marmoush,Spurs,FWD,7.0,0.979,81.4,0.1109,2.77,2026-09-14T14:46+00:00,1,1,76,0,0,2,0,0.05,2026-09-14T14:46+00:00,0.0004,5.4,0.0123,0.77
4:279,4,279,Ajayi,Hull City,DEF,4.2,1.0,82.8,0.1526,2.76,2026-09-14T14:46+00:00,1,1,90,0,0,1,0,0.13,2026-09-14T14:46+00:00,0.0,7.2,0.0233,1.76
4:61,4,61,Truffert,Bournemouth,DEF,5.5,1.0,82.8,0.0182,2.75,2026-09-14T14:46+00:00,1,1,90,0,0,3,0,0.18,2026-09-14T14:46+00:00,0.0,7.2,0.0003,-0.25
4:233,4,233,Mykolenko,Everton,DEF,4.5,0.97,80.8,0.0,2.75,2026-09-14T14:46+00:00,1,1,90,0,0,11,3,0.07,2026-09-14T14:46+00:00,0.0009,9.2,0.0,-8.25
4:447,4,447,Botman,Newcastle,DEF,5.0,1.0,82.8,0.0,2.75,2026-09-14T14:46+00:00,1,,,,,,,,,,,,
4:486,4,486,McAtee,Nott'm Forest,MID,5.5,0.999,82.7,0.0361,2.75,2026-09-14T14:46+00:00,1,1,81,0,0,3,0,0.41,2026-09-14T14:46+00:00,0.0,1.7,0.0013,-0.25
4:552,4,552,Brobbey,Sunderland,FWD,5.8,1.0,82.8,0.1448,2.75,2026-09-14T14:46+00:00,1,1,90,0,0,1,0,0.01,2026-09-14T14:46+00:00,0.0,7.2,0.021,1.75
4:211,4,211,Yeremy,Crystal Palace,MID,5.5,1.0,82.8,0.1209,2.73,2026-09-14T14:46+00:00,1,1,36,0,0,1,0,0.01,2026-09-14T14:46+00:00,0.0,46.8,0.0146,1.73
4:544,4,544,Xhaka,Sunderland,MID,5.5,1.0,82.8,0.0182,2.72,2026-09-14T14:46+00:00,1,1,90,0,0,1,0,0.37,2026-09-14T14:46+00:00,0.0,7.2,0.0003,1.72
4:32,4,32,Cash,Aston Villa,DEF,4.5,0.781,67.2,0.0366,2.71,2026-09-14T14:46+00:00,1,,,,,,,,,,,,
4:151,4,151,Acheampong,Chelsea,DEF,4.5,0.767,66.7,0.0,2.71,2026-09-14T14:46+00:00,1,,,,,,,,,,,,
4:226,4,226,Pickford,Everton,GK,5.5,0.914,77.2,0.0,2.71,2026-09-14T14:46+00:00,1,1,90,0,0,6,0,0.00,2026-09-14T14:46+00:00,0.0074,12.8,0.0,-3.29
4:572,4,572,Tzolakis,Hull City,GK,4.6,0.962,79.9,0.0,2.71,2026-09-14T14:46+00:00,1,1,90,0,0,2,0,0.00,2026-09-14T14:46+00:00,0.0014,10.1,0.0,0.71
4:113,4,113,F.Kadıoğlu,Brighton,DEF,4.4,0.687,59.7,0.0197,2.7,2026-09-14T14:46+00:00,1,1,90,0,0,6,0,0.09,2026-09-14T14:46+00:00,0.098,30.3,0.0004,-3.3
4:393,4,393,Khusanov,Man City,DEF,5.5,0.953,79.7,0.0,2.67,2026-09-14T14:46+00:00,1,,,,,,,,,,,,
4:532,4,532,Ballard,Sunderland,DEF,4.9,1.0,82.8,0.0361,2.65,2026-09-14T14:46+00:00,1,1,90,0,0,0,0,0.09,2026-09-14T14:46+00:00,0.0,7.2,0.0013,2.65
4:60,4,60,Hill,Bournemouth,DEF,5.5,1.0,82.8,0.0,2.64,2026-09-14T14:46+00:00,1,1,90,0,0,2,0,0.01,2026-09-14T14:46+00:00,0.0,7.2,0.0,0.64
4:268,4,268,King,Fulham,MID,5.5,0.972,81.0,0.2366,2.64,2026-09-14T14:46+00:00,1,1,76,0,0,3,0,0.30,2026-09-14T14:46+00:00,0.0008,5.0,0.056,-0.36
4:399,4,399,Cherki,Man City,MID,7.8,0.781,68.6,0.1672,2.62,2026-09-14T14:46+00:00,1,1,45,0,0,1,0,0.09,2026-09-14T14:46+00:00,0.048,23.6,0.028,1.62
4:260,4,260,Wilson,Leeds,MID,6.3,0.368,41.2,0.0046,2.6,2026-09-14T14:46+00:00,1,,,,,,,,,,,,
4:567,4,567,Horníček,Newcastle,GK,5.0,0.894,75.3,0.0,2.59,2026-09-14T14:46+00:00,1,,,,,,,,,,,,
4:557,4,557,Tzolis,Arsenal,MID,6.4,0.956,79.9,0.0519,2.57,2026-09-14T14:46+00:00,1,1,80,0,0,3,0,0.13,2026-09-14T14:46+00:00,0.0019,0.1,0.0027,-0.43
4:377,4,377,Munoz,Liverpool,MID,6.5,0.719,64.1,0.1328,2.57,2026-09-14T14:46+00:00,1,1,59,0,0,1,0,0.10,2026-09-14T14:46+00:00,0.079,5.1,0.0176,1.57
4:334,4,334,Muharemović,Leeds,DEF,5.0,0.998,82.6,0.0272,2.56,2026-09-14T14:46+00:00,1,,,,,,,,,,,,
4:57,4,57,Petrović,Bournemouth,GK,4.5,0.908,76.2,0.0,2.55,2026-09-14T14:46+00:00,1,1,90,0,0,1,0,0.00,2026-09-14T14:46+00:00,0.0085,13.8,0.0,1.55
4:259,4,259,Diop,Ipswich Town,DEF,4.0,0.934,78.1,0.0,2.55,2026-09-14T14:46+00:00,1,1,90,0,0,1,0,0.13,2026-09-14T14:46+00:00,0.0044,11.9,0.0,1.55
4:529,4,529,Roefs,Sunderland,GK,4.9,0.949,79.3,0.0,2.55,2026-09-14T14:46+00:00,1,1,90,0,0,2,0,0.00,2026-09-14T14:46+00:00,0.0026,10.7,0.0,0.55
4:499,4,499,Pedro Porro,Spurs,DEF,5.5,0.765,66.0,0.1237,2.54,2026-09-14T14:46+00:00,1,,,,,,,,,,,,
4:82,4,82,Kelleher,Brentford,GK,5.0,0.956,79.8,0.0,2.53,2026-09-14T14:46+00:00,1,1,90,0,0,3,0,0.00,2026-09-14T14:46+00:00,0.0019,10.2,0.0,-0.47
4:239,4,239,Garner,Everton,MID,6.0,0.849,73.0,0.0161,2.53,2026-09-14T14:46+00:00,1,1,90,0,0,4,0,0.06,2026-09-14T14:46+00:00,0.0228,17.0,0.0003,-1.47
4:385,4,385,Trafford,Leeds,GK,5.0,0.933,77.9,0.0,2.52,2026-09-14T14:46+00:00,1,,,,,,,,,,,,
4:467,4,467,Sels,Nott'm Forest,GK,5.0,0.916,76.7,0.0,2.52,2026-09-14T14:46+00:00,1,1,90,0,0,3,0,0.00,2026-09-14T14:46+00:00,0.0071,13.3,0.0,-0.48
4:47,4,47,Kamara,Aston Villa,MID,5.0,1.0,82.8,0.0,2.51,2026-09-14T14:46+00:00,1,1,90,0,0,2,0,0.05,2026-09-14T14:46+00:00,0.0,7.2,0.0,0.51
4:214,4,214,Kamada,Crystal Palace,MID,5.0,1.0,82.8,0.0092,2.49,2026-09-14T14:46+00:00,1,1,83,0,2,8,0,0.05,2026-09-14T14:46+00:00,0.0,0.2,0.0001,-5.51
4:43,4,43,Tielemans,Man Utd,MID,5.9,0.945,79.2,0.1313,2.49,2026-09-14T14:46+00:00,1,1,66,0,0,2,0,0.04,2026-09-14T14:46+00:00,0.003,13.2,0.0172,0.49
4:429,4,429,Rashford,Man Utd,MID,7.0,0.807,70.3,0.0895,2.49,2026-09-14T14:46+00:00,1,1,82,0,0,2,0,0.20,2026-09-14T14:46+00:00,0.0372,11.7,0.008,0.49
4:105,4,105,Anthony,Brentford,MID,5.9,0.568,54.8,0.0533,2.48,2026-09-14T14:46+00:00,1,1,59,0,0,1,0,0.10,2026-09-14T14:46+00:00,0.1866,4.2,0.0028,1.48
4:138,4,138,Kostoulas,Brighton,FWD,5.5,0.919,77.5,0.2791,2.48,2026-09-14T14:46+00:00,1,1,83,1,1,10,1,0.40,2026-09-14T14:46+00:00,0.0066,5.5,0.5197,-7.52
4:338,4,338,Ampadu,Leeds,MID,5.4,0.97,80.8,0.0,2.48,2026-09-14T14:46+00:00,1,,,,,,,,,,,,
4:87,4,87,Ajer,Brentford,DEF,4.5,1.0,82.8,0.0272,2.47,2026-09-14T14:46+00:00,1,1,90,0,0,1,0,0.02,2026-09-14T14:46+00:00,0.0,7.2,0.0007,1.47
4:591,4,591,Enciso,Ipswich Town,MID,5.5,0.978,81.3,0.1949,2.47,2026-09-14T14:46+00:00,1,1,90,0,0,2,0,0.25,2026-09-14T14:46+00:00,0.0005,8.7,0.038,0.47
4:471,4,471,Milenković,Nott'm Forest,DEF,5.5,0.789,68.8,0.0301,2.47,2026-09-14T14:46+00:00,1,,,,,,,,,,,,
4:286,4,286,Belloumi,Hull City,MID,5.0,0.966,80.6,0.0938,2.46,2026-09-14T14:46+00:00,1,1,59,2,0,13,2,0.23,2026-09-14T14:46+00:00,0.0012,21.6,0.8212,-10.54
4:282,4,282,Giles,Hull City,DEF,4.0,0.966,80.3,0.0089,2.45,2026-09-14T14:46+00:00,1,1,90,0,1,4,0,0.17,2026-09-14T14:46+00:00,0.0012,9.7,0.0001,-1.55
4:242,4,242,George,Everton,MID,5.5,0.97,80.8,0.0859,2.44,2026-09-14T14:46+00:00,1,1,64,0,0,3,0,0.20,2026-09-14T14:46+00:00,0.0009,16.8,0.0074,-0.56
4:579,4,579,Araujo,Liverpool,DEF,5.4,0.753,65.5,0.0,2.44,2026-09-14T14:46+00:00,1,1,71,0,0,6,0,0.00,2026-09-14T14:46+00:00,0.061,5.5,0.0,-3.56
4:605,4,605,Yalcouyé,Brighton,MID,4.5,0.731,64.6,0.3262,2.43,2026-09-14T14:46+00:00,1,1,64,1,0,8,0,0.68,2026-09-14T14:46+00:00,0.0724,0.6,0.454,-5.57
4:33,4,33,Mings,Aston Villa,DEF,4.5,0.787,67.4,0.0791,2.41,2026-09-14T14:46+00:00,1,0,65,0,0,0,0,0.09,2026-09-14T14:46+00:00,0.6194,2.4,0.0063,2.41
4:91,4,91,Pinnock,Coventry City,DEF,4.5,0.853,72.2,0.047,2.4,2026-09-14T14:46+00:00,1,1,90,0,0,2,0,0.01,2026-09-14T14:46+00:00,0.0216,17.8,0.0022,0.4
4:224,4,224,Nketiah,Crystal Palace,FWD,5.5,0.521,47.9,0.2695,2.39,2026-09-14T14:46+00:00,1,,,,,,,,,,,,
4:459,4,459,L.Miley,Newcastle,MID,5.5,0.874,74.6,0.0164,2.39,2026-09-14T14:46+00:00,1,,,,,,,,,,,,
4:31,4,31,Konsa,Arsenal,DEF,4.5,0.567,50.8,0.0,2.38,2026-09-14T14:46+00:00,1,1,90,0,0,6,0,0.00,2026-09-14T14:46+00:00,0.1875,39.2,0.0,-3.62
4:290,4,290,Slater,Hull City,MID,4.5,0.923,77.6,0.0171,2.36,2026-09-14T14:46+00:00,1,1,90,0,0,2,0,0.14,2026-09-14T14:46+00:00,0.0059,12.4,0.0003,0.36
4:483,4,483,Ndoye,Nott'm Forest,MID,5.5,0.761,66.8,0.2401,2.36,2026-09-14T14:46+00:00,1,1,74,0,0,1,0,0.95,2026-09-14T14:46+00:00,0.0571,7.2,0.0576,1.36
4:148,4,148,Hato,Chelsea,DEF,4.5,0.682,59.6,0.0,2.33,2026-09-14T14:46+00:00,1,1,45,0,0,0,0,0.10,2026-09-14T14:46+00:00,0.1011,14.6,0.0,2.33
4:244,4,244,Armstrong,Everton,MID,5.0,0.955,79.8,0.0176,2.32,2026-09-14T14:46+00:00,1,1,90,0,0,3,0,0.02,2026-09-14T14:46+00:00,0.002,10.2,0.0003,-0.68
4:304,4,304,O'Shea,Ipswich Town,DEF,4.0,0.934,78.1,0.0172,2.32,2026-09-14T14:46+00:00,1,1,90,0,0,1,0,0.08,2026-09-14T14:46+00:00,0.0044,11.9,0.0003,1.32
4:412,4,412,Lammens,Man Utd,GK,4.9,0.95,79.1,0.0,2.32,2026-09-14T14:46+00:00,1,1,90,0,0,2,0,0.00,2026-09-14T14:46+00:00,0.0025,10.9,0.0,0.32
4:330,4,330,Bogle,Leeds,DEF,4.5,0.753,64.6,0.2332,2.3,2026-09-14T14:46+00:00,1,,,,,,,,,,,,
4:432,4,432,Mainoo,Man Utd,MID,5.5,0.805,70.1,0.0604,2.3,2026-09-14T14:46+00:00,1,1,90,0,0,4,0,0.10,2026-09-14T14:46+00:00,0.038,19.9,0.0036,-1.7
4:264,4,264,Bobb,Fulham,MID,5.5,0.903,76.5,0.0893,2.29,2026-09-14T14:46+00:00,1,1,62,0,0,3,0,0.13,2026-09-14T14:46+00:00,0.0094,14.5,0.008,-0.71
4:565,4,565,M.Sangaré,Brentford,MID,5.7,0.777,68.3,0.087,2.27,2026-09-14T14:46+00:00,1,1,90,0,0,4,0,0.28,2026-09-14T14:46+00:00,0.0497,21.7,0.0076,-1.73
4:558,4,558,Schlager,Nott'm Forest,MID,5.0,0.866,74.1,0.0324,2.27,2026-09-14T14:46+00:00,1,1,90,0,0,3,0,0.08,2026-09-14T14:46+00:00,0.018,15.9,0.001,-0.73
4:250,4,250,Leno,Fulham,GK,4.5,0.961,79.9,0.0,2.26,2026-09-14T14:46+00:00,1,1,90,0,0,9,2,0.00,2026-09-14T14:46+00:00,0.0015,10.1,0.0,-6.74
4:455,4,455,Tonali,Spurs,MID,5.4,0.742,64.8,0.0354,2.26,2026-09-14T14:46+00:00,1,1,90,0,0,3,0,0.40,2026-09-14T14:46+00:00,0.0666,25.2,0.0013,-0.74
4:64,4,64,Smith,Bournemouth,DEF,4.5,0.938,78.7,0.0,2.24,2026-09-14T14:46+00:00,1,1,90,0,0,0,0,0.01,2026-09-14T14:46+00:00,0.0038,11.3,0.0,2.24
4:246,4,246,Röhl,Everton,MID,4.9,0.821,71.2,0.0,2.24,2026-09-14T14:46+00:00,1,,,,,,,,,,,,
4:305,4,305,Davis,Ipswich Town,DEF,4.0,0.934,78.1,0.2225,2.24,2026-09-14T14:46+00:00,1,1,90,1,2,14,1,0.71,2026-09-14T14:46+00:00,0.0044,11.9,0.6045,-11.76
4:315,4,315,Fatawu,Ipswich Town,MID,5.5,0.93,78.2,0.0087,2.23,2026-09-14T14:46+00:00,1,1,61,0,0,1,0,0.05,2026-09-14T14:46+00:00,0.0049,17.2,0.0001,1.23
4:519,4,519,Gallagher,Spurs,MID,5.4,0.709,62.3,0.0069,2.22,2026-09-14T14:46+00:00,1,,,,,,,,,,,,
4:7,4,7,Lewis-Skelly,Arsenal,MID,5.5,0.743,66.0,0.036,2.21,2026-09-14T14:46+00:00,1,1,45,0,0,1,0,0.00,2026-09-14T14:46+00:00,0.066,21.0,0.0013,1.21
4:184,4,184,Grimes,Coventry City,MID,4.9,1.0,82.8,0.0272,2.21,2026-09-14T14:46+00:00,1,1,83,0,0,2,0,0.07,2026-09-14T14:46+00:00,0.0,0.2,0.0007,0.21
4:569,4,569,Gonzalo,Fulham,FWD,6.0,0.974,81.1,0.3212,2.21,2026-09-14T14:46+00:00,1,1,76,0,0,2,0,0.23,2026-09-14T14:46+00:00,0.0007,5.1,0.1032,0.21
4:545,4,545,Sadiki,Sunderland,MID,4.9,0.93,78.2,0.0832,2.21,2026-09-14T14:46+00:00,1,1,90,0,0,2,0,0.04,2026-09-14T14:46+00:00,0.0049,11.8,0.0069,0.21
4:110,4,110,Rushworth,Coventry City,GK,4.5,0.902,75.4,0.0,2.18,2026-09-14T14:46+00:00,1,1,90,0,0,0,0,0.01,2026-09-14T14:46+00:00,0.0096,14.6,0.0,2.18
4:491,4,491,Igor Jesus,Nott'm Forest,FWD,5.8,0.566,54.7,0.23,2.18,2026-09-14T14:46+00:00,1,0,15,1,0,7,2,0.14,2026-09-14T14:46+00:00,0.3204,39.7,0.5929,-4.82
4:257,4,257,Bassey,Fulham,DEF,4.5,0.941,78.9,0.0174,2.15,2026-09-14T14:46+00:00,1,1,90,0,0,6,0,0.05,2026-09-14T14:46+00:00,0.0035,11.1,0.0003,-3.85
4:309,4,309,Núñez,Ipswich Town,MID,5.0,0.208,23.4,0.0052,2.14,2026-09-14T14:46+00:00,1,,,,,,,,,,,,
4:593,4,593,Dedić,Newcastle,DEF,4.5,0.762,66.5,0.0363,2.14,2026-09-14T14:46+00:00,1,,,,,,,,,,,,
4:173,4,173,Thomas,Coventry City,DEF,4.0,0.999,82.7,0.0961,2.13,2026-09-14T14:46+00:00,1,1,90,0,0,0,0,0.26,2026-09-14T14:46+00:00,0.0,7.3,0.0092,2.13
4:541,4,541,Meunier,Sunderland,DEF,4.5,0.929,77.9,0.0829,2.13,2026-09-14T14:46+00:00,1,1,75,0,0,2,0,0.13,2026-09-14T14:46+00:00,0.005,2.9,0.0069,0.13
4:562,4,562,Maeda,Ipswich Town,MID,5.4,0.842,72.3,0.1885,2.11,2026-09-14T14:46+00:00,1,0,27,0,0,1,0,0.00,2026-09-14T14:46+00:00,0.709,45.3,0.0355,1.11
4:564,4,564,Scherpen,Ipswich Town,GK,4.5,0.889,74.4,0.0,2.11,2026-09-14T14:46+00:00,1,1,90,0,0,1,0,0.00,2026-09-14T14:46+00:00,0.0123,15.6,0.0,1.11
4:88,4,88,Kayode,Brentford,DEF,4.6,0.773,66.7,0.1504,2.1,2026-09-14T14:46+00:00,1,0,19,0,0,1,0,0.15,2026-09-14T14:46+00:00,0.5975,47.7,0.0226,1.1
4:570,4,570,Palacios,Fulham,MID,5.4,0.785,68.7,0.2798,2.09,2026-09-14T14:46+00:00,1,,,,,,,,,,,,
4:405,4,405,N.Gonzalez,Newcastle,MID,5.5,0.819,71.0,0.0,2.09,2026-09-14T14:46+00:00,1,,,,,,,,,,,,
4:51,4,51,George Hemmings,Aston Villa,MID,4.5,0.811,69.8,0.0154,2.08,2026-09-14T14:46+00:00,1,1,45,0,0,1,0,0.01,2026-09-14T14:46+00:00,0.0357,24.8,0.0002,1.08
4:501,4,501,Danso,Sunderland,DEF,5.0,0.888,75.5,0.0,2.08,2026-09-14T14:46+00:00,1,1,90,0,0,1,0,0.08,2026-09-14T14:46+00:00,0.0125,14.5,0.0,1.08
4:418,4,418,Maguire,Man Utd,DEF,4.9,0.965,80.5,0.0437,2.07,2026-09-14T14:46+00:00,1,1,90,0,0,1,0,0.13,2026-09-14T14:46+00:00,0.0012,9.5,0.0019,1.07
4:460,4,460,Willock,Newcastle,MID,5.0,0.638,58.4,0.1661,2.07,2026-09-14T14:46+00:00,1,,,,,,,,,,,,
4:144,4,144,Gusto,Chelsea,DEF,5.0,0.512,48.8,0.0161,2.06,2026-09-14T14:46+00:00,1,1,77,0,0,1,0,0.11,2026-09-14T14:46+00:00,0.2381,28.2,0.0003,1.06
4:473,4,473,Aina,Nott'm Forest,DEF,4.5,0.763,65.4,0.0072,2.06,2026-09-14T14:46+00:00,1,1,90,0,0,2,0,0.01,2026-09-14T14:46+00:00,0.0562,24.6,0.0001,0.06
4:186,4,186,Mason-Clark,Coventry City,MID,5.4,0.816,70.3,0.1709,2.05,2026-09-14T14:46+00:00,1,1,59,0,0,1,0,0.50,2026-09-14T14:46+00:00,0.0339,11.3,0.0292,1.05
4:551,4,551,N.Angulo,Sunderland,MID,5.0,0.825,71.4,0.0389,2.05,2026-09-14T14:46+00:00,1,1,69,0,0,2,0,0.00,2026-09-14T14:46+00:00,0.0306,2.4,0.0015,0.05
4:183,4,183,Rudoni,Coventry City,MID,5.0,0.721,63.1,0.2066,2.04,2026-09-14T14:46+00:00,1,1,72,0,0,2,0,1.06,2026-09-14T14:46+00:00,0.0778,8.9,0.0427,0.04
4:598,4,598,Elvedi,Leeds,DEF,4.5,0.753,65.2,0.0,2.04,2026-09-14T14:46+00:00,1,,,,,,,,,,,,
4:576,4,576,Stroud,Hull City,MID,5.0,0.804,69.2,0.0153,2.01,2026-09-14T14:46+00:00,1,1,59,0,0,1,0,0.01,2026-09-14T14:46+00:00,0.0384,10.2,0.0002,1.01
4:258,4,258,Castagne,Fulham,DEF,4.5,0.923,77.6,0.1511,2.0,2026-09-14T14:46+00:00,1,1,71,0,0,6,0,0.01,2026-09-14T14:46+00:00,0.0059,6.6,0.0228,-4.0
4:306,4,306,Greaves,Ipswich Town,DEF,4.0,0.934,78.1,0.0,2.0,2026-09-14T14:46+00:00,1,1,87,0,0,1,0,0.01,2026-09-14T14:46+00:00,0.0044,8.9,0.0,1.0
4:161,4,161,Lavia,Chelsea,MID,5.0,0.606,55.7,0.1486,1.98,2026-09-14T14:46+00:00,1,1,68,0,0,2,0,0.07,2026-09-14T14:46+00:00,0.1552,12.3,0.0221,-0.02
4:190,4,190,Tchaouna,Coventry City,MID,5.4,0.53,50.6,0.0547,1.98,2026-09-14T14:46+00:00,1,,,,,,,,,,,,
4:95,4,95,O.Dango,Brentford,MID,6.4,0.657,60.6,0.0331,1.97,2026-09-14T14:46+00:00,1,0,30,0,0,1,0,0.03,2026-09-14T14:46+00:00,0.4316,30.6,0.0011,0.97
4:176,4,176,Dasilva,Coventry City,DEF,4.0,0.984,81.6,0.0443,1.97,2026-09-14T14:46+00:00,1,1,90,0,0,0,0,0.33,2026-09-14T14:46+00:00,0.0003,8.4,0.002,1.97
4:254,4,254,Robinson,Fulham,DEF,4.5,0.888,75.1,0.0567,1.95,2026-09-14T14:46+00:00,1,1,90,0,0,6,0,0.10,2026-09-14T14:46+00:00,0.0125,14.9,0.0032,-4.05
4:316,4,316,Emersonn,Ipswich Town,FWD,5.5,0.78,67.8,0.3442,1.95,2026-09-14T14:46+00:00,1,1,62,1,1,12,3,0.49,2026-09-14T14:46+00:00,0.0484,5.8,0.4301,-10.05
4:167,4,167,Delap,Nott'm Forest,FWD,5.5,0.508,48.1,0.1794,1.94,2026-09-14T14:46+00:00,1,1,90,1,0,5,0,0.71,2026-09-14T14:46+00:00,0.2421,41.9,0.6734,-3.06
4:474,4,474,Jair Cunha,Nott'm Forest,DEF,4.5,0.739,64.4,0.0071,1.94,2026-09-14T14:46+00:00,1,,,,,,,,,,,,
4:199,4,199,Benitez,Crystal Palace,GK,4.5,0.607,50.6,0.0,1.92,2026-09-14T14:46+00:00,1,1,90,0,0,2,0,0.00,2026-09-14T14:46+00:00,0.1544,39.4,0.0,-0.08
4:589,4,589,Gourna-Douath,Hull City,MID,5.0,0.735,64.6,0.0,1.92,2026-09-14T14:46+00:00,1,,,,,,,,,,,,
4:155,4,155,Enzo,Man City,MID,6.9,0.592,56.4,0.0897,1.92,2026-09-14T14:46+00:00,1,1,81,0,0,2,0,0.31,2026-09-14T14:46+00:00,0.1665,24.6,0.008,-0.08
4:253,4,253,Andersen,Fulham,DEF,5.0,0.924,77.8,0.0,1.91,2026-09-14T14:46+00:00,1,,,,,,,,,,,,
4:73,4,73,Adams,Bournemouth,MID,5.0,0.511,50.7,0.0056,1.88,2026-09-14T14:46+00:00,1,1,81,0,0,2,0,0.05,2026-09-14T14:46+00:00,0.2391,30.3,0.0,-0.12
4:419,4,419,Martinez,Man Utd,DEF,5.0,0.921,77.5,0.0171,1.85,2026-09-14T14:46+00:00,1,1,90,0,0,2,0,0.11,2026-09-14T14:46+00:00,0.0062,12.5,0.0003,-0.15
4:175,4,175,van Ewijk,Coventry City,DEF,4.0,1.0,82.8,0.0,1.83,2026-09-14T14:46+00:00,1,1,90,0,0,0,0,0.04,2026-09-14T14:46+00:00,0.0,7.2,0.0,1.83
4:644,4,644,Timber,Crystal Palace,MID,5.0,0.605,55.3,0.0421,1.82,2026-09-14T14:46+00:00,1,1,90,0,0,4,0,0.13,2026-09-14T14:46+00:00,0.156,34.7,0.0018,-2.18
4:182,4,182,Amenda,Coventry City,DEF,4.0,1.0,82.8,0.0,1.81,2026-09-14T14:46+00:00,1,1,90,0,0,0,0,0.00,2026-09-14T14:46+00:00,0.0,7.2,0.0,1.81
4:280,4,280,Coyle,Hull City,DEF,4.0,0.706,60.2,0.0329,1.81,2026-09-14T14:46+00:00,1,1,81,0,0,1,0,0.14,2026-09-14T14:46+00:00,0.0864,20.8,0.0011,0.81
4:337,4,337,Aaronson,Leeds,MID,5.4,0.428,43.9,0.0049,1.78,2026-09-14T14:46+00:00,1,,,,,,,,,,,,
4:417,4,417,Dalot,Man Utd,DEF,4.9,0.837,71.4,0.0465,1.78,2026-09-14T14:46+00:00,1,1,90,0,0,2,0,0.07,2026-09-14T14:46+00:00,0.0266,18.6,0.0022,-0.22
4:345,4,345,Tanaka,Leeds,MID,4.9,0.476,45.2,0.1861,1.73,2026-09-14T14:46+00:00,1,,,,,,,,,,,,
4:403,4,403,Sávio,Spurs,MID,6.5,0.573,52.5,0.04,1.72,2026-09-14T14:46+00:00,1,1,90,0,0,3,0,0.36,2026-09-14T14:46+00:00,0.1823,37.5,0.0016,-1.28
4:619,4,619,Palacios,Ipswich Town,MID,5.0,0.59,53.9,0.0,1.7,2026-09-14T14:46+00:00,1,1,90,0,0,4,0,0.04,2026-09-14T14:46+00:00,0.1681,36.1,0.0,-2.3
4:580,4,580,Charles,Fulham,MID,5.0,0.561,52.4,0.023,1.65,2026-09-14T14:46+00:00,1,1,90,0,0,5,0,0.02,2026-09-14T14:46+00:00,0.1927,37.6,0.0005,-3.35
4:327,4,327,Bijol,Leeds,DEF,5.0,0.531,49.3,0.0323,1.65,2026-09-14T14:46+00:00,1,,,,,,,,,,,,
4:238,4,238,Grealish,Everton,MID,6.5,0.24,33.7,0.0112,1.63,2026-09-14T14:46+00:00,1,0,25,0,0,1,0,0.01,2026-09-14T14:46+00:00,0.0576,8.7,0.0001,0.63
4:331,4,331,Gudmundsson,Leeds,DEF,4.5,0.656,57.5,0.0,1.61,2026-09-14T14:46+00:00,1,,,,,,,,,,,,
4:423,4,423,Shaw,Man Utd,DEF,4.4,0.684,60.1,0.0067,1.57,2026-09-14T14:46+00:00,1,,,,,,,,,,,,
4:512,4,512,Kudus,Spurs,MID,6.5,0.294,32.9,0.0181,1.57,2026-09-14T14:46+00:00,1,0,27,0,0,1,0,0.05,2026-09-14T14:46+00:00,0.0864,5.9,0.0003,0.57
4:387,4,387,O'Reilly,Man City,DEF,6.4,0.341,35.7,0.0196,1.56,2026-09-14T14:46+00:00,1,0,8,0,0,1,0,0.00,2026-09-14T14:46+00:00,0.1163,27.7,0.0004,0.56
4:104,4,104,Onyeka,Coventry City,MID,4.9,0.579,52.2,0.0058,1.55,2026-09-14T14:46+00:00,1,1,72,0,0,2,0,0.04,2026-09-14T14:46+00:00,0.1772,19.8,0.0,-0.45
4:502,4,502,Robertson,Spurs,DEF,4.4,0.432,39.5,0.0174,1.54,2026-09-14T14:46+00:00,1,1,90,0,0,7,1,0.16,2026-09-14T14:46+00:00,0.3226,50.5,0.0003,-5.46
4:93,4,93,Schuster,Brentford,DEF,4.5,0.472,46.9,0.0308,1.5,2026-09-14T14:46+00:00,1,1,90,0,0,3,0,0.01,2026-09-14T14:46+00:00,0.2788,43.1,0.0009,-1.5
4:534,4,534,Hume,Sunderland,DEF,4.4,0.446,42.8,0.0095,1.45,2026-09-14T14:46+00:00,1,,,,,,,,,,,,
4:586,4,586,Mendy,Hull City,DEF,4.1,0.435,38.5,0.05,1.41,2026-09-14T14:46+00:00,1,1,58,0,0,1,0,0.00,2026-09-14T14:46+00:00,0.3192,19.5,0.0025,0.41
4:553,4,553,Isidor,Sunderland,FWD,5.5,0.217,29.5,0.3701,1.41,2026-09-14T14:46+00:00,1,0,20,0,0,1,0,0.00,2026-09-14T14:46+00:00,0.0471,9.5,0.137,0.41
4:371,4,371,Gravenberch,Liverpool,MID,5.9,0.258,29.8,0.0164,1.38,2026-09-14T14:46+00:00,1,1,59,0,0,1,0,0.05,2026-09-14T14:46+00:00,0.5506,29.2,0.0003,0.38
4:490,4,490,Wood,Nott'm Forest,FWD,5.8,0.145,19.7,0.0512,1.33,2026-09-14T14:46+00:00,1,0,1,0,0,1,0,0.00,2026-09-14T14:46+00:00,0.021,18.7,0.0026,0.33
4:457,4,457,J.Murphy,Newcastle,MID,5.9,0.162,24.1,0.0,1.31,2026-09-14T14:46+00:00,1,,,,,,,,,,,,
4:555,4,555,Matthews,Crystal Palace,GK,4.0,0.393,32.9,0.0,1.25,2026-09-14T14:46+00:00,1,,,,,,,,,,,,
4:575,4,575,Yirenkyi,Coventry City,MID,4.9,0.39,38.9,0.0086,1.24,2026-09-14T14:46+00:00,1,0,17,0,0,1,0,0.01,2026-09-14T14:46+00:00,0.1521,21.9,0.0001,0.24
4:265,4,265,Berge,Fulham,MID,4.9,0.345,36.6,0.0041,1.24,2026-09-14T14:46+00:00,1,1,90,0,0,3,0,0.01,2026-09-14T14:46+00:00,0.429,53.4,0.0,-1.76
4:247,4,247,Hackney,Everton,MID,5.5,0.216,30.5,0.0101,1.22,2026-09-14T14:46+00:00,1,0,15,0,0,1,0,0.02,2026-09-14T14:46+00:00,0.0467,15.5,0.0001,0.22
4:102,4,102,Yarmoliuk,Brentford,MID,4.9,0.224,29.7,0.0131,1.2,2026-09-14T14:46+00:00,1,1,59,0,1,4,0,0.21,2026-09-14T14:46+00:00,0.6022,29.3,0.0002,-2.8
4:262,4,262,Smith Rowe,Fulham,MID,5.4,0.127,17.9,0.0275,1.2,2026-09-14T14:46+00:00,1,0,13,0,0,1,0,0.00,2026-09-14T14:46+00:00,0.0161,4.9,0.0008,0.2
4:71,4,71,Cook,Bournemouth,MID,5.0,0.25,31.2,0.0,1.18,2026-09-14T14:46+00:00,1,0,8,0,0,0,0,0.00,2026-09-14T14:46+00:00,0.0625,23.2,0.0,1.18
4:627,4,627,Barcola,Liverpool,MID,8.0,0.234,29.8,0.061,1.18,2026-09-14T14:46+00:00,1,1,71,0,0,3,0,0.24,2026-09-14T14:46+00:00,0.5868,41.2,0.0037,-1.82
4:241,4,241,McNeil,Crystal Palace,MID,5.4,0.177,22.6,0.0125,1.16,2026-09-14T14:46+00:00,1,,,,,,,,,,,,
4:201,4,201,Muñoz,Nott'm Forest,DEF,5.4,0.342,34.4,0.0911,1.16,2026-09-14T14:46+00:00,1,1,90,0,0,2,0,0.40,2026-09-14T14:46+00:00,0.433,55.6,0.0083,-0.84
4:506,4,506,Udogie,Spurs,DEF,4.5,0.359,32.1,0.0,1.14,2026-09-14T14:46+00:00,1,,,,,,,,,,,,
4:357,4,357,Frimpong,Liverpool,DEF,5.4,0.288,28.5,0.0032,1.11,2026-09-14T14:46+00:00,1,0,18,0,0,1,0,0.12,2026-09-14T14:46+00:00,0.0829,10.5,0.0,0.11
4:642,4,642,Thomas,Hull City,MID,5.5,0.259,30.0,0.01,1.08,2026-09-14T14:46+00:00,1,0,30,0,0,1,0,0.05,2026-09-14T14:46+00:00,0.0671,0.0,0.0001,0.08
4:14,4,14,Eze,Arsenal,MID,6.3,0.096,15.5,0.0086,1.07,2026-09-14T14:46+00:00,1,0,9,0,0,1,0,0.00,2026-09-14T14:46+00:00,0.0092,6.5,0.0001,0.07
4:525,4,525,Fernandes,Spurs,MID,5.8,0.273,29.7,0.0164,1.07,2026-09-14T14:46+00:00,1,1,62,0,0,3,0,0.14,2026-09-14T14:46+00:00,0.5285,32.3,0.0003,-1.93
4:439,4,439,Šeško,Man Utd,FWD,7.0,0.18,23.3,0.1123,1.06,2026-09-14T14:46+00:00,1,0,23,0,0,1,0,0.06,2026-09-14T14:46+00:00,0.0324,0.3,0.0126,0.06
4:25,4,25,Gyökeres,Arsenal,FWD,7.2,0.1,16.4,0.0,1.0,2026-09-14T14:46+00:00,1,,,,,,,,,,,,
4:149,4,149,Colwill,Chelsea,DEF,4.9,0.23,24.1,0.0,0.99,2026-09-14T14:46+00:00,1,1,90,0,0,1,0,0.01,2026-09-14T14:46+00:00,0.5929,65.9,0.0,-0.01
4:646,4,646,Fofana,Sunderland,MID,5.5,0.174,25.2,0.0,0.99,2026-09-14T14:46+00:00,1,0,14,0,0,1,0,0.00,2026-09-14T14:46+00:00,0.0303,11.2,0.0,-0.01
4:634,4,634,Fernandez-Pardo,Newcastle,FWD,6.0,0.188,26.7,0.0,0.98,2026-09-14T14:46+00:00,1,,,,,,,,,,,,
4:415,4,415,Dorgu,Man Utd,MID,5.8,0.189,23.1,0.0859,0.97,2026-09-14T14:46+00:00,1,1,90,0,0,4,0,0.03,2026-09-14T14:46+00:00,0.6577,66.9,0.0074,-3.03
4:583,4,583,Chavarria,Chelsea,DEF,4.9,0.199,22.5,0.0,0.93,2026-09-14T14:46+00:00,1,0,45,0,0,1,0,0.01,2026-09-14T14:46+00:00,0.0396,22.5,0.0,-0.07
4:90,4,90,Hickey,Brentford,DEF,4.5,0.262,28.5,0.0063,0.92,2026-09-14T14:46+00:00,1,1,70,0,0,1,0,0.06,2026-09-14T14:46+00:00,0.5446,41.5,0.0,-0.08
4:36,4,36,Maatsen,Aston Villa,DEF,4.5,0.249,23.2,0.0204,0.91,2026-09-14T14:46+00:00,1,1,90,0,0,1,0,0.21,2026-09-14T14:46+00:00,0.564,66.8,0.0004,-0.09
4:81,4,81,Rodríguez,Bournemouth,FWD,6.0,0.083,15.4,0.0,0.91,2026-09-14T14:46+00:00,1,0,1,0,0,1,0,0.00,2026-09-14T14:46+00:00,0.0069,14.4,0.0,-0.09
4:42,4,42,Guessand,Crystal Palace,MID,5.5,0.154,21.1,0.0117,0.91,2026-09-14T14:46+00:00,1,,,,,,,,,,,,
4:313,4,313,Clarke,Ipswich Town,MID,5.4,0.195,24.1,0.0673,0.89,2026-09-14T14:46+00:00,1,1,62,0,0,1,0,0.17,2026-09-14T14:46+00:00,0.648,37.9,0.0045,-0.11
4:456,4,456,J.Ramsey,Newcastle,MID,4.9,0.127,18.5,0.0442,0.89,2026-09-14T14:46+00:00,1,,,,,,,,,,,,
4:594,4,594,David,Brighton,FWD,6.0,0.161,23.0,0.3424,0.88,2026-09-14T14:46+00:00,1,,,,,,,,,,,,
4:347,4,347,Nmecha,Leeds,FWD,5.4,0.131,17.9,0.1195,0.87,2026-09-14T14:46+00:00,1,,,,,,,,,,,,
4:498,4,498,Senesi,Spurs,DEF,5.8,0.222,22.7,0.0,0.85,2026-09-14T14:46+00:00,1,,,,,,,,,,,,
4:271,4,271,Muniz,Fulham,FWD,5.4,0.084,12.7,0.1664,0.83,2026-09-14T14:46+00:00,1,0,13,0,0,1,0,0.00,2026-09-14T14:46+00:00,0.0071,0.3,0.0277,-0.17
4:160,4,160,Garnacho,Aston Villa,MID,5.8,0.16,21.2,0.0,0.82,2026-09-14T14:46+00:00,1,,,,,,,,,,,,
4:482,4,482,Hudson-Odoi,Nott'm Forest,MID,5.8,0.097,14.5,0.0,0.82,2026-09-14T14:46+00:00,1,,,,,,,,,,,,
4:515,4,515,Maddison,Spurs,MID,6.3,0.113,15.3,0.0,0.81,2026-09-14T14:46+00:00,1,0,13,0,0,1,0,0.01,2026-09-14T14:46+00:00,0.0128,2.3,0.0,-0.19
4:549,4,549,Talbi,Sunderland,MID,5.3,0.099,16.2,0.0,0.79,2026-09-14T14:46+00:00,1,,,,,,,,,,,,
4:17,4,17,Merino,Arsenal,MID,5.8,0.101,15.5,0.0421,0.78,2026-09-14T14:46+00:00,1,0,5,0,0,1,0,0.00,2026-09-14T14:46+00:00,0.0102,10.5,0.0018,-0.22
4:108,4,108,Wilson,Brentford,FWD,5.5,0.079,13.3,0.0685,0.78,2026-09-14T14:46+00:00,1,,,,,,,,,,,,
4:640,4,640,Flemming,Ipswich Town,FWD,5.5,0.172,21.7,0.2047,0.78,2026-09-14T14:46+00:00,1,0,27,1,0,5,0,0.52,2026-09-14T14:46+00:00,0.0296,5.3,0.6325,-4.22
4:157,4,157,Estêvão,Chelsea,MID,6.3,0.106,16.9,0.0583,0.77,2026-09-14T14:46+00:00,1,0,4,0,0,1,0,0.10,2026-09-14T14:46+00:00,0.0112,12.9,0.0034,-0.23
4:5,4,5,J.Timber,Arsenal,DEF,6.5,0.108,13.7,0.0,0.76,2026-09-14T14:46+00:00,1,0,45,0,0,1,0,0.01,2026-09-14T14:46+00:00,0.0117,31.3,0.0,-0.24
4:34,4,34,Pau,Aston Villa,DEF,4.5,0.221,21.7,0.0,0.76,2026-09-14T14:46+00:00,1,1,24,0,0,1,0,0.00,2026-09-14T14:46+00:00,0.6068,2.3,0.0,-0.24
4:194,4,194,Thomas-Asante,Coventry City,FWD,5.0,0.201,22.9,0.035,0.76,2026-09-14T14:46+00:00,1,0,17,0,0,1,0,0.24,2026-09-14T14:46+00:00,0.0404,5.9,0.0012,-0.24
4:136,4,136,Welbeck,Chelsea,FWD,5.9,0.073,12.1,0.0,0.75,2026-09-14T14:46+00:00,1,0,12,0,0,1,0,0.06,2026-09-14T14:46+00:00,0.0053,0.1,0.0,-0.25
4:16,4,16,Madueke,Arsenal,MID,6.3,0.076,12.9,0.0,0.74,2026-09-14T14:46+00:00,1,,,,,,,,,,,,
4:577,4,577,Tomiyasu,Crystal Palace,DEF,4.5,0.182,18.7,0.0,0.72,2026-09-14T14:46+00:00,1,0,53,0,0,0,0,0.01,2026-09-14T14:46+00:00,0.0331,34.3,0.0,0.72
4:19,4,19,Zubimendi,Arsenal,MID,5.3,0.089,13.8,0.0182,0.71,2026-09-14T14:46+00:00,1,0,9,0,0,1,0,0.00,2026-09-14T14:46+00:00,0.0079,4.8,0.0003,-0.29
4:522,4,522,Gray,Spurs,MID,4.9,0.162,18.1,0.006,0.71,2026-09-14T14:46+00:00,1,1,84,0,0,3,0,0.12,2026-09-14T14:46+00:00,0.7022,65.9,0.0,-2.29
4:452,4,452,Bruno G.,Arsenal,MID,6.7,0.098,16.0,0.0228,0.7,2026-09-14T14:46+00:00,1,0,45,1,0,7,1,0.23,2026-09-14T14:46+00:00,0.0096,29.0,0.9549,-6.3
4:74,4,74,Brooks,Bournemouth,MID,5.0,0.085,14.7,0.0,0.7,2026-09-14T14:46+00:00,1,0,7,0,0,0,0,0.00,2026-09-14T14:46+00:00,0.0072,7.7,0.0,0.7
4:9,4,9,Hincapie,Arsenal,DEF,5.3,0.114,13.8,0.0,0.69,2026-09-14T14:46+00:00,1,,,,,,,,,,,,
4:647,4,647,Osorio,Crystal Palace,MID,5.5,0.119,17.2,0.0,0.69,2026-09-14T14:46+00:00,1,,,,,,,,,,,,
4:631,4,631,Mbaye,Aston Villa,MID,6.0,0.114,16.4,0.0127,0.67,2026-09-14T14:46+00:00,1,0,27,0,0,1,0,0.15,2026-09-14T14:46+00:00,0.013,10.6,0.0002,-0.33
4:126,4,126,O'Riley,Brighton,MID,5.5,0.084,13.4,0.0,0.67,2026-09-14T14:46+00:00,1,0,6,0,0,1,0,0.01,2026-09-14T14:46+00:00,0.0071,7.4,0.0,-0.33
4:195,4,195,Simms,Coventry City,FWD,5.0,0.166,19.5,0.065,0.67,2026-09-14T14:46+00:00,1,,,,,,,,,,,,
4:172,4,172,Wilson,Coventry City,GK,4.5,0.063,6.0,0.0,0.66,2026-09-14T14:46+00:00,1,,,,,,,,,,,,
4:584,4,584,Hamer,Coventry City,MID,5.4,0.137,17.8,0.0,0.66,2026-09-14T14:46+00:00,1,,,,,,,,,,,,
4:369,4,369,Ngumoha,Liverpool,MID,5.8,0.113,15.2,0.0234,0.66,2026-09-14T14:46+00:00,1,0,18,0,0,1,0,0.11,2026-09-14T14:46+00:00,0.0128,2.8,0.0005,-0.34
4:526,4,526,Solanke,Spurs,FWD,5.9,0.099,13.3,0.0546,0.66,2026-09-14T14:46+00:00,1,1,62,0,0,2,0,0.01,2026-09-14T14:46+00:00,0.8118,48.7,0.003,-1.34
4:462,4,462,Steur,Newcastle,MID,4.9,0.117,16.6,0.0,0.65,2026-09-14T14:46+00:00,1,,,,,,,,,,,,
4:318,4,318,Philogene,Ipswich Town,MID,5.4,0.091,13.1,0.0087,0.64,2026-09-14T14:46+00:00,1,0,28,0,0,1,0,0.01,2026-09-14T14:46+00:00,0.0083,14.9,0.0001,-0.36
4:461,4,461,Touré,Newcastle,MID,5.8,0.091,15.3,0.0,0.64,2026-09-14T14:46+00:00,1,,,,,,,,,,,,
4:188,4,188,Torp,Coventry City,MID,5.4,0.128,16.9,0.0,0.63,2026-09-14T14:46+00:00,1,0,6,0,0,1,0,0.00,2026-09-14T14:46+00:00,0.0164,10.9,0.0,-0.37
4:328,4,328,Struijk,Brighton,DEF,5.0,0.104,12.4,0.0,0.62,2026-09-14T14:46+00:00,1,0,12,0,0,1,0,0.01,2026-09-14T14:46+00:00,0.0108,0.4,0.0,-0.38
4:616,4,616,Bouaddi,Man City,MID,5.5,0.085,14.5,0.0,0.62,2026-09-14T14:46+00:00,1,,,,,,,,,,,,
4:54,4,54,Gomes,Aston Villa,MID,5.5,0.118,15.7,0.0,0.61,2026-09-14T14:46+00:00,1,,,,,,,,,,,,
4:617,4,617,Cho,Hull City,MID,5.0,0.11,14.6,0.1552,0.61,2026-09-14T14:46+00:00,1,0,30,0,0,1,0,0.63,2026-09-14T14:46+00:00,0.0121,15.4,0.0241,-0.39
4:52,4,52,Alysson,Aston Villa,MID,5.0,0.111,15.1,0.01,0.6,2026-09-14T14:46+00:00,1,0,45,1,0,6,0,0.06,2026-09-14T14:46+00:00,0.0123,29.9,0.9801,-5.4
4:53,4,53,Manzambi,Aston Villa,MID,5.9,0.102,14.9,0.0,0.6,2026-09-14T14:46+00:00,1,0,27,0,0,1,0,0.08,2026-09-14T14:46+00:00,0.0104,12.1,0.0,-0.4
4:655,4,655,Gboho,Coventry City,MID,5.5,0.12,16.1,0.0,0.6,2026-09-14T14:46+00:00,1,,,,,,,,,,,,
4:643,4,643,Chilwell,Crystal Palace,DEF,4.5,0.131,14.3,0.1249,0.6,2026-09-14T14:46+00:00,1,0,13,0,0,1,0,0.13,2026-09-14T14:46+00:00,0.0172,1.3,0.0156,-0.4
4:639,4,639,Andrés,Brighton,MID,5.5,0.084,13.4,0.1202,0.59,2026-09-14T14:46+00:00,1,0,25,0,1,4,0,0.25,2026-09-14T14:46+00:00,0.0071,11.6,0.0144,-3.41
4:120,4,120,Svoboda,Brighton,DEF,5.0,0.101,12.1,0.0,0.58,2026-09-14T14:46+00:00,1,,,,,,,,,,,,
4:11,4,11,Mosquera,Arsenal,DEF,5.4,0.112,12.1,0.0,0.57,2026-09-14T14:46+00:00,1,,,,,,,,,,,,
4:119,4,119,Costinha,Brighton,DEF,4.5,0.1,11.5,0.0252,0.57,2026-09-14T14:46+00:00,1,0,6,0,0,1,0,0.00,2026-09-14T14:46+00:00,0.01,5.5,0.0006,-0.43
4:245,4,245,Dibling,Everton,MID,5.4,0.063,12.4,0.0,0.57,2026-09-14T14:46+00:00,1,,,,,,,,,,,,
4:263,4,263,Kevin,Fulham,MID,5.3,0.081,12.5,0.0083,0.56,2026-09-14T14:46+00:00,1,0,18,0,0,1,0,0.10,2026-09-14T14:46+00:00,0.0066,5.5,0.0001,-0.44
4:389,4,389,Matheus N.,Man City,DEF,5.9,0.106,13.8,0.0,0.56,2026-09-14T14:46+00:00,1,1,90,0,0,9,1,0.01,2026-09-14T14:46+00:00,0.7992,76.2,0.0,-8.44
4:596,4,596,Ruggeri,Aston Villa,DEF,4.5,0.135,14.7,0.0,0.55,2026-09-14T14:46+00:00,1,,,,,,,,,,,,
4:75,4,75,Christie,Bournemouth,MID,5.0,0.055,10.4,0.0,0.53,2026-09-14T14:46+00:00,1,0,24,0,0,1,0,0.12,2026-09-14T14:46+00:00,0.003,13.6,0.0,-0.47
4:406,4,406,Kovačić,Man City,MID,5.4,0.062,11.3,0.0,0.53,2026-09-14T14:46+00:00,1,,,,,,,,,,,,
4:595,4,595,Gozo,Crystal Palace,MID,5.0,0.088,12.9,0.0,0.52,2026-09-14T14:46+00:00,1,0,6,0,0,1,0,0.00,2026-09-14T14:46+00:00,0.0077,6.9,0.0,-0.48
4:340,4,340,Gelhardt,Hull City,MID,5.0,0.082,11.5,0.0,0.52,2026-09-14T14:46+00:00,1,,,,,,,,,,,,
4:158,4,158,Gittens,Chelsea,MID,5.9,0.069,11.8,0.0,0.51,2026-09-14T14:46+00:00,1,,,,,,,,,,,,
4:231,4,231,Keane,Everton,DEF,4.8,0.076,10.3,0.0,0.51,2026-09-14T14:46+00:00,1,,,,,,,,,,,,
4:446,4,446,Schär,Newcastle,DEF,5.0,0.096,11.9,0.0,0.51,2026-09-14T14:46+00:00,1,,,,,,,,,,,,
4:535,4,535,Alderete,Sunderland,DEF,4.9,0.117,14.3,0.0,0.51,2026-09-14T14:46+00:00,1,,,,,,,,,,,,
4:585,4,585,Herrington,Hull City,DEF,4.0,0.146,15.0,0.0,0.5,2026-09-14T14:46+00:00,1,0,31,0,0,1,0,0.01,2026-09-14T14:46+00:00,0.0213,16.0,0.0,-0.5
4:628,4,628,Allan,Man City,MID,6.0,0.061,11.4,0.0,0.5,2026-09-14T14:46+00:00,1,,,,,,,,,,,,
4:488,4,488,I.Sangaré,Nott'm Forest,MID,4.9,0.083,11.7,0.0103,0.5,2026-09-14T14:46+00:00,1,0,8,0,0,1,0,0.07,2026-09-14T14:46+00:00,0.0069,3.7,0.0001,-0.5
4:550,4,550,Jocelin.T,Sunderland,MID,5.0,0.072,12.0,0.0,0.5,2026-09-14T14:46+00:00,1,,,,,,,,,,,,
4:232,4,232,O'Brien,Everton,DEF,4.9,0.086,11.5,0.0,0.49,2026-09-14T14:46+00:00,1,0,15,0,0,1,0,0.00,2026-09-14T14:46+00:00,0.0074,3.5,0.0,-0.51
4:56,4,56,Abraham,Aston Villa,FWD,5.5,0.08,11.7,0.0,0.48,2026-09-14T14:46+00:00,1,0,45,0,0,1,0,0.00,2026-09-14T14:46+00:00,0.0064,33.3,0.0,-0.52
4:520,4,520,Bergvall,Spurs,MID,5.4,0.09,11.6,0.0103,0.48,2026-09-14T14:46+00:00,1,0,27,0,0,1,0,0.31,2026-09-14T14:46+00:00,0.0081,15.4,0.0001,-0.52
4:568,4,568,Barco,Chelsea,MID,5.5,0.064,10.8,0.0143,0.47,2026-09-14T14:46+00:00,1,0,21,0,0,0,0,0.09,2026-09-14T14:46+00:00,0.0041,10.2,0.0002,0.47
4:635,4,635,Larsson,Fulham,MID,5.0,0.078,11.8,0.0622,0.47,2026-09-14T14:46+00:00,1,0,13,0,0,1,0,0.01,2026-09-14T14:46+00:00,0.0061,1.2,0.0039,-0.53
4:548,4,548,Rigg,Sunderland,MID,4.9,0.062,10.6,0.0,0.47,2026-09-14T14:46+00:00,1,,,,,,,,,,,,
4:76,4,76,Tóth.A,Bournemouth,MID,5.0,0.056,10.5,0.0,0.46,2026-09-14T14:46+00:00,1,,,,,,,,,,,,
4:100,4,100,Carvalho,Brentford,MID,5.0,0.056,10.0,0.0,0.46,2026-09-14T14:46+00:00,1,,,,,,,,,,,,
4:600,4,600,Osman,Brighton,MID,5.0,0.067,10.6,0.0129,0.46,2026-09-14T14:46+00:00,1,0,12,0,0,1,0,0.06,2026-09-14T14:46+00:00,0.0045,1.4,0.0002,-0.54
4:240,4,240,Iroegbunam,Hull City,MID,5.0,0.085,11.8,0.0,0.46,2026-09-14T14:46+00:00,1,0,21,0,0,0,0,0.00,2026-09-14T14:46+00:00,0.0072,9.2,0.0,0.46
4:638,4,638,Norton-Cuffy,Hull City,DEF,4.0,0.133,13.7,0.0196,0.46,2026-09-14T14:46+00:00,1,0,8,0,0,0,0,0.05,2026-09-14T14:46+00:00,0.0177,5.7,0.0004,0.46
4:162,4,162,Andrey Santos,Man Utd,MID,4.8,0.085,11.7,0.0,0.46,2026-09-14T14:46+00:00,1,,,,,,,,,,,,
4:611,4,611,Wan-Bissaka,Aston Villa,DEF,4.5,0.105,11.7,0.0,0.45,2026-09-14T14:46+00:00,1,1,90,0,0,3,0,0.06,2026-09-14T14:46+00:00,0.801,78.3,0.0,-2.55
4:645,4,645,Mouzakitis,Hull City,MID,5.0,0.082,11.5,0.0,0.45,2026-09-14T14:46+00:00,1,,,,,,,,,,,,
4:581,4,581,Diomande,Nott'm Forest,DEF,5.4,0.106,12.6,0.0153,0.45,2026-09-14T14:46+00:00,1,1,90,0,0,4,0,0.11,2026-09-14T14:46+00:00,0.7992,77.4,0.0002,-3.55
4:125,4,125,Georginio,Brighton,FWD,5.4,0.076,11.1,0.0098,0.44,2026-09-14T14:46+00:00,1,,,,,,,,,,,,
4:652,4,652,Azeez,Brighton,MID,5.5,0.063,10.2,0.0,0.44,2026-09-14T14:46+00:00,1,,,,,,,,,,,,
4:212,4,212,Hughes,Crystal Palace,MID,4.5,0.075,10.6,0.0,0.44,2026-09-14T14:46+00:00,1,0,13,0,0,1,0,0.04,2026-09-14T14:46+00:00,0.0056,2.4,0.0,-0.56
4:320,4,320,Akpom,Ipswich Town,FWD,5.0,0.079,11.1,0.145,0.44,2026-09-14T14:46+00:00,1,,,,,,,,,,,,
4:243,4,243,Alcaraz,Everton,MID,4.9,0.047,9.2,0.0879,0.43,2026-09-14T14:46+00:00,1,,,,,,,,,,,,
4:649,4,649,Maitland-Niles,Everton,DEF,4.5,0.086,11.2,0.0074,0.43,2026-09-14T14:46+00:00,1,1,74,0,0,6,0,0.17,2026-09-14T14:46+00:00,0.8354,62.8,0.0001,-5.57
4:574,4,574,Hjertø-Dahl,Hull City,MID,4.9,0.078,11.0,0.0,0.43,2026-09-14T14:46+00:00,1,,,,,,,,,,,,
4:185,4,185,Sakamoto,Coventry City,MID,4.9,0.078,10.8,0.0072,0.42,2026-09-14T14:46+00:00,1,,,,,,,,,,,,
4:269,4,269,Sessegnon,Fulham,DEF,4.4,0.068,7.8,0.0197,0.42,2026-09-14T14:46+00:00,1,,,,,,,,,,,,
4:430,4,430,Mount,Man Utd,MID,5.4,0.059,9.1,0.0,0.42,2026-09-14T14:46+00:00,1,,,,,,,,,,,,
4:62,4,62,Diakité,Bournemouth,DEF,5.0,0.084,11.3,0.0,0.41,2026-09-14T14:46+00:00,1,,,,,,,,,,,,
4:213,4,213,Lerma,Crystal Palace,MID,4.9,0.059,9.2,0.0,0.41,2026-09-14T14:46+00:00,1,0,6,0,0,1,0,0.00,2026-09-14T14:46+00:00,0.0035,3.2,0.0,-0.59
4:164,4,164,Quenda,Chelsea,MID,5.3,0.052,9.2,0.0,0.4,2026-09-14T14:46+00:00,1,,,,,,,,,,,,
4:395,4,395,Lewis,Man City,DEF,4.4,0.074,9.5,0.0281,0.4,2026-09-14T14:46+00:00,1,,,,,,,,,,,,
4:35,4,35,Bogarde,Aston Villa,MID,5.0,0.064,9.6,0.0,0.39,2026-09-14T14:46+00:00,1,,,,,,,,,,,,
4:289,4,289,Crooks,Hull City,MID,4.5,0.08,10.4,0.0,0.39,2026-09-14T14:46+00:00,1,1,68,0,0,1,0,0.00,2026-09-14T14:46+00:00,0.8464,57.6,0.0,-0.61
4:323,4,323,McAteer,Ipswich Town,MID,4.5,0.064,9.1,0.0111,0.39,2026-09-14T14:46+00:00,1,,,,,,,,,,,,
4:392,4,392,Aït-Nouri,Man City,DEF,5.3,0.065,9.0,0.0,0.39,2026-09-14T14:46+00:00,1,,,,,,,,,,,,
4:72,4,72,Gannon-Doak,Bournemouth,MID,4.9,0.041,8.3,0.0948,0.38,2026-09-14T14:46+00:00,1,0,8,0,0,1,0,0.13,2026-09-14T14:46+00:00,0.0017,0.3,0.009,-0.62
4:218,4,218,Doucouré,Crystal Palace,MID,4.9,0.059,9.2,0.0,0.38,2026-09-14T14:46+00:00,1,,,,,,,,,,,,
4:339,4,339,Longstaff,Leeds,MID,4.9,0.048,7.7,0.0,0.38,2026-09-14T14:46+00:00,1,,,,,,,,,,,,
4:633,4,633,Ahanor,Crystal Palace,DEF,4.5,0.08,9.2,0.0,0.37,2026-09-14T14:46+00:00,1,1,90,0,0,3,0,0.01,2026-09-14T14:46+00:00,0.8464,80.8,0.0,-2.63
4:255,4,255,J.Cuenca,Fulham,DEF,4.5,0.127,13.8,0.0,0.37,2026-09-14T14:46+00:00,1,,,,,,,,,,,,
4:343,4,343,James,Leeds,MID,4.9,0.053,8.4,0.0874,0.37,2026-09-14T14:46+00:00,1,,,,,,,,,,,,
4:648,4,648,Bahoya,Leeds,MID,5.0,0.059,9.2,0.0,0.37,2026-09-14T14:46+00:00,1,,,,,,,,,,,,
4:422,4,422,Mazraoui,Man Utd,DEF,4.4,0.115,12.6,0.0276,0.37,2026-09-14T14:46+00:00,1,,,,,,,,,,,,
4:630,4,630,Harwood-Bellis,Aston Villa,DEF,4.5,0.083,9.5,0.0,0.36,2026-09-14T14:46+00:00,1,,,,,,,,,,,,
4:608,4,608,Jebbison,Bournemouth,FWD,5.0,0.042,8.3,0.0503,0.36,2026-09-14T14:46+00:00,1,,,,,,,,,,,,
4:636,4,636,Ángel,Fulham,MID,5.0,0.056,8.9,0.0,0.36,2026-09-14T14:46+00:00,1,,,,,,,,,,,,
4:292,4,292,Ömür,Hull City,MID,4.9,0.061,8.9,0.0,0.36,2026-09-14T14:46+00:00,1,,,,,,,,,,,,
4:637,4,637,Vaz,Hull City,FWD,5.0,0.07,9.9,0.0,0.36,2026-09-14T14:46+00:00,1,0,8,0,0,1,0,0.00,2026-09-14T14:46+00:00,0.0049,1.9,0.0,-0.64
4:621,4,621,McAidoo,Man City,MID,4.5,0.043,8.1,0.0711,0.36,2026-09-14T14:46+00:00,1,,,,,,,,,,,,
4:420,4,420,Yoro,Man Utd,DEF,4.9,0.107,12.2,0.0,0.36,2026-09-14T14:46+00:00,1,,,,,,,,,,,,
4:450,4,450,Livramento,Newcastle,DEF,4.9,0.077,9.7,0.0,0.36,2026-09-14T14:46+00:00,1,,,,,,,,,,,,
4:559,4,559,Bamba,Newcastle,MID,4.9,0.048,8.5,0.0,0.36,2026-09-14T14:46+00:00,1,,,,,,,,,,,,
4:440,4,440,Zirkzee,Man Utd,FWD,5.4,0.056,8.5,0.0,0.35,2026-09-14T14:46+00:00,1,0,7,0,0,1,0,0.01,2026-09-14T14:46+00:00,0.0031,1.5,0.0,-0.65
4:117,4,117,Coppola,Brighton,DEF,4.5,0.058,7.0,0.0,0.34,2026-09-14T14:46+00:00,1,,,,,,,,,,,,
4:614,4,614,Hadjam,Brighton,DEF,4.5,0.058,7.0,0.0,0.34,2026-09-14T14:46+00:00,1,,,,,,,,,,,,
4:487,4,487,Dominguez,Nott'm Forest,MID,4.9,0.047,7.6,0.0,0.34,2026-09-14T14:46+00:00,1,,,,,,,,,,,,
4:364,4,364,Tsimikas,Liverpool,DEF,4.9,0.068,8.2,0.0055,0.33,2026-09-14T14:46+00:00,1,1,45,0,0,1,0,0.01,2026-09-14T14:46+00:00,0.8686,36.8,0.0,-0.67
4:375,4,375,Nyoni,Liverpool,MID,4.9,0.051,7.9,0.0,0.33,2026-09-14T14:46+00:00,1,,,,,,,,,,,,
4:421,4,421,Heaven,Man Utd,DEF,4.4,0.105,11.6,0.0153,0.33,2026-09-14T14:46+00:00,1,,,,,,,,,,,,
4:571,4,571,Florentino,Ipswich Town,MID,4.9,0.052,7.9,0.0,0.32,2026-09-14T14:46+00:00,1,0,13,0,0,1,0,0.01,2026-09-14T14:46+00:00,0.0027,5.1,0.0,-0.68
4:653,4,653,Samba,Man City,MID,4.5,0.037,7.2,0.0,0.32,2026-09-14T14:46+00:00,1,,,,,,,,,,,,
4:612,4,612,Methalie,Sunderland,DEF,4.5,0.077,9.5,0.0,0.32,2026-09-14T14:46+00:00,1,,,,,,,,,,,,
4:599,4,599,Cherif,Coventry City,FWD,5.0,0.059,8.4,0.0,0.31,2026-09-14T14:46+00:00,1,0,30,0,0,1,0,0.00,2026-09-14T14:46+00:00,0.0035,21.6,0.0,-0.69
4:654,4,654,Graham,Everton,MID,4.5,0.036,7.0,0.0,0.31,2026-09-14T14:46+00:00,1,,,,,,,,,,,,
4:310,4,310,Matusiwa,Ipswich Town,MID,4.9,0.052,7.9,0.0,0.31,2026-09-14T14:46+00:00,1,,,,,,,,,,,,
4:324,4,324,Mehmeti,Ipswich Town,MID,4.9,0.052,7.9,0.0,0.31,2026-09-14T14:46+00:00,1,,,,,,,,,,,,
4:381,4,381,Koumas,Liverpool,MID,5.0,0.047,7.5,0.0173,0.31,2026-09-14T14:46+00:00,1,,,,,,,,,,,,
4:435,4,435,Lacey,Man Utd,MID,4.9,0.048,7.6,0.0,0.31,2026-09-14T14:46+00:00,1,,,,,,,,,,,,
4:613,4,613,Ahoka,Sunderland,MID,4.5,0.042,7.3,0.0,0.31,2026-09-14T14:46+00:00,1,,,,,,,,,,,,
4:20,4,20,Dowman,Arsenal,MID,5.3,0.038,6.9,0.0,0.3,2026-09-14T14:46+00:00,1,,,,,,,,,,,,
4:29,4,29,M.Bizot,Aston Villa,GK,4.5,0.083,7.9,0.0,0.3,2026-09-14T14:46+00:00,1,,,,,,,,,,,,
4:657,4,657,Nunes,Brentford,MID,4.5,0.039,7.1,0.0,0.3,2026-09-14T14:46+00:00,1,,,,,,,,,,,,
4:207,4,207,Mingueza,Crystal Palace,DEF,4.4,0.065,7.6,0.0,0.3,2026-09-14T14:46+00:00,1,,,,,,,,,,,,
4:592,4,592,Ouattara,Ipswich Town,DEF,4.0,0.108,11.5,0.0,0.3,2026-09-14T14:46+00:00,1,0,2,0,0,1,0,0.00,2026-09-14T14:46+00:00,0.0117,9.5,0.0,-0.7
4:396,4,396,Vitor Reis,Man City,DEF,4.5,0.053,7.4,0.0,0.3,2026-09-14T14:46+00:00,1,,,,,,,,,,,,
4:434,4,434,J.Fletcher,Man Utd,MID,4.9,0.046,7.3,0.0,0.3,2026-09-14T14:46+00:00,1,,,,,,,,,,,,
4:92,4,92,Ji-soo,Brentford,DEF,4.5,0.067,8.6,0.0,0.29,2026-09-14T14:46+00:00,1,,,,,,,,,,,,
4:620,4,620,Diouf,Brentford,DEF,4.5,0.067,8.6,0.0,0.29,2026-09-14T14:46+00:00,1,0,30,0,0,1,0,0.01,2026-09-14T14:46+00:00,0.0045,21.4,0.0,-0.71
4:221,4,221,Drakes-Thomas,Crystal Palace,MID,4.5,0.045,7.0,0.0,0.29,2026-09-14T14:46+00:00,1,,,,,,,,,,,,
4:493,4,493,Kalimuendo,Nott'm Forest,FWD,5.4,0.044,7.4,0.0,0.29,2026-09-14T14:46+00:00,1,,,,,,,,,,,,
4:539,4,539,O'Nien,Sunderland,DEF,4.0,0.078,8.9,0.001,0.29,2026-09-14T14:46+00:00,1,,,,,,,,,,,,
4:651,4,651,J.Angulo,Sunderland,FWD,4.5,0.044,7.3,0.0,0.29,2026-09-14T14:46+00:00,1,,,,,,,,,,,,
4:561,4,561,Anselmino,Chelsea,DEF,4.5,0.051,6.6,0.0,0.28,2026-09-14T14:46+00:00,1,,,,,,,,,,,,
4:288,4,288,Dowell,Hull City,MID,4.5,0.045,6.6,0.0,0.28,2026-09-14T14:46+00:00,1,,,,,,,,,,,,
4:50,4,50,Burrowes,Aston Villa,MID,4.5,0.042,6.5,0.0,0.27,2026-09-14T14:46+00:00,1,,,,,,,,,,,,
4:374,4,374,Endo,Liverpool,MID,4.9,0.039,6.3,0.0,0.27,2026-09-14T14:46+00:00,1,,,,,,,,,,,,
4:489,4,489,Yates,Nott'm Forest,MID,4.5,0.038,6.1,0.0,0.27,2026-09-14T14:46+00:00,1,,,,,,,,,,,,
4:573,4,573,Sanchez,Bournemouth,DEF,4.4,0.052,7.1,0.0,0.26,2026-09-14T14:46+00:00,1,,,,,,,,,,,,
4:134,4,134,Oriola,Brighton,MID,4.5,0.038,6.1,0.0,0.26,2026-09-14T14:46+00:00,1,,,,,,,,,,,,
4:658,4,658,Ibrahim,Brighton,MID,4.5,0.038,6.1,0.0,0.26,2026-09-14T14:46+00:00,1,,,,,,,,,,,,
4:270,4,270,Reed,Fulham,MID,4.4,0.035,5.6,0.0,0.26,2026-09-14T14:46+00:00,1,,,,,,,,,,,,
4:294,4,294,Zambrano,Hull City,MID,4.5,0.045,6.6,0.0,0.26,2026-09-14T14:46+00:00,1,,,,,,,,,,,,
4:641,4,641,Bard,Leeds,DEF,4.5,0.067,7.9,0.0,0.26,2026-09-14T14:46+00:00,1,,,,,,,,,,,,
4:147,4,147,Tosin,Spurs,DEF,4.4,0.062,6.9,0.0,0.26,2026-09-14T14:46+00:00,1,0,5,0,0,1,0,0.00,2026-09-14T14:46+00:00,0.0038,1.9,0.0,-0.74
4:189,4,189,Shepherd,Coventry City,MID,4.5,0.045,6.5,0.0,0.25,2026-09-14T14:46+00:00,1,,,,,,,,,,,,
4:626,4,626,Zepa,Fulham,MID,4.5,0.038,6.1,0.0,0.25,2026-09-14T14:46+00:00,1,,,,,,,,,,,,
4:650,4,650,Affengruber,Fulham,DEF,4.5,0.073,8.6,0.0,0.25,2026-09-14T14:46+00:00,1,1,90,0,0,8,0,0.00,2026-09-14T14:46+00:00,0.8593,81.4,0.0,-7.75
4:285,4,285,McNair,Hull City,DEF,4.0,0.068,7.4,0.0,0.25,2026-09-14T14:46+00:00,1,,,,,,,,,,,,
4:622,4,622,Braithwaite,Man City,DEF,4.0,0.044,6.2,0.0,0.25,2026-09-14T14:46+00:00,1,,,,,,,,,,,,
4:437,4,437,Bendito Mantato,Man Utd,MID,4.5,0.037,6.0,0.0,0.25,2026-09-14T14:46+00:00,1,,,,,,,,,,,,
4:438,4,438,Fletcher,Man Utd,MID,4.5,0.037,6.0,0.0,0.25,2026-09-14T14:46+00:00,1,,,,,,,,,,,,
4:478,4,478,Netz,Nott'm Forest,DEF,4.4,0.061,7.3,0.0,0.25,2026-09-14T14:46+00:00,1,,,,,,,,,,,,
4:169,4,169,Mheuka,Chelsea,FWD,4.5,0.033,5.8,0.0,0.24,2026-09-14T14:46+00:00,1,,,,,,,,,,,,
4:604,4,604,Cresswell,Leeds,MID,4.5,0.036,5.8,0.0,0.24,2026-09-14T14:46+00:00,1,,,,,,,,,,,,
4:615,4,615,Di Gregorio,Bournemouth,GK,4.5,0.058,6.1,0.0,0.23,2026-09-14T14:46+00:00,1,,,,,,,,,,,,
4:89,4,89,Henry,Brentford,DEF,4.4,0.05,6.7,0.0,0.23,2026-09-14T14:46+00:00,1,,,,,,,,,,,,
4:284,4,284,McCarthy,Hull City,DEF,4.0,0.06,6.6,0.0,0.23,2026-09-14T14:46+00:00,1,,,,,,,,,,,,
4:556,4,556,Targett,Hull City,DEF,4.0,0.062,6.8,0.0,0.23,2026-09-14T14:46+00:00,1,,,,,,,,,,,,
4:351,4,351,Mamardashvili,Liverpool,GK,4.9,0.056,5.5,0.0,0.23,2026-09-14T14:46+00:00,1,,,,,,,,,,,,
4:378,4,378,McConnell,Liverpool,MID,4.5,0.034,5.5,0.0,0.23,2026-09-14T14:46+00:00,1,,,,,,,,,,,,
4:441,4,441,Obi,Man Utd,FWD,4.5,0.038,6.0,0.0,0.23,2026-09-14T14:46+00:00,1,,,,,,,,,,,,
4:601,4,601,Williams-Barnett,Spurs,MID,4.5,0.04,5.7,0.0,0.23,2026-09-14T14:46+00:00,1,,,,,,,,,,,,
4:38,4,38,A.García,Aston Villa,DEF,4.0,0.05,5.8,0.0,0.22,2026-09-14T14:46+00:00,1,,,,,,,,,,,,
4:606,4,606,Rowe,Aston Villa,DEF,4.0,0.05,5.8,0.0,0.22,2026-09-14T14:46+00:00,1,,,,,,,,,,,,
4:227,4,227,Travers,Everton,GK,5.0,0.051,5.6,0.0,0.22,2026-09-14T14:46+00:00,1,,,,,,,,,,,,
4:256,4,256,Tete,Fulham,DEF,4.4,0.052,6.2,0.0,0.22,2026-09-14T14:46+00:00,1,0,27,0,0,0,0,0.00,2026-09-14T14:46+00:00,0.0027,20.8,0.0,0.22
4:272,4,272,Kusi-Asare,Fulham,FWD,4.5,0.037,5.8,0.0,0.22,2026-09-14T14:46+00:00,1,,,,,,,,,,,,
4:308,4,308,Furlong,Ipswich Town,DEF,4.0,0.072,7.9,0.0,0.22,2026-09-14T14:46+00:00,1,,,,,,,,,,,,
4:359,4,359,Gomez,Liverpool,DEF,4.9,0.045,5.5,0.0,0.22,2026-09-14T14:46+00:00,1,,,,,,,,,,,,
4:361,4,361,Lucky,Liverpool,DEF,4.0,0.044,5.3,0.0,0.22,2026-09-14T14:46+00:00,1,,,,,,,,,,,,
4:382,4,382,Danns,Liverpool,FWD,4.5,0.036,5.6,0.0,0.22,2026-09-14T14:46+00:00,1,,,,,,,,,,,,
4:587,4,587,Rulli,Man City,GK,5.0,0.051,5.4,0.0,0.22,2026-09-14T14:46+00:00,1,,,,,,,,,,,,
4:442,4,442,Pope,Newcastle,GK,4.9,0.053,5.6,0.0,0.22,2026-09-14T14:46+00:00,1,,,,,,,,,,,,
4:508,4,508,Davies,Spurs,DEF,4.0,0.048,5.4,0.0,0.22,2026-09-14T14:46+00:00,1,,,,,,,,,,,,
4:66,4,66,Soler,Bournemouth,DEF,4.0,0.041,5.7,0.0,0.21,2026-09-14T14:46+00:00,1,,,,,,,,,,,,
4:524,4,524,Olusesi,Spurs,MID,4.4,0.037,5.3,0.0,0.21,2026-09-14T14:46+00:00,1,,,,,,,,,,,,
4:2,4,2,Arrizabalaga,Arsenal,GK,4.9,0.04,4.1,0.0,0.2,2026-09-14T14:46+00:00,1,,,,,,,,,,,,
4:3,4,3,Meslier,Arsenal,GK,4.9,0.04,4.1,0.0,0.2,2026-09-14T14:46+00:00,1,,,,,,,,,,,,
4:178,4,178,Bidwell,Coventry City,DEF,4.0,0.065,7.1,0.0,0.2,2026-09-14T14:46+00:00,1,,,,,,,,,,,,
4:179,4,179,Latibeaudiere,Coventry City,DEF,4.0,0.065,7.1,0.0,0.2,2026-09-14T14:46+00:00,1,,,,,,,,,,,,
4:656,4,656,Mfuni,Coventry City,DEF,4.0,0.065,7.1,0.0,0.2,2026-09-14T14:46+00:00,1,,,,,,,,,,,,
4:321,4,321,Walle Egeli,Ipswich Town,FWD,4.5,0.036,5.4,0.0,0.2,2026-09-14T14:46+00:00,1,,,,,,,,,,,,
4:509,4,509,Byfield,Spurs,DEF,4.0,0.048,5.4,0.0,0.2,2026-09-14T14:46+00:00,1,,,,,,,,,,,,
4:510,4,510,Rowswell,Spurs,DEF,4.0,0.048,5.4,0.0,0.2,2026-09-14T14:46+00:00,1,,,,,,,,,,,,
4:531,4,531,Ellborg,Sunderland,GK,4.5,0.051,5.3,0.0,0.19,2026-09-14T14:46+00:00,1,,,,,,,,,,,,
4:476,4,476,O.Richards,Nott'm Forest,DEF,4.0,0.045,5.4,0.0,0.18,2026-09-14T14:46+00:00,1,,,,,,,,,,,,
4:83,4,83,Valdimarsson,Brentford,GK,4.5,0.044,4.6,0.0,0.17,2026-09-14T14:46+00:00,1,,,,,,,,,,,,
4:111,4,111,Steele,Brighton,GK,4.0,0.037,3.6,0.0,0.17,2026-09-14T14:46+00:00,1,,,,,,,,,,,,
4:560,4,560,Penders,Chelsea,GK,4.4,0.039,4.0,0.0,0.17,2026-09-14T14:46+00:00,1,,,,,,,,,,,,
4:424,4,424,Amass,Man Utd,DEF,4.0,0.046,5.7,0.0,0.17,2026-09-14T14:46+00:00,1,,,,,,,,,,,,
4:603,4,603,Lienou,Leeds,DEF,4.0,0.04,4.8,0.0,0.16,2026-09-14T14:46+00:00,1,,,,,,,,,,,,
4:386,4,386,Bettinelli,Man City,GK,4.5,0.037,4.0,0.0,0.16,2026-09-14T14:46+00:00,1,,,,,,,,,,,,
4:325,4,325,Darlow,Man Utd,GK,4.5,0.05,4.9,0.0,0.16,2026-09-14T14:46+00:00,1,,,,,,,,,,,,
4:228,4,228,King,Everton,GK,4.5,0.034,3.8,0.0,0.15,2026-09-14T14:46+00:00,1,,,,,,,,,,,,
4:300,4,300,Walton,Ipswich Town,GK,4.4,0.047,4.5,0.0,0.15,2026-09-14T14:46+00:00,1,,,,,,,,,,,,
4:468,4,468,John,Nott'm Forest,GK,4.5,0.042,4.2,0.0,0.15,2026-09-14T14:46+00:00,1,,,,,,,,,,,,
4:590,4,590,Benda,Nott'm Forest,GK,4.5,0.042,4.2,0.0,0.15,2026-09-14T14:46+00:00,1,,,,,,,,,,,,
4:58,4,58,Forster,Bournemouth,GK,4.0,0.034,3.7,0.0,0.14,2026-09-14T14:46+00:00,1,,,,,,,,,,,,
4:273,4,273,Phillips,Hull City,GK,4.0,0.038,3.6,0.0,0.14,2026-09-14T14:46+00:00,1,,,,,,,,,,,,
4:352,4,352,Woodman,Liverpool,GK,4.0,0.035,3.5,0.0,0.14,2026-09-14T14:46+00:00,1,,,,,,,,,,,,
4:355,4,355,Davies,Liverpool,GK,4.0,0.035,3.5,0.0,0.14,2026-09-14T14:46+00:00,1,,,,,,,,,,,,
4:443,4,443,Gillespie,Newcastle,GK,4.5,0.035,3.7,0.0,0.14,2026-09-14T14:46+00:00,1,,,,,,,,,,,,
4:303,4,303,Kipré,Ipswich Town,DEF,3.9,0.041,4.7,0.0,0.13,2026-09-14T14:46+00:00,1,,,,,,,,,,,,
4:495,4,495,Austin,Spurs,GK,4.0,0.036,3.4,0.0,0.13,2026-09-14T14:46+00:00,1,,,,,,,,,,,,
4:497,4,497,Dubravka,Spurs,GK,4.0,0.036,3.4,0.0,0.13,2026-09-14T14:46+00:00,1,,,,,,,,,,,,
4:251,4,251,Lecomte,Fulham,GK,4.0,0.039,3.8,0.0,0.12,2026-09-14T14:46+00:00,1,,,,,,,,,,,,
4:625,4,625,Cairns,Leeds,GK,4.0,0.034,3.3,0.0,0.12,2026-09-14T14:46+00:00,1,,,,,,,,,,,,
4:629,4,629,Zetterer,Leeds,GK,4.0,0.034,3.3,0.0,0.12,2026-09-14T14:46+00:00,1,,,,,,,,,,,,
4:623,4,623,Bentley,Coventry City,GK,4.0,0.036,3.4,0.0,0.11,2026-09-14T14:46+00:00,1,,,,,,,,,,,,
4:301,4,301,Palmer,Ipswich Town,GK,4.0,0.032,3.1,0.0,0.1,2026-09-14T14:46+00:00,1,,,,,,,,,,,,
4:302,4,302,Button,Ipswich Town,GK,4.0,0.032,3.1,0.0,0.1,2026-09-14T14:46+00:00,1,,,,,,,,,,,,
4:344,4,344,Gruev,Leeds,MID,5.0,0.015,2.4,0.0,0.1,2026-09-14T14:46+00:00,1,,,,,,,,,,,,
4:444,4,444,Jaouen,Newcastle,GK,4.5,0.018,1.9,0.0,0.07,2026-09-14T14:46+00:00,1,,,,,,,,,,,,
