id,name,team,pos,price,minutes,own_pct,form_raw,form_adj,confidence,quality,heat,xGI90,pts90,dc90,base_xGI90,goals,assists,xG,xA,status,chance_next
109,Verbruggen,Brighton,GK,4.5,525,21.3,1.43,0.527,0.368,-0.44,1.87,0.034,5.49,0.0,0.001,0,0,0.0,0.2,a,
115,De Cuyper,Brighton,DEF,5.0,490,31.6,1.47,0.519,0.353,4.15,-2.67,0.463,9.73,3.49,0.368,2,3,1.85,0.67,a,
229,Tarkowski,Everton,DEF,6.2,450,18.2,1.37,0.458,0.333,0.01,1.36,0.044,8.6,10.2,0.116,1,1,0.18,0.04,a,
586,Mendy,Hull City,DEF,4.1,249,6.2,2.0,0.432,0.217,,,0.116,9.04,14.1,,1,0,0.32,0.0,a,100
411,Haaland,Man City,FWD,15.6,450,74.5,1.28,0.426,0.333,2.77,-1.49,0.99,7.8,4.0,0.883,5,0,4.42,0.53,a,
12,Saka,Arsenal,MID,9.6,506,17.2,1.18,0.425,0.36,2.29,-1.11,0.811,6.05,6.94,0.616,3,0,3.52,1.04,a,
572,Tzolakis,Hull City,GK,4.7,450,13.3,1.17,0.389,0.333,,,0.0,6.8,0.0,,0,0,0.0,0.0,a,
123,Hinshelwood,Brighton,MID,5.9,63,0.5,5.58,0.365,0.065,0.19,5.39,2.043,22.86,4.29,0.314,2,0,1.41,0.02,d,50
426,B.Fernandes,Man Utd,MID,11.9,450,37.2,1.07,0.357,0.333,2.29,-1.22,0.776,6.2,5.8,0.616,3,1,2.56,1.32,a,
93,Schuster,Brentford,DEF,4.5,298,0.6,1.41,0.351,0.249,,,0.193,6.64,13.29,,0,1,0.1,0.54,a,
330,Bogle,Leeds,DEF,4.6,450,8.3,1.02,0.339,0.333,0.64,0.38,0.336,8.6,3.4,0.155,2,0,1.57,0.11,a,
504,Vuskovic,Brighton,DEF,5.0,512,4.2,0.89,0.323,0.363,,,0.128,6.68,9.14,,1,0,0.65,0.08,a,
391,Gvardiol,Man City,DEF,5.7,434,27.5,0.94,0.305,0.325,1.4,-0.47,0.199,7.67,6.43,0.201,1,3,0.22,0.74,a,
399,Cherki,Man City,MID,7.8,302,28.8,1.21,0.304,0.251,2.65,-1.44,0.674,10.13,3.58,0.667,3,2,0.72,1.54,a,
427,Mbeumo,Man Utd,MID,7.9,450,19.9,0.9,0.3,0.333,1.93,-1.03,0.774,5.0,5.2,0.564,2,1,3.07,0.8,a,
449,Hall,Newcastle,DEF,5.3,449,20.8,0.89,0.295,0.333,0.78,0.11,0.208,6.21,9.22,0.163,1,1,0.25,0.79,a,
269,Sessegnon,Fulham,DEF,4.3,126,0.3,2.39,0.294,0.123,1.4,0.99,0.507,12.86,4.29,0.201,1,0,0.26,0.45,a,100
124,Groß,Brighton,MID,5.9,525,36.2,0.8,0.294,0.368,0.22,0.57,0.482,9.26,5.49,0.319,3,5,1.77,1.04,a,
40,Rogers,Chelsea,MID,7.8,513,42.9,0.8,0.29,0.363,0.19,0.61,0.567,6.84,7.72,0.314,4,1,1.86,1.37,a,
1,Raya,Arsenal,GK,6.1,540,43.7,0.73,0.273,0.375,0.17,0.55,0.002,5.5,0.0,0.002,0,0,0.0,0.01,a,
649,Maitland-Niles,Everton,DEF,4.5,177,1.5,1.65,0.272,0.164,,,0.158,10.68,6.61,,1,0,0.06,0.25,a,
650,Affengruber,Fulham,DEF,4.5,256,0.6,1.22,0.269,0.221,,,0.039,7.38,11.6,,0,0,0.08,0.03,a,
367,Gakpo,Liverpool,MID,7.2,370,9.3,0.92,0.268,0.291,1.28,-0.36,0.572,7.78,7.78,0.471,1,3,0.64,1.71,i,0
15,Ødegaard,Arsenal,MID,6.8,466,20.4,0.78,0.266,0.341,0.79,-0.01,0.662,5.79,5.6,0.4,2,0,2.02,1.41,a,
605,Yalcouyé,Brighton,MID,4.5,243,3.9,1.22,0.26,0.213,,,0.707,7.78,8.15,,2,0,1.46,0.45,a,
398,Foden,Man City,MID,6.9,217,1.5,1.32,0.257,0.194,1.3,0.02,1.033,3.73,5.81,0.474,0,2,1.61,0.88,s,0
8,Calafiori,Arsenal,DEF,5.9,497,51.5,0.71,0.251,0.356,1.41,-0.71,0.378,6.88,3.98,0.202,1,2,1.41,0.68,a,
277,Egan,Hull City,DEF,4.1,437,7.5,0.73,0.239,0.327,-1.67,2.4,0.01,5.35,12.15,0.014,0,0,0.05,0.0,a,
165,João Pedro,Chelsea,FWD,7.7,431,66.6,0.71,0.23,0.324,0.45,0.26,0.618,9.4,2.92,0.574,5,3,2.75,0.21,a,100
173,Thomas,Coventry City,DEF,4.0,437,8.8,0.67,0.219,0.327,,,0.163,4.94,10.71,,0,0,0.49,0.3,a,
350,A.Becker,Liverpool,GK,5.5,450,4.2,0.65,0.218,0.333,-0.15,0.8,0.0,5.4,0.0,0.002,0,0,0.0,0.0,a,
617,Cho,Hull City,MID,5.0,72,0.0,2.89,0.214,0.074,,,1.438,11.25,2.5,,1,0,0.79,0.36,a,
588,Khalaili,Crystal Palace,DEF,5.0,379,0.3,0.72,0.213,0.296,,,0.306,4.51,10.45,,1,0,0.96,0.33,a,100
230,Branthwaite,Everton,DEF,5.5,450,2.6,0.63,0.211,0.333,-0.78,1.41,0.038,5.4,10.8,0.068,0,0,0.17,0.02,a,
385,Trafford,Leeds,GK,5.0,540,5.6,0.54,0.204,0.375,-0.94,1.49,0.002,5.0,0.0,0.0,0,0,0.0,0.01,a,
379,Isak,Liverpool,FWD,9.1,413,16.6,0.65,0.204,0.315,1.29,-0.64,0.789,7.19,1.53,0.686,4,0,3.54,0.08,i,0
226,Pickford,Everton,GK,5.5,450,9.1,0.6,0.198,0.333,2.21,-1.61,0.004,5.0,0.0,0.006,0,0,0.0,0.02,a,
334,Muharemović,Leeds,DEF,5.0,540,4.6,0.52,0.194,0.375,,,0.09,4.5,11.17,,0,1,0.49,0.05,a,
68,Tavernier,Bournemouth,MID,6.1,496,7.3,0.54,0.192,0.355,0.94,-0.4,0.483,5.81,8.53,0.422,3,0,1.7,0.96,a,
327,Bijol,Leeds,DEF,5.0,168,0.7,1.21,0.191,0.157,-0.62,1.83,0.059,6.96,12.32,0.078,0,0,0.11,0.0,a,
472,Murillo,Nott'm Forest,DEF,5.5,449,2.2,0.57,0.19,0.333,-1.07,1.64,0.158,4.61,10.62,0.051,0,1,0.42,0.37,a,100
332,Justin,Leeds,DEF,4.5,528,1.5,0.51,0.189,0.37,-0.19,0.7,0.138,5.45,8.35,0.104,1,0,0.39,0.42,a,
480,Gibbs-White,Nott'm Forest,MID,8.0,450,15.8,0.55,0.184,0.333,0.66,-0.1,0.596,5.6,4.2,0.381,1,2,1.56,1.42,a,100
388,Guéhi,Man City,DEF,6.0,450,17.9,0.54,0.18,0.333,0.4,0.14,0.268,6.0,5.8,0.14,1,1,0.95,0.39,a,
91,Pinnock,Coventry City,DEF,4.5,282,0.1,0.75,0.179,0.239,-0.6,1.35,0.038,4.47,14.04,0.079,0,0,0.12,0.0,a,
94,Schade,Brentford,MID,6.2,498,16.1,0.47,0.169,0.356,1.1,-0.63,0.408,7.23,6.87,0.445,3,2,1.93,0.33,a,
183,Rudoni,Coventry City,MID,4.9,297,0.1,0.68,0.169,0.248,,,0.615,3.94,10.3,,0,0,0.92,1.11,a,100
53,Manzambi,Aston Villa,MID,5.9,171,0.8,1.02,0.163,0.16,,,0.605,8.42,6.84,,1,1,0.82,0.33,a,100
112,Van Hecke,Spurs,DEF,4.9,450,6.2,0.48,0.161,0.333,0.02,0.47,0.222,4.8,8.6,0.117,1,0,0.69,0.42,a,100
579,Araujo,Liverpool,DEF,5.4,284,3.1,0.66,0.158,0.24,,,0.019,6.97,7.61,,0,0,0.0,0.06,a,
320,Akpom,Ipswich Town,FWD,5.0,83,1.1,1.8,0.152,0.084,,,1.236,8.67,3.25,,1,0,1.14,0.0,a,
553,Isidor,Sunderland,FWD,5.5,192,1.3,0.85,0.149,0.176,-0.87,1.72,0.759,7.97,3.75,0.398,1,1,1.61,0.01,a,
356,Virgil,Liverpool,DEF,6.5,450,16.0,0.44,0.147,0.333,-0.03,0.48,0.066,5.0,9.6,0.114,0,0,0.25,0.08,a,
542,E.Le Fée,Sunderland,MID,5.7,513,3.2,0.4,0.147,0.363,0.39,0.02,0.637,3.51,4.39,0.343,1,1,2.06,1.57,a,
88,Kayode,Brentford,DEF,4.6,367,7.6,0.47,0.135,0.29,0.04,0.43,0.26,6.13,4.9,0.118,1,0,0.55,0.51,a,
483,Ndoye,Nott'm Forest,MID,5.5,316,0.6,0.52,0.135,0.26,-0.63,1.15,0.621,4.27,5.7,0.197,1,0,1.25,0.93,a,
249,Barry,Everton,FWD,5.7,417,8.6,0.42,0.133,0.317,-0.8,1.22,0.788,4.32,3.67,0.408,2,0,3.5,0.15,a,
533,Mukiele,Sunderland,DEF,5.4,435,1.8,0.39,0.126,0.326,0.36,0.03,0.226,3.1,11.59,0.138,0,0,0.78,0.31,a,100
10,White,Arsenal,DEF,5.4,377,4.4,0.42,0.124,0.295,0.45,-0.03,0.179,6.21,5.25,0.143,0,2,0.18,0.57,a,100
565,M.Sangaré,Brentford,MID,5.6,342,8.7,0.44,0.121,0.275,,,0.282,6.05,14.74,,0,2,0.41,0.66,a,
224,Nketiah,Crystal Palace,FWD,5.5,175,0.5,0.73,0.119,0.163,0.25,0.48,0.874,4.11,6.17,0.548,0,1,1.1,0.6,a,100
75,Christie,Bournemouth,MID,5.0,174,0.0,0.73,0.118,0.162,-0.39,1.11,0.543,4.14,13.97,0.232,0,0,0.52,0.53,a,100
287,Millar,Hull City,MID,5.0,50,0.0,2.23,0.117,0.053,,,1.044,10.8,7.2,,1,0,0.58,0.0,u,0
154,Palmer,Chelsea,MID,9.7,518,24.4,0.29,0.108,0.365,2.82,-2.52,0.379,6.25,6.78,0.691,2,4,1.31,0.87,a,100
452,Bruno G.,Arsenal,MID,6.7,150,1.8,0.74,0.106,0.143,0.24,0.51,0.252,10.8,10.8,0.321,2,0,0.19,0.23,a,100
233,Mykolenko,Everton,DEF,4.6,450,3.5,0.31,0.105,0.333,-0.6,0.91,0.04,5.4,7.8,0.079,0,0,0.04,0.16,d,75
640,Flemming,Ipswich Town,FWD,5.5,65,0.1,1.56,0.105,0.067,,,0.9,9.69,6.92,,1,0,0.64,0.01,a,
105,Anthony,Brentford,MID,5.9,340,0.2,0.38,0.103,0.274,-0.2,0.58,0.471,4.5,8.74,0.258,1,0,1.23,0.55,a,
279,Ajayi,Hull City,DEF,4.2,423,14.0,0.31,0.099,0.32,,,0.143,5.74,5.74,,1,0,0.66,0.01,a,100
368,Szoboszlai,Liverpool,MID,6.9,440,30.2,0.28,0.093,0.328,0.54,-0.26,0.458,4.09,8.39,0.365,1,0,1.42,0.82,a,
286,Belloumi,Hull City,MID,5.1,394,6.1,0.3,0.091,0.304,,,0.263,7.08,10.05,,2,2,0.72,0.43,a,
250,Leno,Fulham,GK,4.5,526,4.0,0.24,0.09,0.369,-0.66,0.9,0.0,4.28,0.0,0.001,0,0,0.0,0.0,a,
552,Brobbey,Sunderland,FWD,5.7,399,5.7,0.29,0.09,0.307,-1.51,1.8,0.688,5.41,2.48,0.313,3,0,2.94,0.11,i,0
119,Costinha,Brighton,DEF,4.5,75,0.0,1.12,0.086,0.077,,,0.504,6.0,8.4,,0,0,0.12,0.3,a,
415,Dorgu,Man Utd,MID,5.8,171,0.5,0.52,0.083,0.16,-0.29,0.81,0.458,5.26,10.53,0.246,0,1,0.78,0.09,i,0
461,Touré,Newcastle,MID,5.8,50,0.1,1.56,0.082,0.053,,,0.522,14.4,7.2,,1,0,0.28,0.01,a,
362,Jacquet,Liverpool,DEF,5.0,415,3.6,0.25,0.08,0.316,,,0.03,5.2,7.81,,0,0,0.0,0.14,a,100
591,Enciso,Ipswich Town,MID,5.5,483,0.8,0.22,0.077,0.349,,,0.529,3.17,6.15,,0,2,1.33,1.51,a,100
456,J.Ramsey,Newcastle,MID,4.8,69,0.2,1.09,0.077,0.071,-0.65,1.74,0.43,9.13,14.35,0.194,1,0,0.17,0.16,i,0
256,Tete,Fulham,DEF,4.4,103,0.2,0.73,0.075,0.103,-0.07,0.8,0.052,6.99,7.86,0.112,0,0,0.0,0.06,a,100
204,Mitchell,Crystal Palace,DEF,4.5,419,6.0,0.22,0.071,0.318,-0.05,0.28,0.221,5.16,5.37,0.112,2,0,0.77,0.26,a,
84,Collins,Brentford,DEF,5.4,196,0.9,0.39,0.07,0.179,-0.17,0.56,0.257,4.59,7.81,0.105,0,0,0.51,0.05,i,0
86,Lewis-Potter,Brentford,MID,5.5,472,1.6,0.2,0.069,0.344,-0.14,0.34,0.395,4.58,8.2,0.267,1,1,1.24,0.83,a,
4,Gabriel,Arsenal,DEF,8.0,540,22.4,0.18,0.067,0.375,0.6,-0.42,0.12,4.5,7.67,0.152,0,0,0.51,0.21,a,
460,Willock,Newcastle,MID,5.0,284,0.6,0.27,0.065,0.24,-0.23,0.5,0.352,6.97,5.7,0.254,2,0,0.81,0.3,a,
97,Jensen,Brentford,MID,5.4,72,0.1,0.86,0.064,0.074,-0.02,0.89,0.525,8.75,6.25,0.284,0,1,0.08,0.34,a,100
101,Henderson,Chelsea,MID,4.9,166,0.0,0.41,0.063,0.156,-1.17,1.57,0.136,10.84,8.67,0.12,2,1,0.12,0.13,a,100
209,Johnson,Everton,MID,5.9,238,0.1,0.3,0.063,0.209,0.53,-0.23,0.473,3.4,9.83,0.363,0,0,1.03,0.22,a,
347,Nmecha,Leeds,FWD,5.4,75,0.4,0.82,0.063,0.077,1.75,-0.93,0.504,9.6,7.2,0.747,0,1,0.27,0.15,a,
223,Mateta,Crystal Palace,FWD,6.3,62,1.2,0.97,0.063,0.064,0.45,0.53,1.045,2.9,7.26,0.574,0,0,0.7,0.02,i,0
127,Gomez,Brighton,MID,5.0,508,3.6,0.17,0.062,0.361,0.36,-0.19,0.312,5.14,9.92,0.338,0,3,0.97,0.79,a,
639,Andrés,Brighton,MID,5.5,184,0.1,0.36,0.062,0.17,,,0.318,7.34,8.32,,1,1,0.52,0.13,a,
82,Kelleher,Brentford,GK,5.0,523,6.1,0.16,0.06,0.368,2.12,-1.96,0.002,3.96,0.0,0.006,0,0,0.0,0.01,a,
432,Mainoo,Man Utd,MID,5.5,354,1.5,0.21,0.059,0.282,-1.24,1.44,0.208,5.59,14.24,0.11,0,1,0.3,0.52,d,75
506,Udogie,Spurs,DEF,4.4,86,0.3,0.66,0.058,0.087,-0.44,1.1,0.241,7.33,4.19,0.089,0,0,0.0,0.23,a,100
69,Scott,Bournemouth,MID,6.1,446,4.3,0.17,0.058,0.331,-0.54,0.72,0.214,6.05,12.11,0.209,1,2,0.64,0.42,i,0
264,Bobb,Fulham,MID,5.5,419,0.3,0.18,0.058,0.318,0.39,-0.21,0.475,3.44,7.09,0.344,0,0,1.03,1.18,a,
471,Milenković,Nott'm Forest,DEF,5.4,270,0.9,0.25,0.057,0.231,-0.76,1.0,0.047,4.0,10.33,0.07,0,0,0.11,0.03,i,0
305,Davis,Ipswich Town,DEF,4.0,526,7.7,0.15,0.054,0.369,1.18,-1.04,0.361,4.45,4.62,0.188,2,2,1.64,0.47,a,
519,Gallagher,Spurs,MID,5.3,134,0.2,0.41,0.054,0.13,-0.88,1.29,0.329,6.04,12.09,0.161,1,0,0.37,0.12,a,
258,Castagne,Fulham,DEF,4.5,408,1.3,0.17,0.052,0.312,-0.09,0.25,0.234,4.41,6.4,0.11,0,2,0.67,0.39,a,
498,Senesi,Spurs,DEF,5.8,90,3.4,0.57,0.052,0.091,0.91,-0.33,0.02,3.0,16.0,0.171,0,0,0.0,0.02,a,
447,Botman,Newcastle,DEF,5.0,450,0.8,0.15,0.051,0.333,0.1,0.05,0.046,3.0,11.8,0.122,0,0,0.06,0.17,a,
439,Šeško,Man Utd,FWD,7.0,76,1.4,0.66,0.051,0.078,0.07,0.59,0.474,9.47,5.92,0.523,1,0,0.39,0.01,i,0
566,Silva,Bournemouth,DEF,5.0,526,0.6,0.12,0.046,0.369,,,0.287,2.22,10.44,,0,0,1.38,0.3,a,
316,Emersonn,Ipswich Town,FWD,5.6,387,4.0,0.15,0.045,0.301,,,0.507,6.51,3.26,,2,1,2.05,0.13,a,100
581,Diomande,Nott'm Forest,DEF,5.4,163,0.5,0.29,0.044,0.153,,,0.094,3.87,10.49,,0,0,0.16,0.01,a,
389,Matheus N.,Man City,DEF,5.9,213,1.0,0.22,0.043,0.191,-0.58,0.8,0.025,4.65,8.87,0.081,0,0,0.0,0.06,a,100
343,James,Leeds,MID,4.9,52,0.1,0.77,0.042,0.055,-0.58,1.35,0.623,5.19,8.65,0.204,0,0,0.35,0.01,i,0
11,Mosquera,Arsenal,DEF,5.3,168,1.6,0.26,0.041,0.157,,,0.005,6.43,5.36,,0,0,0.0,0.01,a,100
656,Mfuni,Coventry City,DEF,4.0,90,0.1,0.45,0.041,0.091,,,0.01,6.0,8.0,,0,0,0.0,0.01,a,
268,King,Fulham,MID,5.6,500,4.7,0.11,0.041,0.357,-0.33,0.45,0.41,4.68,5.4,0.239,2,0,1.54,0.74,a,
512,Kudus,Spurs,MID,6.5,123,0.2,0.34,0.041,0.12,0.05,0.29,0.388,5.12,10.24,0.294,0,1,0.11,0.42,a,100
116,Dunk,Brighton,DEF,4.5,375,1.5,0.14,0.04,0.294,-0.52,0.66,0.029,5.52,6.0,0.084,1,0,0.03,0.09,a,100
611,Wan-Bissaka,Aston Villa,DEF,4.5,180,0.2,0.23,0.039,0.167,,,0.035,3.5,11.5,,0,0,0.0,0.07,a,
596,Ruggeri,Aston Villa,DEF,4.5,158,0.1,0.25,0.038,0.149,,,0.028,3.42,11.96,,0,0,0.03,0.02,a,
329,Rodon,Leeds,DEF,4.3,123,0.6,0.3,0.037,0.12,-0.93,1.23,0.066,5.12,8.05,0.059,0,0,0.03,0.06,i,0
335,Stach,Leeds,MID,6.0,537,2.4,0.1,0.037,0.374,-0.05,0.15,0.26,4.86,11.4,0.28,1,0,1.07,0.48,a,
162,Andrey Santos,Man Utd,MID,4.8,82,0.5,0.44,0.037,0.084,,,0.263,4.39,19.76,,0,0,0.0,0.24,a,
145,Fofana,Chelsea,DEF,5.0,312,0.2,0.14,0.036,0.257,-0.89,1.04,0.023,2.31,13.56,0.061,0,0,0.0,0.08,a,100
125,Georginio,Brighton,FWD,5.3,104,0.4,0.35,0.036,0.104,-1.55,1.9,0.537,5.19,7.79,0.307,0,1,0.17,0.45,a,100
200,Lacroix,Chelsea,DEF,5.9,440,6.6,0.11,0.035,0.328,-0.14,0.24,0.076,3.07,10.84,0.107,0,1,0.15,0.22,a,
87,Ajer,Brentford,DEF,4.5,523,3.7,0.09,0.034,0.368,-0.45,0.54,0.036,3.96,9.12,0.088,0,0,0.13,0.08,a,
570,Palacios,Fulham,MID,5.4,226,0.2,0.17,0.034,0.201,,,0.402,4.78,6.77,,1,0,0.98,0.03,a,
213,Lerma,Crystal Palace,MID,4.8,51,0.1,0.61,0.033,0.054,-0.94,1.55,0.459,1.76,21.18,0.152,0,0,0.26,0.0,a,
597,Suzuki,Aston Villa,GK,5.0,433,1.9,0.09,0.03,0.325,,,0.002,3.74,0.0,,0,0,0.0,0.01,a,
130,Wieffer,Brighton,DEF,4.9,156,0.2,0.2,0.029,0.148,0.98,-0.78,0.144,4.04,8.65,0.175,0,0,0.12,0.13,i,0
520,Bergvall,Spurs,MID,5.3,78,0.1,0.36,0.028,0.08,-1.03,1.38,0.381,3.46,15.0,0.14,0,0,0.06,0.27,a,
98,Janelt,Brentford,MID,5.0,523,2.5,0.07,0.027,0.368,-0.91,0.99,0.174,5.51,13.08,0.156,2,0,0.53,0.48,a,
41,Buendía,Aston Villa,MID,5.9,464,1.2,0.08,0.026,0.34,0.05,0.03,0.303,5.04,8.53,0.294,1,1,1.23,0.33,a,
236,Dewsbury-Hall,Everton,MID,6.6,450,5.5,0.08,0.026,0.333,0.07,0.01,0.364,4.0,8.4,0.297,1,0,0.99,0.83,a,
96,Damsgaard,Brentford,MID,5.4,283,0.4,0.11,0.026,0.239,0.27,-0.16,0.286,5.09,9.86,0.326,0,1,0.17,0.73,d,75
199,Benitez,Crystal Palace,GK,4.5,180,0.1,0.14,0.024,0.167,,,0.0,4.0,0.0,,0,0,0.0,0.0,a,
384,Donnarumma,Man City,GK,5.5,450,7.4,0.07,0.023,0.333,0.88,-0.81,0.0,3.8,0.0,0.004,0,0,0.0,0.0,a,
17,Merino,Arsenal,MID,5.7,82,0.4,0.27,0.023,0.084,0.94,-0.66,0.318,5.49,10.98,0.422,0,0,0.14,0.15,a,
387,O'Reilly,Man City,DEF,6.3,163,9.6,0.12,0.019,0.153,3.07,-2.95,0.718,3.31,2.76,0.302,0,0,0.87,0.43,d,75
397,Semenyo,Man City,MID,8.4,450,13.5,0.06,0.019,0.333,0.69,-0.63,0.298,6.6,4.4,0.386,2,3,0.33,1.16,d,75
263,Kevin,Fulham,MID,5.3,61,0.0,0.28,0.018,0.063,-0.37,0.65,0.28,5.9,11.8,0.234,0,0,0.07,0.12,a,
503,Van de Ven,Spurs,DEF,5.0,360,3.7,0.06,0.017,0.286,-0.45,0.51,0.16,4.0,7.25,0.088,0,0,0.59,0.05,a,100
313,Clarke,Ipswich Town,MID,5.3,183,0.2,0.1,0.016,0.169,,,0.334,5.9,5.41,,1,0,0.3,0.38,a,
95,O.Dango,Brentford,MID,6.3,185,0.4,0.08,0.014,0.171,1.28,-1.2,0.234,3.89,14.59,0.47,0,0,0.09,0.39,a,
138,Kostoulas,Brighton,FWD,5.6,412,8.1,0.05,0.014,0.314,1.26,-1.21,0.31,6.33,7.43,0.682,2,3,1.35,0.07,a,
19,Zubimendi,Arsenal,MID,5.3,89,0.6,0.14,0.013,0.09,-0.93,1.07,0.253,5.06,12.13,0.153,0,0,0.21,0.04,a,
161,Lavia,Chelsea,MID,5.0,262,0.2,0.05,0.012,0.225,-1.29,1.34,0.295,4.12,10.65,0.102,1,0,0.75,0.11,a,
454,Elanga,Newcastle,MID,6.1,232,3.4,0.05,0.01,0.205,0.12,-0.07,0.295,6.98,3.49,0.304,2,0,0.42,0.34,i,0
465,Osula,Newcastle,FWD,5.8,55,0.3,0.16,0.009,0.058,-0.39,0.54,0.327,6.55,8.18,0.463,0,1,0.06,0.14,d,50
515,Maddison,Spurs,MID,6.3,59,0.4,0.09,0.006,0.062,1.33,-1.24,0.153,4.58,16.78,0.478,0,0,0.06,0.04,a,100
346,Calvert-Lewin,Leeds,FWD,6.0,509,22.8,0.02,0.006,0.361,-0.11,0.13,0.545,4.24,4.6,0.499,2,1,3.0,0.08,a,
646,Fofana,Sunderland,MID,5.5,101,0.0,0.05,0.005,0.101,-1.58,1.62,0.383,3.56,8.02,0.061,0,0,0.41,0.02,a,
16,Madueke,Arsenal,MID,6.2,113,0.2,0.04,0.004,0.112,0.87,-0.83,0.454,3.19,5.58,0.411,0,0,0.22,0.35,a,
633,Ahanor,Crystal Palace,DEF,4.5,90,0.0,0.02,0.002,0.091,,,0.01,3.0,11.0,,0,0,0.0,0.01,a,
237,Ndiaye,Man City,MID,5.8,385,6.0,0.01,0.002,0.3,0.34,-0.33,0.224,5.14,10.29,0.335,0,2,0.38,0.58,a,
25,Gyökeres,Arsenal,FWD,7.1,56,3.8,0.03,0.002,0.059,0.47,-0.43,0.386,4.82,8.04,0.576,0,0,0.0,0.24,a,
156,Neto,Chelsea,MID,6.5,408,1.4,-0.0,-0.001,0.312,0.5,-0.5,0.34,4.19,7.28,0.359,1,1,0.9,0.64,a,
496,Kinsky,Spurs,GK,4.5,450,15.8,-0.0,-0.002,0.333,-0.94,0.94,0.0,3.6,0.0,0.0,0,0,0.0,0.0,a,
70,Kluivert,Bournemouth,MID,5.9,294,0.7,-0.01,-0.002,0.246,1.04,-1.05,0.328,4.59,6.73,0.437,1,0,0.99,0.08,i,0
238,Grealish,Everton,MID,6.5,135,0.5,-0.03,-0.004,0.13,0.17,-0.2,0.307,4.0,8.67,0.312,0,0,0.02,0.44,a,100
31,Konsa,Arsenal,DEF,4.6,371,17.3,-0.02,-0.005,0.292,-0.93,0.91,0.061,3.88,8.01,0.059,0,0,0.23,0.02,a,100
52,Alysson,Aston Villa,MID,5.0,87,0.0,-0.06,-0.005,0.088,,,0.062,8.28,8.28,,1,0,0.06,0.0,d,75
255,J.Cuenca,Fulham,DEF,4.5,90,0.0,-0.06,-0.006,0.091,-1.1,1.04,0.03,3.0,10.0,0.049,0,0,0.0,0.03,a,
90,Hickey,Brentford,DEF,4.5,180,0.1,-0.04,-0.007,0.167,-0.8,0.75,0.045,3.0,10.0,0.067,0,0,0.03,0.06,a,
202,Richards,Crystal Palace,DEF,4.9,450,0.6,-0.02,-0.008,0.333,-0.12,0.1,0.03,2.8,10.8,0.108,0,0,0.08,0.07,a,
366,Wirtz,Liverpool,MID,7.3,402,5.4,-0.04,-0.012,0.309,1.16,-1.2,0.313,4.03,8.06,0.453,0,2,1.0,0.4,a,
102,Yarmoliuk,Brentford,MID,4.8,282,0.6,-0.05,-0.013,0.239,-1.37,1.32,0.179,5.74,9.57,0.09,1,1,0.24,0.32,a,
377,Munoz,Liverpool,MID,6.5,257,0.8,-0.06,-0.013,0.222,,,0.291,5.25,5.6,,1,1,0.52,0.31,a,
211,Yeremy,Crystal Palace,MID,5.5,307,0.3,-0.05,-0.013,0.254,1.22,-1.27,0.314,4.1,7.62,0.462,0,2,0.52,0.55,a,
523,Moore,Spurs,MID,5.0,89,0.0,-0.16,-0.014,0.09,-0.68,0.52,0.425,3.03,3.03,0.19,0,0,0.4,0.02,u,0
188,Torp,Coventry City,MID,5.3,53,0.1,-0.28,-0.016,0.056,,,0.204,5.09,5.09,,0,0,0.0,0.12,a,
532,Ballard,Sunderland,DEF,4.9,450,1.9,-0.05,-0.017,0.333,0.22,-0.27,0.094,2.8,9.8,0.129,0,0,0.31,0.16,i,0
281,Drameh,Hull City,DEF,4.0,65,0.0,-0.25,-0.017,0.067,,,0.069,2.77,8.31,,0,0,0.05,0.0,u,0
328,Struijk,Brighton,DEF,4.9,154,0.2,-0.13,-0.019,0.146,-0.1,-0.03,0.146,2.92,8.18,0.11,0,0,0.24,0.01,a,100
428,Cunha,Man Utd,MID,7.9,407,6.0,-0.06,-0.019,0.311,0.58,-0.64,0.323,5.75,2.87,0.37,1,2,0.63,0.83,a,
569,Gonzalo,Fulham,FWD,6.1,501,7.4,-0.05,-0.02,0.358,,,0.645,2.87,3.41,,1,0,3.0,0.59,a,
491,Igor Jesus,Nott'm Forest,FWD,5.8,257,2.1,-0.09,-0.02,0.222,-1.58,1.49,0.466,4.2,5.25,0.304,1,0,1.25,0.08,i,0
534,Hume,Sunderland,DEF,4.3,281,2.4,-0.09,-0.021,0.238,0.21,-0.3,0.144,3.84,6.41,0.128,0,0,0.14,0.31,a,
247,Hackney,Everton,MID,5.4,137,0.2,-0.16,-0.021,0.132,,,0.118,6.57,7.88,,0,1,0.05,0.13,a,100
110,Rushworth,Coventry City,GK,4.5,450,0.7,-0.06,-0.022,0.333,,,0.004,3.2,0.0,,0,1,0.0,0.02,a,
544,Xhaka,Sunderland,MID,5.5,525,3.5,-0.06,-0.022,0.368,-0.99,0.92,0.259,3.94,10.29,0.146,0,1,0.14,1.37,a,
282,Giles,Hull City,DEF,4.0,444,3.0,-0.07,-0.023,0.33,,,0.091,4.86,4.86,,0,1,0.02,0.43,a,
345,Tanaka,Leeds,MID,4.9,325,0.3,-0.09,-0.024,0.265,-0.64,0.55,0.241,4.15,9.97,0.196,0,2,0.82,0.05,a,
155,Enzo,Man City,MID,6.9,271,3.8,-0.1,-0.024,0.231,1.23,-1.34,0.292,4.32,6.97,0.464,1,0,0.35,0.53,a,
114,Boscagli,Brighton,DEF,4.5,504,0.3,-0.07,-0.025,0.359,-0.94,0.87,0.118,4.29,5.89,0.059,0,0,0.07,0.59,a,
240,Iroegbunam,Hull City,MID,5.0,70,0.0,-0.35,-0.025,0.072,-1.5,1.15,0.167,2.57,11.57,0.072,0,0,0.12,0.01,a,100
403,Sávio,Spurs,MID,6.5,240,0.6,-0.13,-0.027,0.211,,,0.416,3.0,4.12,,0,0,0.41,0.7,a,100
499,Pedro Porro,Spurs,DEF,5.4,198,6.3,-0.15,-0.028,0.18,0.97,-1.12,0.241,4.09,4.09,0.175,0,0,0.37,0.16,i,0
422,Mazraoui,Man Utd,DEF,4.4,97,0.5,-0.3,-0.029,0.097,-0.78,0.48,0.26,2.78,5.57,0.068,0,0,0.22,0.06,d,75
469,N.Williams,Nott'm Forest,DEF,5.0,450,7.3,-0.09,-0.03,0.333,0.62,-0.71,0.204,3.8,5.8,0.153,0,1,0.41,0.61,d,50
331,Gudmundsson,Leeds,DEF,4.5,342,0.1,-0.12,-0.033,0.275,0.34,-0.46,0.087,4.74,4.74,0.137,0,1,0.07,0.26,a,100
140,Sánchez,Chelsea,GK,4.9,90,0.6,-0.37,-0.034,0.091,-0.33,-0.04,0.01,2.0,0.0,0.001,0,0,0.0,0.01,u,0
571,Florentino,Ipswich Town,MID,4.8,92,0.1,-0.38,-0.035,0.093,,,0.098,3.91,10.76,,0,0,0.0,0.1,a,100
453,Barnes,Newcastle,MID,6.1,450,8.1,-0.12,-0.04,0.333,1.11,-1.24,0.22,5.6,6.6,0.447,1,3,0.62,0.48,a,
620,Diouf,Brentford,DEF,4.5,112,0.1,-0.38,-0.042,0.111,,,0.04,3.21,6.43,,0,0,0.03,0.02,a,
490,Wood,Nott'm Forest,FWD,5.8,62,0.9,-0.67,-0.043,0.064,-0.6,-0.07,0.189,5.81,1.45,0.434,0,0,0.12,0.01,a,
364,Tsimikas,Liverpool,DEF,4.9,64,0.1,-0.66,-0.044,0.066,2.01,-2.67,0.084,2.81,4.22,0.238,0,0,0.04,0.02,a,
14,Eze,Arsenal,MID,6.2,85,1.1,-0.51,-0.044,0.086,1.08,-1.59,0.138,4.24,5.29,0.442,0,0,0.04,0.09,a,
153,Disasi,Crystal Palace,DEF,4.5,139,0.1,-0.33,-0.045,0.134,-0.34,0.0,0.026,0.65,12.95,0.095,0,0,0.0,0.04,s,0
42,Guessand,Crystal Palace,MID,5.4,54,0.0,-0.79,-0.045,0.057,-0.35,-0.44,0.1,3.33,3.33,0.238,0,0,0.03,0.03,a,
33,Mings,Aston Villa,DEF,4.5,334,0.4,-0.17,-0.046,0.271,-0.46,0.29,0.059,3.23,8.08,0.088,0,0,0.2,0.02,a,
395,Lewis,Man City,DEF,4.4,56,0.2,-0.79,-0.046,0.059,1.17,-1.95,0.305,1.61,3.21,0.187,0,0,0.17,0.02,a,
642,Thomas,Hull City,MID,5.5,119,0.0,-0.4,-0.047,0.117,,,0.242,3.03,6.05,,0,0,0.21,0.11,a,
176,Dasilva,Coventry City,DEF,4.0,444,0.8,-0.15,-0.048,0.33,,,0.207,4.05,4.66,,1,0,0.5,0.52,a,
206,Chadi Riad,Crystal Palace,DEF,4.3,72,0.0,-0.65,-0.048,0.074,,,0.013,1.25,8.75,,0,0,0.0,0.01,i,0
309,Núñez,Ipswich Town,MID,4.9,140,0.1,-0.35,-0.048,0.135,,,0.051,3.86,13.5,,0,0,0.03,0.05,a,
74,Brooks,Bournemouth,MID,5.0,90,0.1,-0.53,-0.049,0.091,2.35,-2.89,0.08,4.0,8.0,0.624,0,0,0.0,0.08,a,100
159,Caicedo,Chelsea,MID,5.3,84,1.0,-0.57,-0.049,0.085,-1.24,0.67,0.021,3.21,11.79,0.109,0,0,0.01,0.01,a,100
563,Morita,Hull City,MID,4.9,45,0.0,-1.03,-0.049,0.048,,,0.0,2.0,6.0,,0,0,0.0,0.0,a,100
106,Thiago,Brentford,FWD,7.8,515,9.4,-0.13,-0.049,0.364,0.66,-0.79,0.61,2.45,4.02,0.602,1,1,3.2,0.29,a,
598,Elvedi,Leeds,DEF,4.5,411,0.1,-0.16,-0.05,0.314,,,0.153,3.07,7.45,,0,0,0.12,0.58,a,
502,Robertson,Spurs,DEF,4.4,366,2.4,-0.17,-0.051,0.289,1.38,-1.55,0.138,4.18,4.92,0.2,0,1,0.13,0.43,a,
261,Iwobi,Fulham,MID,5.4,484,0.7,-0.15,-0.051,0.35,-0.12,-0.03,0.333,3.16,7.07,0.27,0,0,0.39,1.4,a,
43,Tielemans,Man Utd,MID,5.8,402,1.4,-0.18,-0.055,0.309,-0.51,0.33,0.262,3.13,9.63,0.215,0,0,0.65,0.52,a,100
371,Gravenberch,Liverpool,MID,5.8,190,1.0,-0.31,-0.055,0.174,-1.06,0.74,0.085,4.26,11.84,0.136,0,1,0.1,0.08,a,
539,O'Nien,Sunderland,DEF,3.9,66,2.5,-0.81,-0.056,0.068,-1.17,0.35,0.027,1.36,6.82,0.045,0,0,0.01,0.01,a,
369,Ngumoha,Liverpool,MID,5.7,99,0.4,-0.57,-0.056,0.099,1.83,-2.4,0.182,3.64,3.64,0.55,0,0,0.15,0.05,a,
241,McNeil,Crystal Palace,MID,5.3,84,0.1,-0.66,-0.056,0.085,-0.07,-0.59,0.075,3.21,7.5,0.277,0,0,0.05,0.02,a,
464,Wissa,Newcastle,FWD,6.2,441,19.1,-0.17,-0.057,0.329,0.36,-0.54,0.492,3.06,5.51,0.563,1,1,2.35,0.06,a,
136,Welbeck,Chelsea,FWD,5.9,85,0.9,-0.68,-0.059,0.086,-0.23,-0.45,0.148,4.24,5.29,0.484,0,0,0.0,0.14,a,100
60,Hill,Bournemouth,DEF,5.5,526,0.8,-0.17,-0.061,0.369,-0.44,0.27,0.139,2.05,9.92,0.089,0,0,0.0,0.81,a,
372,Mac Allister,Liverpool,MID,5.4,306,1.3,-0.24,-0.061,0.254,-0.3,0.06,0.174,3.24,12.06,0.245,0,0,0.1,0.49,a,
568,Barco,Chelsea,MID,5.4,115,0.1,-0.53,-0.061,0.113,,,0.141,2.35,9.39,,0,0,0.07,0.11,a,
242,George,Everton,MID,5.5,309,0.8,-0.24,-0.062,0.256,0.94,-1.18,0.195,5.53,5.24,0.422,1,0,0.35,0.32,a,
300,Walton,Ipswich Town,GK,4.4,166,0.4,-0.41,-0.064,0.156,-0.94,0.53,0.005,2.17,0.0,0.0,0,0,0.0,0.01,a,
593,Dedić,Newcastle,DEF,4.5,327,1.5,-0.24,-0.065,0.267,,,0.061,3.58,6.61,,0,1,0.14,0.08,d,50
488,I.Sangaré,Nott'm Forest,MID,4.8,105,0.4,-0.62,-0.065,0.104,,,0.094,3.43,6.86,,0,0,0.09,0.02,a,100
592,Ouattara,Ipswich Town,DEF,4.0,207,0.8,-0.35,-0.066,0.187,,,0.039,3.48,6.09,,0,0,0.02,0.07,a,
474,Jair Cunha,Nott'm Forest,DEF,4.5,360,0.2,-0.25,-0.07,0.286,-0.98,0.73,0.018,2.75,9.0,0.056,0,0,0.05,0.02,a,100
627,Barcola,Liverpool,MID,8.0,168,2.0,-0.47,-0.073,0.157,,,0.209,3.75,4.29,,0,0,0.26,0.13,a,
583,Chavarria,Chelsea,DEF,4.9,284,0.2,-0.31,-0.074,0.24,,,0.086,3.17,6.65,,0,1,0.04,0.23,a,
13,Rice,Arsenal,MID,7.4,501,10.7,-0.21,-0.074,0.358,-0.17,-0.03,0.16,4.85,9.34,0.262,0,3,0.12,0.77,a,100
56,Abraham,Aston Villa,FWD,5.5,71,0.2,-1.05,-0.076,0.073,0.75,-1.8,0.0,5.07,2.54,0.615,0,0,0.0,0.0,a,100
486,McAtee,Nott'm Forest,MID,5.5,416,0.1,-0.24,-0.077,0.316,0.5,-0.74,0.288,2.6,8.44,0.359,0,0,0.37,0.96,a,
79,Evanilson,Bournemouth,FWD,6.0,500,3.3,-0.21,-0.077,0.357,-0.53,0.32,0.36,4.32,6.12,0.444,1,3,1.47,0.53,a,
194,Thomas-Asante,Coventry City,FWD,5.0,227,0.8,-0.38,-0.077,0.201,,,0.155,3.57,10.7,,0,0,0.34,0.06,a,
195,Simms,Coventry City,FWD,4.9,104,0.6,-0.74,-0.077,0.104,,,0.268,3.46,2.6,,0,0,0.3,0.01,a,
445,Thiaw,Newcastle,DEF,5.0,450,2.2,-0.24,-0.079,0.333,0.97,-1.21,0.016,2.8,9.0,0.175,0,0,0.0,0.08,a,
318,Philogene,Ipswich Town,MID,5.4,114,0.1,-0.7,-0.079,0.112,,,0.103,3.16,5.53,,0,0,0.11,0.03,a,100
526,Solanke,Spurs,FWD,5.8,170,0.8,-0.5,-0.079,0.159,-0.86,0.36,0.302,3.71,4.76,0.4,0,0,0.56,0.01,a,
315,Fatawu,Ipswich Town,MID,5.4,352,0.1,-0.28,-0.08,0.281,,,0.327,2.05,7.16,,0,1,0.17,1.11,s,0
481,Anderson,Man City,MID,6.3,413,3.8,-0.26,-0.081,0.315,-0.55,0.3,0.17,3.27,11.77,0.208,0,0,0.11,0.67,a,100
457,J.Murphy,Newcastle,MID,5.9,181,0.1,-0.49,-0.082,0.167,0.58,-1.08,0.219,1.49,8.95,0.371,0,0,0.03,0.41,a,
166,N.Jackson,Aston Villa,FWD,6.5,359,2.0,-0.29,-0.082,0.285,0.65,-0.94,0.424,4.76,2.51,0.601,2,0,0.97,0.72,a,
390,Rúben,Man City,DEF,5.5,450,1.9,-0.25,-0.084,0.333,-1.06,0.81,0.206,3.4,5.2,0.051,0,0,0.29,0.74,a,
167,Delap,Nott'm Forest,FWD,5.6,277,2.4,-0.36,-0.084,0.235,-0.98,0.62,0.403,2.92,5.52,0.384,1,0,0.89,0.35,a,
467,Sels,Nott'm Forest,GK,5.0,450,1.5,-0.25,-0.085,0.333,1.21,-1.47,0.002,2.8,0.0,0.004,0,0,0.0,0.01,a,
253,Andersen,Fulham,DEF,5.0,190,0.2,-0.49,-0.085,0.174,-0.5,0.01,0.047,1.42,9.47,0.085,0,0,0.0,0.1,a,100
589,Gourna-Douath,Hull City,MID,5.0,138,0.0,-0.64,-0.085,0.133,,,0.039,2.61,11.09,,0,0,0.03,0.03,a,
619,Palacios,Ipswich Town,MID,5.0,288,0.1,-0.35,-0.086,0.242,,,0.031,3.75,14.69,,0,0,0.0,0.1,a,
29,M.Bizot,Aston Villa,GK,4.5,90,0.1,-0.96,-0.087,0.091,-0.94,-0.02,0.0,1.0,0.0,0.0,0,0,0.0,0.0,a,100
45,McGinn,Aston Villa,MID,5.4,507,2.2,-0.24,-0.088,0.36,-0.22,-0.02,0.289,3.37,6.39,0.255,0,2,1.34,0.29,a,
580,Charles,Fulham,MID,5.0,373,0.1,-0.32,-0.093,0.293,,,0.075,3.86,13.27,,0,0,0.14,0.17,a,
492,Awoniyi,Coventry City,FWD,5.4,232,0.3,-0.45,-0.093,0.205,0.95,-1.4,0.52,1.16,4.27,0.641,0,0,1.3,0.04,s,0
203,Canvot,Crystal Palace,DEF,4.8,360,0.2,-0.33,-0.094,0.286,0.1,-0.43,0.045,2.5,8.5,0.122,0,0,0.05,0.13,a,
585,Herrington,Hull City,DEF,4.0,197,0.6,-0.53,-0.095,0.18,,,0.027,2.28,7.31,,0,0,0.02,0.04,a,
567,Horníček,Newcastle,GK,5.0,450,1.5,-0.3,-0.099,0.333,,,0.0,2.8,0.0,,0,0,0.0,0.0,a,
113,F.Kadıoğlu,Brighton,DEF,4.4,407,1.5,-0.32,-0.099,0.311,1.02,-1.34,0.057,4.42,3.98,0.178,0,0,0.12,0.14,a,100
527,Richarlison,Spurs,FWD,5.9,67,0.6,-1.44,-0.1,0.069,-0.38,-1.06,0.0,2.69,1.34,0.464,0,0,0.0,0.0,u,0
148,Hato,Chelsea,DEF,4.5,258,0.8,-0.45,-0.101,0.223,-0.73,0.28,0.077,2.79,6.28,0.071,0,2,0.01,0.21,a,
36,Maatsen,Aston Villa,DEF,4.4,335,0.4,-0.37,-0.102,0.271,1.82,-2.19,0.196,2.42,6.45,0.226,0,0,0.28,0.45,i,0
214,Kamada,Crystal Palace,MID,5.0,441,0.5,-0.32,-0.104,0.329,-0.54,0.22,0.173,4.29,7.76,0.21,0,3,0.47,0.38,a,
405,N.Gonzalez,Newcastle,MID,5.5,164,0.2,-0.67,-0.104,0.154,-1.28,0.61,0.115,2.74,6.59,0.104,0,0,0.0,0.21,a,100
516,Bentancur,Spurs,MID,5.5,370,0.2,-0.36,-0.106,0.291,-1.25,0.88,0.034,3.65,14.59,0.108,0,0,0.02,0.12,a,
429,Rashford,Man Utd,MID,6.9,351,1.3,-0.38,-0.106,0.281,0.95,-1.33,0.31,2.56,4.62,0.423,0,0,0.78,0.43,d,75
239,Garner,Everton,MID,6.0,328,0.2,-0.4,-0.107,0.267,-0.63,0.23,0.102,3.02,12.35,0.196,0,0,0.2,0.17,a,100
473,Aina,Nott'm Forest,DEF,4.4,306,2.1,-0.43,-0.108,0.254,-0.65,0.23,0.168,2.35,6.47,0.076,0,0,0.04,0.53,a,
186,Mason-Clark,Coventry City,MID,5.3,231,0.1,-0.53,-0.108,0.204,,,0.245,1.95,5.84,,0,0,0.51,0.12,a,100
190,Tchaouna,Coventry City,MID,5.3,211,0.1,-0.57,-0.108,0.19,-0.92,0.35,0.175,2.13,7.68,0.156,0,0,0.23,0.18,a,
71,Cook,Bournemouth,MID,5.0,183,0.2,-0.65,-0.109,0.169,-1.22,0.58,0.005,4.43,7.87,0.112,0,0,0.0,0.01,a,
644,Timber,Crystal Palace,MID,5.0,253,0.0,-0.5,-0.109,0.219,,,0.107,3.2,9.6,,0,0,0.24,0.06,a,
358,Kerkez,Liverpool,DEF,5.3,385,2.1,-0.37,-0.11,0.3,-0.44,0.07,0.035,3.04,7.01,0.089,0,0,0.07,0.08,a,
421,Heaven,Man Utd,DEF,4.3,90,0.3,-1.25,-0.114,0.091,-1.05,-0.21,0.16,1.0,2.0,0.052,0,0,0.12,0.04,a,
525,Fernandes,Spurs,MID,5.7,249,0.7,-0.54,-0.116,0.217,,,0.17,2.53,7.59,,0,0,0.19,0.28,a,
577,Tomiyasu,Crystal Palace,DEF,4.4,189,0.2,-0.68,-0.117,0.174,,,0.014,1.43,8.1,,0,0,0.0,0.03,i,0
260,Wilson,Leeds,MID,6.2,164,1.4,-0.76,-0.117,0.154,0.51,-1.27,0.055,3.29,6.04,0.36,0,0,0.01,0.09,a,100
257,Bassey,Fulham,DEF,4.5,526,0.9,-0.32,-0.118,0.369,-0.97,0.65,0.039,3.42,6.5,0.057,0,1,0.13,0.1,a,
304,O'Shea,Ipswich Town,DEF,4.0,526,2.5,-0.32,-0.119,0.369,-1.02,0.7,0.058,2.05,9.41,0.054,0,0,0.07,0.27,a,
551,N.Angulo,Sunderland,MID,5.0,385,0.1,-0.4,-0.12,0.3,,,0.171,4.21,6.31,,1,1,0.6,0.13,a,
28,Martinez,Chelsea,GK,5.0,436,4.7,-0.37,-0.121,0.326,0.06,-0.43,0.002,2.48,0.0,0.002,0,0,0.0,0.01,a,
259,Diop,Ipswich Town,DEF,4.0,526,11.9,-0.33,-0.121,0.369,-0.98,0.66,0.046,2.4,8.73,0.056,0,0,0.1,0.17,a,
393,Khusanov,Man City,DEF,5.4,268,1.3,-0.53,-0.121,0.229,-0.21,-0.32,0.02,3.02,5.71,0.103,0,0,0.0,0.06,a,
423,Shaw,Man Utd,DEF,4.3,335,7.0,-0.44,-0.121,0.271,-0.54,0.1,0.164,2.42,6.18,0.083,0,1,0.03,0.58,a,100
557,Tzolis,Arsenal,MID,6.3,362,7.5,-0.43,-0.122,0.287,,,0.184,3.98,5.72,,0,2,0.19,0.55,i,0
201,Muñoz,Nott'm Forest,DEF,5.4,257,5.5,-0.56,-0.124,0.222,2.04,-2.6,0.284,1.75,5.25,0.24,0,0,0.6,0.21,a,
129,Ayari,Brighton,MID,5.4,408,0.4,-0.4,-0.125,0.312,-0.61,0.21,0.216,3.97,4.85,0.2,1,0,0.79,0.19,a,100
46,Barkley,Aston Villa,MID,5.0,308,0.2,-0.5,-0.128,0.255,-0.13,-0.37,0.152,2.92,8.18,0.269,0,0,0.38,0.14,a,
541,Meunier,Sunderland,DEF,4.5,429,0.3,-0.4,-0.129,0.323,,,0.224,3.15,4.2,,0,1,0.49,0.58,a,100
151,Acheampong,Chelsea,DEF,4.5,297,0.3,-0.53,-0.131,0.248,-0.19,-0.34,0.015,2.12,7.88,0.104,0,0,0.0,0.05,a,
558,Schlager,Nott'm Forest,MID,5.0,376,0.1,-0.45,-0.131,0.295,,,0.089,3.11,11.73,,0,0,0.19,0.18,a,
455,Tonali,Spurs,MID,5.3,427,1.7,-0.41,-0.132,0.322,-0.65,0.24,0.179,2.95,8.85,0.193,0,0,0.24,0.61,a,100
5,J.Timber,Arsenal,DEF,6.5,131,0.6,-1.07,-0.136,0.127,1.12,-2.19,0.055,1.37,4.12,0.184,0,0,0.0,0.08,a,100
562,Maeda,Ipswich Town,MID,5.3,335,0.2,-0.5,-0.137,0.271,,,0.201,2.69,6.45,,0,0,0.71,0.04,a,
357,Frimpong,Liverpool,DEF,5.3,178,1.7,-0.86,-0.142,0.165,1.02,-1.88,0.121,1.01,6.07,0.178,0,0,0.01,0.23,a,
336,Okafor,Leeds,MID,5.8,369,0.4,-0.49,-0.142,0.291,0.65,-1.14,0.122,4.88,4.88,0.38,1,0,0.22,0.28,a,
462,Steur,Newcastle,MID,4.9,223,0.1,-0.72,-0.143,0.199,,,0.024,3.23,8.48,,0,0,0.0,0.06,a,
254,Robinson,Fulham,DEF,4.5,429,1.4,-0.45,-0.144,0.323,0.29,-0.73,0.117,2.52,6.5,0.133,0,0,0.26,0.3,d,75
612,Methalie,Sunderland,DEF,4.5,92,0.0,-1.56,-0.144,0.093,,,0.039,0.0,2.93,,0,0,0.03,0.01,a,100
337,Aaronson,Leeds,MID,5.3,213,0.4,-0.76,-0.146,0.191,0.04,-0.81,0.013,3.38,7.61,0.293,0,0,0.01,0.02,a,
54,Gomes,Aston Villa,MID,5.5,202,0.0,-0.8,-0.146,0.183,,,0.018,1.78,10.69,,0,0,0.0,0.04,a,100
514,Tel,Spurs,MID,5.7,257,0.2,-0.68,-0.151,0.222,0.51,-1.19,0.154,2.8,4.55,0.36,0,0,0.21,0.23,a,
61,Truffert,Bournemouth,DEF,5.4,526,2.9,-0.42,-0.153,0.369,0.03,-0.45,0.115,1.54,9.07,0.118,0,0,0.11,0.56,a,
289,Crooks,Hull City,MID,4.4,203,0.5,-0.84,-0.154,0.184,,,0.053,1.33,9.31,,0,0,0.0,0.12,a,100
26,Havertz,Arsenal,FWD,7.6,499,6.7,-0.44,-0.156,0.357,0.06,-0.5,0.418,3.79,2.34,0.523,2,0,1.93,0.39,a,100
246,Röhl,Everton,MID,4.9,249,0.0,-0.73,-0.159,0.217,-1.05,0.32,0.072,2.17,8.67,0.136,0,0,0.0,0.2,d,50
73,Adams,Bournemouth,MID,5.0,355,0.3,-0.57,-0.16,0.283,-1.5,0.93,0.028,3.3,11.41,0.073,0,0,0.03,0.08,a,100
244,Armstrong,Everton,MID,5.0,446,0.4,-0.49,-0.163,0.331,-0.63,0.13,0.141,3.23,8.07,0.197,0,1,0.21,0.49,a,100
198,Henderson,Crystal Palace,GK,4.9,270,1.2,-0.71,-0.165,0.231,0.03,-0.74,0.0,1.67,0.0,0.002,0,0,0.0,0.0,i,0
575,Yirenkyi,Coventry City,MID,4.8,265,0.1,-0.72,-0.165,0.227,,,0.061,3.06,7.13,,0,0,0.03,0.15,a,
290,Slater,Hull City,MID,4.5,437,5.1,-0.52,-0.169,0.327,,,0.165,3.09,6.8,,0,1,0.21,0.59,a,
529,Roefs,Sunderland,GK,4.9,525,2.3,-0.47,-0.173,0.368,0.53,-1.0,0.002,2.23,0.0,0.003,0,0,0.0,0.01,a,
412,Lammens,Man Utd,GK,4.9,450,9.4,-0.52,-0.173,0.333,-0.94,0.42,0.0,2.2,0.0,0.0,0,0,0.0,0.0,a,
222,Strand Larsen,Crystal Palace,FWD,6.0,298,0.7,-0.7,-0.174,0.249,-1.61,0.91,0.19,4.23,3.93,0.3,1,0,0.43,0.2,a,
338,Ampadu,Leeds,MID,5.4,540,0.9,-0.47,-0.176,0.375,-1.08,0.61,0.063,3.67,11.0,0.132,0,1,0.09,0.29,a,
522,Gray,Spurs,MID,4.9,307,0.2,-0.69,-0.176,0.254,-1.23,0.54,0.082,2.64,7.92,0.111,0,0,0.23,0.05,a,
210,Wharton,Crystal Palace,MID,5.4,436,0.7,-0.54,-0.177,0.326,-0.09,-0.45,0.151,2.48,8.46,0.274,0,0,0.15,0.58,a,100
459,L.Miley,Newcastle,MID,5.5,396,0.1,-0.58,-0.178,0.306,-0.56,-0.02,0.043,2.73,11.82,0.207,0,0,0.05,0.14,d,75
576,Stroud,Hull City,MID,5.0,249,0.1,-0.82,-0.179,0.217,,,0.04,2.53,7.23,,0,0,0.06,0.05,a,
564,Scherpen,Ipswich Town,GK,4.5,360,0.5,-0.63,-0.18,0.286,,,0.003,1.75,0.0,,0,0,0.0,0.01,a,
7,Lewis-Skelly,Arsenal,MID,5.4,333,0.6,-0.67,-0.18,0.27,-1.71,1.04,0.143,2.97,4.86,0.042,0,0,0.18,0.35,a,
280,Coyle,Hull City,DEF,4.0,348,0.7,-0.65,-0.181,0.279,,,0.052,3.62,2.84,,0,0,0.13,0.07,a,100
536,Reinildo,Sunderland,DEF,4.4,432,0.2,-0.56,-0.182,0.324,-1.33,0.77,0.069,1.88,7.5,0.035,0,0,0.0,0.33,a,100
34,Pau,Aston Villa,DEF,4.4,187,0.3,-1.09,-0.188,0.172,-0.74,-0.36,0.005,1.44,4.33,0.071,0,0,0.0,0.01,a,100
418,Maguire,Man Utd,DEF,4.8,450,7.8,-0.59,-0.196,0.333,-0.39,-0.19,0.132,2.0,6.2,0.092,0,1,0.2,0.46,a,
634,Fernandez-Pardo,Newcastle,FWD,6.0,157,0.1,-1.32,-0.196,0.149,,,0.034,2.29,2.87,,0,0,0.05,0.01,a,
67,Rayan,Bournemouth,MID,6.3,510,1.5,-0.55,-0.2,0.362,0.55,-1.11,0.282,2.12,3.18,0.366,0,0,1.14,0.46,a,
51,George Hemmings,Aston Villa,MID,4.5,297,1.1,-0.81,-0.2,0.248,,,0.07,2.73,5.76,,0,0,0.07,0.16,a,
175,van Ewijk,Coventry City,DEF,4.0,360,7.7,-0.73,-0.208,0.286,,,0.075,1.5,6.75,,0,0,0.0,0.3,d,75
265,Berge,Fulham,MID,4.9,425,0.3,-0.67,-0.215,0.321,-1.42,0.75,0.138,2.96,5.08,0.084,0,0,0.27,0.38,a,
104,Onyeka,Coventry City,MID,4.9,314,0.1,-0.83,-0.216,0.259,-0.33,-0.5,0.014,2.58,8.03,0.24,0,0,0.03,0.02,a,100
417,Dalot,Man Utd,DEF,4.9,346,1.6,-0.8,-0.222,0.278,0.48,-1.28,0.122,2.08,4.16,0.145,0,0,0.24,0.23,a,
144,Gusto,Chelsea,DEF,4.9,272,0.9,-0.97,-0.226,0.232,1.08,-2.06,0.066,1.32,4.96,0.182,0,0,0.08,0.12,a,
267,Lukić,Ipswich Town,MID,4.9,476,0.1,-0.65,-0.226,0.346,-0.84,0.19,0.085,2.46,9.08,0.167,0,1,0.02,0.43,a,
501,Danso,Sunderland,DEF,5.0,345,0.2,-0.82,-0.228,0.277,-1.01,0.18,0.102,1.3,6.0,0.055,0,0,0.2,0.19,a,
295,McBurnie,Hull City,FWD,5.5,441,1.9,-0.71,-0.235,0.329,-0.06,-0.65,0.278,2.65,4.29,0.506,0,2,1.23,0.13,a,
37,Lindelöf,Aston Villa,DEF,4.5,523,0.3,-0.66,-0.243,0.368,-1.35,0.69,0.105,2.07,5.68,0.034,0,0,0.44,0.17,a,
545,Sadiki,Sunderland,MID,4.9,485,0.2,-0.7,-0.244,0.35,-1.38,0.68,0.13,2.23,6.68,0.09,0,0,0.44,0.26,a,
32,Cash,Aston Villa,DEF,4.4,369,4.6,-0.86,-0.249,0.291,0.19,-1.05,0.049,1.71,5.37,0.127,0,0,0.15,0.05,a,100
142,James,Chelsea,DEF,5.3,292,5.4,-1.03,-0.252,0.245,1.08,-2.11,0.182,0.92,4.01,0.181,0,0,0.33,0.26,d,75
419,Martinez,Man Utd,DEF,4.9,360,1.3,-0.89,-0.255,0.286,-0.6,-0.29,0.093,1.5,5.0,0.079,0,0,0.21,0.16,a,100
47,Kamara,Aston Villa,MID,5.0,516,0.3,-0.7,-0.255,0.364,-1.42,0.72,0.061,2.97,7.85,0.084,0,1,0.12,0.23,a,100
182,Amenda,Coventry City,DEF,4.0,360,0.5,-0.9,-0.256,0.286,,,0.102,1.0,6.0,,0,0,0.02,0.39,i,0
306,Greaves,Ipswich Town,DEF,3.9,357,1.1,-0.9,-0.256,0.284,-0.88,-0.02,0.015,0.76,7.56,0.062,0,0,0.0,0.06,a,
184,Grimes,Coventry City,MID,4.9,443,0.1,-0.81,-0.268,0.33,,,0.051,2.23,7.72,,0,0,0.12,0.13,a,
57,Petrović,Bournemouth,GK,4.5,526,2.9,-0.76,-0.28,0.369,-0.94,0.18,0.0,1.54,0.0,0.0,0,0,0.0,0.0,a,
149,Colwill,Chelsea,DEF,4.8,417,0.8,-0.91,-0.29,0.317,-1.11,0.2,0.015,1.08,6.69,0.048,0,0,0.01,0.06,a,
401,Marmoush,Spurs,FWD,7.0,339,2.2,-1.1,-0.301,0.274,-0.1,-1.0,0.141,2.12,3.45,0.501,0,0,0.38,0.15,a,
64,Smith,Bournemouth,DEF,4.5,505,0.1,-1.27,-0.456,0.359,-1.1,-0.17,0.027,0.71,4.1,0.049,0,0,0.01,0.14,a,
