rank,first_name,second_name,w_points,w_goals,w_assists,w_goal_involvements,w_xgi,w_bonus,w_minutes,seasons,player,position,latest_team,latest_season,gi_per90,rating,ranking_method
1,Erling,Haaland,208.88,24.62,6.31,30.94,26.02,34.12,2652.56,4,Haaland,FWD,Man City,2025-26,1.05,208.88,"recency-weighted FPL points, decay 8**(-age/3)"
2,Bruno,Borges Fernandes,192.75,8.25,16.69,24.94,19.74,31.94,2883.81,4,B.Fernandes,MID,Man United,2025-26,0.78,192.75,"recency-weighted FPL points, decay 8**(-age/3)"
3,Ollie,Watkins,176.16,15.88,6.98,22.86,16.36,27.0,2807.25,6,Watkins,FWD,Aston Villa,2025-26,0.73,176.16,"recency-weighted FPL points, decay 8**(-age/3)"
4,Bryan,Mbeumo,161.97,12.31,5.41,17.72,16.78,18.12,2676.22,5,Mbeumo,MID,Man United,2025-26,0.6,161.97,"recency-weighted FPL points, decay 8**(-age/3)"
5,Gabriel,dos Santos Magalhães,161.5,2.81,3.12,5.94,4.32,19.19,2559.06,4,Gabriel,DEF,Arsenal,2025-26,0.21,161.5,"recency-weighted FPL points, decay 8**(-age/3)"
6,Morgan,Gibbs-White,159.92,10.2,7.01,17.21,12.09,15.86,2853.51,8,Gibbs-White,MID,Nott'm Forest,2025-26,0.54,159.92,"recency-weighted FPL points, decay 8**(-age/3)"
7,Bukayo,Saka,159.06,8.3,10.41,18.71,15.41,19.03,2250.82,8,Saka,MID,Arsenal,2025-26,0.75,159.06,"recency-weighted FPL points, decay 8**(-age/3)"
8,Declan,Rice,157.2,4.2,7.74,11.95,8.87,18.97,3045.41,10,Rice,MID,Arsenal,2025-26,0.35,157.2,"recency-weighted FPL points, decay 8**(-age/3)"
9,Antoine,Semenyo,156.75,12.31,5.25,17.56,11.48,14.31,2678.5,4,Semenyo,MID,Man City,2025-26,0.59,156.75,"recency-weighted FPL points, decay 8**(-age/3)"
10,Virgil,van Dijk,154.19,4.35,1.19,5.54,4.12,9.45,3264.37,10,Virgil,DEF,Liverpool,2025-26,0.15,154.19,"recency-weighted FPL points, decay 8**(-age/3)"
11,Cole,Palmer,142.47,11.5,5.22,16.72,16.34,18.25,2128.53,7,Palmer,MID,Chelsea,2025-26,0.71,142.47,"recency-weighted FPL points, decay 8**(-age/3)"
12,Jordan,Pickford,141.21,0.0,0.31,0.31,0.23,13.25,3391.21,10,Pickford,GKP,Everton,2025-26,0.01,141.21,"recency-weighted FPL points, decay 8**(-age/3)"
13,Bruno,Guimarães Rodriguez Moura,138.66,7.03,6.47,13.5,9.49,16.03,2656.91,5,Bruno G.,MID,Arsenal,2025-26,0.46,138.66,"recency-weighted FPL points, decay 8**(-age/3)"
14,James,Tarkowski,138.51,1.51,2.03,3.54,4.18,10.5,3229.21,10,Tarkowski,DEF,Everton,2025-26,0.1,138.51,"recency-weighted FPL points, decay 8**(-age/3)"
15,Marc,Guéhi,136.53,2.38,3.16,5.53,4.52,10.88,2901.06,5,Guéhi,DEF,Man City,2025-26,0.17,136.53,"recency-weighted FPL points, decay 8**(-age/3)"
16,Phil,Foden,136.42,8.78,5.02,13.79,10.82,14.46,2053.57,9,Foden,MID,Man City,2025-26,0.6,136.42,"recency-weighted FPL points, decay 8**(-age/3)"
17,João Pedro,Junqueira de Jesus,134.9,11.22,6.41,17.62,13.53,23.12,2121.36,5,João Pedro,FWD,Chelsea,2025-26,0.75,134.9,"recency-weighted FPL points, decay 8**(-age/3)"
18,Morgan,Rogers,129.12,7.38,6.88,14.25,8.72,12.25,2498.25,3,Rogers,MID,Chelsea,2025-26,0.51,129.12,"recency-weighted FPL points, decay 8**(-age/3)"
19,William,Saliba,128.81,1.38,0.19,1.56,2.37,12.0,2645.19,6,Saliba,DEF,Arsenal,2025-26,0.05,128.81,"recency-weighted FPL points, decay 8**(-age/3)"
20,Dominik,Szoboszlai,128.12,4.88,6.5,11.38,10.14,14.88,2500.0,3,Szoboszlai,MID,Liverpool,2025-26,0.41,128.12,"recency-weighted FPL points, decay 8**(-age/3)"
21,Enzo,Fernández,124.5,6.88,5.0,11.88,13.75,12.81,2665.44,4,Enzo,MID,Man City,2025-26,0.4,124.5,"recency-weighted FPL points, decay 8**(-age/3)"
22,Elliot,Anderson,123.89,2.5,4.31,6.81,5.77,10.5,2499.48,6,Anderson,MID,Man City,2025-26,0.25,123.89,"recency-weighted FPL points, decay 8**(-age/3)"
23,Eberechi,Eze,123.36,7.59,4.59,12.19,10.17,10.77,2069.33,6,Eze,MID,Arsenal,2025-26,0.53,123.36,"recency-weighted FPL points, decay 8**(-age/3)"
24,Tyrick,Mitchell,123.28,0.77,3.59,4.36,3.88,6.95,3105.2,7,Mitchell,DEF,Crystal Palace,2025-26,0.13,123.28,"recency-weighted FPL points, decay 8**(-age/3)"
25,Harry,Wilson,120.21,7.18,6.2,13.38,7.62,12.8,1904.98,7,Wilson,MID,Brentford,2025-26,0.63,120.21,"recency-weighted FPL points, decay 8**(-age/3)"
26,Jean-Philippe,Mateta,119.83,11.8,1.41,13.2,13.62,16.41,2135.42,6,Mateta,FWD,Crystal Palace,2025-26,0.56,119.83,"recency-weighted FPL points, decay 8**(-age/3)"
27,Bernd,Leno,118.91,0.0,0.5,0.5,0.02,8.46,3286.94,8,Leno,GKP,Fulham,2025-26,0.01,118.91,"recency-weighted FPL points, decay 8**(-age/3)"
28,Cody,Gakpo,116.12,7.44,4.56,12.0,11.22,9.75,2143.31,4,Gakpo,MID,Liverpool,2025-26,0.5,116.12,"recency-weighted FPL points, decay 8**(-age/3)"
29,Alex,Iwobi,115.63,5.11,3.91,9.01,7.72,12.43,2570.21,10,Iwobi,MID,Fulham,2025-26,0.32,115.63,"recency-weighted FPL points, decay 8**(-age/3)"
30,Danny,Welbeck,114.54,10.31,2.77,13.08,11.07,15.88,2057.81,10,Welbeck,FWD,Chelsea,2025-26,0.57,114.54,"recency-weighted FPL points, decay 8**(-age/3)"
31,Dean,Henderson,112.31,0.0,0.01,0.01,0.06,6.64,2866.64,7,Henderson,GKP,Chelsea,2025-26,0.0,112.31,"recency-weighted FPL points, decay 8**(-age/3)"
32,Nathan,Collins,111.53,1.19,2.88,4.06,3.32,7.66,2837.0,5,Collins,DEF,Brentford,2025-26,0.13,111.53,"recency-weighted FPL points, decay 8**(-age/3)"
33,Alexis,Mac Allister,110.62,3.67,4.83,8.5,6.98,9.42,2567.41,7,Mac Allister,MID,Liverpool,2025-26,0.3,110.62,"recency-weighted FPL points, decay 8**(-age/3)"
34,Emiliano,Martínez Romero,110.56,0.0,0.5,0.5,0.06,10.31,2789.31,4,Martinez,GKP,Chelsea,2025-26,0.02,110.56,"recency-weighted FPL points, decay 8**(-age/3)"
35,Harvey,Barnes,109.59,7.57,2.79,10.36,8.92,8.71,1795.79,9,Barnes,MID,Newcastle,2025-26,0.52,109.59,"recency-weighted FPL points, decay 8**(-age/3)"
36,Dominic,Calvert-Lewin,107.99,9.29,2.14,11.43,12.32,12.78,2220.9,10,Calvert-Lewin,FWD,Leeds,2025-26,0.46,107.99,"recency-weighted FPL points, decay 8**(-age/3)"
37,Marcus,Tavernier,107.25,4.94,4.5,9.44,10.42,9.38,2222.5,4,Tavernier,MID,Bournemouth,2025-26,0.38,107.25,"recency-weighted FPL points, decay 8**(-age/3)"
38,Martin,Ødegaard,107.22,3.42,7.78,11.2,8.65,10.7,1945.14,6,Ødegaard,MID,Arsenal,2025-26,0.52,107.22,"recency-weighted FPL points, decay 8**(-age/3)"
39,Carlos Henrique,Casimiro,107.19,5.12,2.56,7.69,6.31,11.38,2040.0,4,Casemiro,MID,Man Utd,2025-26,0.34,107.19,"recency-weighted FPL points, decay 8**(-age/3)"
40,Dango,Ouattara,105.81,5.44,5.44,10.88,9.74,10.38,1864.19,4,O.Dango,MID,Brentford,2025-26,0.53,105.81,"recency-weighted FPL points, decay 8**(-age/3)"
41,Kevin,Schade,105.69,7.0,3.81,10.81,10.04,5.75,2028.31,4,Schade,MID,Brentford,2025-26,0.48,105.69,"recency-weighted FPL points, decay 8**(-age/3)"
42,Maxence,Lacroix,105.5,0.75,1.5,2.25,2.77,7.75,2321.5,2,Lacroix,DEF,Chelsea,2025-26,0.09,105.5,"recency-weighted FPL points, decay 8**(-age/3)"
43,Pedro,Lomba Neto,104.63,3.88,6.68,10.56,8.73,7.91,2190.98,7,Neto,MID,Chelsea,2025-26,0.43,104.63,"recency-weighted FPL points, decay 8**(-age/3)"
44,Jan Paul,van Hecke,103.75,1.75,1.75,3.5,3.45,6.12,2659.19,4,Van Hecke,DEF,Tottenham,2025-26,0.12,103.75,"recency-weighted FPL points, decay 8**(-age/3)"
45,Jurriën,Timber,103.0,1.75,3.75,5.5,3.76,6.75,1838.5,3,J.Timber,DEF,Arsenal,2025-26,0.27,103.0,"recency-weighted FPL points, decay 8**(-age/3)"
46,James,Garner,102.45,1.12,4.06,5.19,5.52,6.88,2528.94,7,Garner,MID,Everton,2025-26,0.18,102.45,"recency-weighted FPL points, decay 8**(-age/3)"
47,Trevoh,Chalobah,102.28,2.47,0.78,3.25,2.01,7.16,2146.16,6,Chalobah,DEF,Chelsea,2025-26,0.14,102.28,"recency-weighted FPL points, decay 8**(-age/3)"
48,Alexander,Isak,101.0,10.5,2.62,13.12,10.77,15.0,1413.12,4,Isak,FWD,Liverpool,2025-26,0.84,101.0,"recency-weighted FPL points, decay 8**(-age/3)"
49,Ryan,Gravenberch,100.62,2.62,3.5,6.12,3.66,9.12,2424.25,3,Gravenberch,MID,Liverpool,2025-26,0.23,100.62,"recency-weighted FPL points, decay 8**(-age/3)"
50,Dan,Burn,99.98,1.11,2.03,3.14,2.26,5.85,2596.48,8,Burn,DEF,Newcastle,2025-26,0.11,99.98,"recency-weighted FPL points, decay 8**(-age/3)"
51,Neco,Williams,99.91,1.31,2.47,3.78,4.39,9.84,2575.11,7,N.Williams,DEF,Nott'm Forest,2025-26,0.13,99.91,"recency-weighted FPL points, decay 8**(-age/3)"
52,Joachim,Andersen,99.7,0.33,1.02,1.34,2.69,6.86,2843.83,6,Andersen,DEF,Fulham,2025-26,0.04,99.7,"recency-weighted FPL points, decay 8**(-age/3)"
53,Diogo,Dalot Teixeira,99.5,0.81,4.5,5.31,4.08,9.56,2538.75,4,Dalot,DEF,Man United,2025-26,0.19,99.5,"recency-weighted FPL points, decay 8**(-age/3)"
54,Bart,Verbruggen,99.25,0.0,0.25,0.25,0.03,5.38,2756.25,3,Verbruggen,GKP,Brighton,2025-26,0.01,99.25,"recency-weighted FPL points, decay 8**(-age/3)"
55,Jacob,Murphy,99.05,4.19,5.55,9.74,6.97,5.99,1691.05,9,J.Murphy,MID,Newcastle,2025-26,0.52,99.05,"recency-weighted FPL points, decay 8**(-age/3)"
56,Ezri,Konsa Ngoyo,98.8,0.73,0.64,1.37,1.96,5.53,2986.0,7,Konsa,DEF,Arsenal,2025-26,0.04,98.8,"recency-weighted FPL points, decay 8**(-age/3)"
57,Nick,Pope,98.38,0.0,0.5,0.5,0.08,3.9,2388.99,10,Pope,GKP,Newcastle,2025-26,0.02,98.38,"recency-weighted FPL points, decay 8**(-age/3)"
58,John,McGinn,97.38,3.73,4.2,7.92,6.61,5.0,2332.16,7,McGinn,MID,Aston Villa,2025-26,0.31,97.38,"recency-weighted FPL points, decay 8**(-age/3)"
59,Chris,Wood,96.96,8.95,0.94,9.89,7.83,16.21,1622.35,9,Wood,FWD,Nott'm Forest,2025-26,0.55,96.96,"recency-weighted FPL points, decay 8**(-age/3)"
60,Mikkel,Damsgaard,96.94,2.5,5.0,7.5,6.94,7.0,1915.0,4,Damsgaard,MID,Brentford,2025-26,0.35,96.94,"recency-weighted FPL points, decay 8**(-age/3)"
61,Ismaïla,Sarr,96.59,6.54,2.8,9.34,10.46,8.05,1779.3,3,Sarr,MID,Crystal Palace,2025-26,0.47,96.59,"recency-weighted FPL points, decay 8**(-age/3)"
62,Vitalii,Mykolenko,96.38,0.53,1.47,2.0,2.43,4.72,2757.38,5,Mykolenko,DEF,Everton,2025-26,0.07,96.38,"recency-weighted FPL points, decay 8**(-age/3)"
63,Nikola,Milenković,95.75,1.25,1.0,2.25,1.95,1.5,2520.0,2,Milenković,DEF,Nott'm Forest,2025-26,0.08,95.75,"recency-weighted FPL points, decay 8**(-age/3)"
64,Moisés,Caicedo Corozo,94.94,1.94,1.94,3.88,3.39,6.75,2790.0,4,Caicedo,MID,Chelsea,2025-26,0.12,94.94,"recency-weighted FPL points, decay 8**(-age/3)"
65,Richarlison,de Andrade,94.83,8.52,3.41,11.93,7.8,10.53,1511.98,9,Richarlison,FWD,Tottenham,2025-26,0.71,94.83,"recency-weighted FPL points, decay 8**(-age/3)"
66,Jérémy,Doku,94.25,3.62,6.75,10.38,6.7,9.88,1461.12,3,Doku,MID,Man City,2025-26,0.64,94.25,"recency-weighted FPL points, decay 8**(-age/3)"
67,Matz,Sels,94.25,0.0,0.25,0.25,0.11,4.38,2368.5,3,Sels,GKP,Nott'm Forest,2025-26,0.01,94.25,"recency-weighted FPL points, decay 8**(-age/3)"
68,Joško,Gvardiol,93.12,2.75,1.25,4.0,4.01,7.75,1795.38,3,Gvardiol,DEF,Man City,2025-26,0.2,93.12,"recency-weighted FPL points, decay 8**(-age/3)"
69,Igor Thiago,Nascimento Rodrigues,92.75,11.0,0.5,11.5,11.26,11.0,1682.75,2,Thiago,FWD,Brentford,2025-26,0.62,92.75,"recency-weighted FPL points, decay 8**(-age/3)"
70,Iliman,Ndiaye,92.52,5.25,1.5,6.75,7.44,8.75,1997.17,4,Ndiaye,MID,Man City,2025-26,0.3,92.52,"recency-weighted FPL points, decay 8**(-age/3)"
71,Keane,Lewis-Potter,91.0,2.12,3.56,5.69,5.79,2.62,1951.06,4,Lewis-Potter,DEF,Brentford,2025-26,0.26,91.0,"recency-weighted FPL points, decay 8**(-age/3)"
72,Brennan,Johnson,90.75,4.88,3.81,8.69,7.55,6.31,1870.5,4,Johnson,MID,Everton,2025-26,0.42,90.75,"recency-weighted FPL points, decay 8**(-age/3)"
73,Lucas,Digne,90.52,0.2,5.6,5.8,3.87,5.87,2055.27,8,Digne,DEF,Aston Villa,2025-26,0.25,90.52,"recency-weighted FPL points, decay 8**(-age/3)"
74,Chris,Richards,89.56,0.88,0.38,1.25,2.62,3.5,2181.81,4,Richards,DEF,Crystal Palace,2025-26,0.05,89.56,"recency-weighted FPL points, decay 8**(-age/3)"
75,Francisco Evanilson,de Lima Barbosa,89.5,5.5,4.75,10.25,9.61,8.0,1949.75,2,Evanilson,FWD,Bournemouth,2025-26,0.47,89.5,"recency-weighted FPL points, decay 8**(-age/3)"
76,Matty,Cash,89.06,2.0,2.12,4.12,3.4,4.69,2406.06,4,Cash,DEF,Aston Villa,2025-26,0.15,89.06,"recency-weighted FPL points, decay 8**(-age/3)"
77,Michael,Keane,88.83,2.6,0.71,3.31,1.76,6.27,1845.13,10,Keane,DEF,Everton,2025-26,0.16,88.83,"recency-weighted FPL points, decay 8**(-age/3)"
78,Nico,O'Reilly,87.75,3.0,2.0,5.0,4.88,6.0,1452.75,3,O'Reilly,DEF,Man City,2025-26,0.31,87.75,"recency-weighted FPL points, decay 8**(-age/3)"
79,Marcos,Senesi Barón,87.5,0.0,3.0,3.0,3.12,7.0,1644.0,1,Senesi,DEF,Tottenham,2025-26,0.16,87.5,"recency-weighted FPL points, decay 8**(-age/3)"
80,Kiernan,Dewsbury-Hall,87.31,4.16,4.0,8.16,5.25,9.69,1588.47,4,Dewsbury-Hall,MID,Everton,2025-26,0.46,87.31,"recency-weighted FPL points, decay 8**(-age/3)"
81,Gabriel,Martinelli Silva,86.88,4.19,4.69,8.88,8.04,4.88,1529.06,4,Martinelli,MID,Arsenal,2025-26,0.52,86.88,"recency-weighted FPL points, decay 8**(-age/3)"
82,Callum,Hudson-Odoi,86.32,3.82,3.21,7.04,4.74,7.59,1751.79,9,Hudson-Odoi,MID,Nott'm Forest,2025-26,0.36,86.32,"recency-weighted FPL points, decay 8**(-age/3)"
83,Youri,Tielemans,86.24,1.5,4.94,6.45,5.23,6.55,2193.58,8,Tielemans,MID,Man United,2025-26,0.26,86.24,"recency-weighted FPL points, decay 8**(-age/3)"
84,Yoane,Wissa,85.94,7.16,2.81,9.97,9.0,10.44,1438.56,5,Wissa,FWD,Newcastle,2025-26,0.62,85.94,"recency-weighted FPL points, decay 8**(-age/3)"
85,Lewis,Dunk,85.58,1.08,0.97,2.05,2.49,4.97,2670.32,9,Dunk,DEF,Brighton,2025-26,0.07,85.58,"recency-weighted FPL points, decay 8**(-age/3)"
86,Yankuba,Minteh,84.0,3.0,5.25,8.25,6.72,6.5,1652.25,2,Minteh,MID,Brighton,2025-26,0.45,84.0,"recency-weighted FPL points, decay 8**(-age/3)"
87,Milos,Kerkez,83.38,1.5,2.25,3.75,2.18,4.62,2205.25,3,Kerkez,DEF,Liverpool,2025-26,0.15,83.38,"recency-weighted FPL points, decay 8**(-age/3)"
88,Fabian,Schär,83.07,1.67,1.14,2.81,2.92,3.25,1968.46,8,Schär,DEF,Newcastle,2025-26,0.13,83.07,"recency-weighted FPL points, decay 8**(-age/3)"
89,Adrien,Truffert,82.5,0.5,3.0,3.5,2.21,9.5,1689.0,1,Truffert,DEF,Bournemouth,2025-26,0.19,82.5,"recency-weighted FPL points, decay 8**(-age/3)"
90,Reece,James,81.76,1.48,4.22,5.7,2.98,8.15,1479.38,7,James,DEF,Chelsea,2025-26,0.35,81.76,"recency-weighted FPL points, decay 8**(-age/3)"
91,Mohammed,Kudus,81.12,3.25,5.12,8.38,5.64,6.38,1725.38,3,Kudus,MID,Tottenham,2025-26,0.44,81.12,"recency-weighted FPL points, decay 8**(-age/3)"
92,David,Raya Martín,81.0,0.0,0.0,0.0,0.04,5.5,1665.0,1,Raya,GKP,Arsenal,2025-26,0.0,81.0,"recency-weighted FPL points, decay 8**(-age/3)"
93,Amad,Diallo,80.75,3.12,4.64,7.77,7.4,8.12,1694.7,6,Amad,MID,Man United,2025-26,0.41,80.75,"recency-weighted FPL points, decay 8**(-age/3)"
94,Mathias,Jensen,80.69,2.19,2.47,4.66,5.78,2.75,1831.12,5,Jensen,MID,Brentford,2025-26,0.23,80.69,"recency-weighted FPL points, decay 8**(-age/3)"
95,Anthony,Elanga,80.58,2.2,4.53,6.73,5.56,4.47,1644.23,6,Elanga,MID,Newcastle,2025-26,0.37,80.58,"recency-weighted FPL points, decay 8**(-age/3)"
96,Norberto Bercique,Gomes Betuncal,80.0,6.88,0.5,7.38,7.49,10.62,1273.62,3,Beto,FWD,Everton,2025-26,0.52,80.0,"recency-weighted FPL points, decay 8**(-age/3)"
97,Alex,Scott,79.62,1.62,1.12,2.75,4.04,4.88,1735.62,3,Scott,MID,Bournemouth,2025-26,0.14,79.62,"recency-weighted FPL points, decay 8**(-age/3)"
98,Dwight,McNeil,78.77,1.87,4.99,6.86,4.98,4.85,1616.24,9,McNeil,MID,Crystal Palace,2025-26,0.38,78.77,"recency-weighted FPL points, decay 8**(-age/3)"
99,Antonee,Robinson,78.7,0.5,3.38,3.88,3.21,6.83,2169.98,5,Robinson,DEF,Fulham,2025-26,0.16,78.7,"recency-weighted FPL points, decay 8**(-age/3)"
100,Calvin,Bassey,78.5,0.88,0.5,1.38,1.46,5.0,2321.88,3,Bassey,DEF,Fulham,2025-26,0.05,78.5,"recency-weighted FPL points, decay 8**(-age/3)"
101,Joelinton Cássio,Apolinário de Lira,78.42,2.83,2.05,4.88,4.38,5.07,2030.91,7,Joelinton,MID,Newcastle,2025-26,0.22,78.42,"recency-weighted FPL points, decay 8**(-age/3)"
102,Andrew,Robertson,78.17,1.0,1.62,2.62,3.88,5.94,1750.05,10,Robertson,DEF,Tottenham,2025-26,0.13,78.17,"recency-weighted FPL points, decay 8**(-age/3)"
103,Emile,Smith Rowe,77.84,3.34,1.77,5.11,4.87,4.58,1599.31,7,Smith Rowe,MID,Fulham,2025-26,0.29,77.84,"recency-weighted FPL points, decay 8**(-age/3)"
104,Cristian,Romero,77.22,2.91,0.88,3.78,2.64,8.12,1842.56,5,Romero,DEF,Tottenham,2025-26,0.18,77.22,"recency-weighted FPL points, decay 8**(-age/3)"
105,Noni,Madueke,77.12,3.94,2.12,6.06,5.85,8.5,1279.94,4,Madueke,MID,Arsenal,2025-26,0.43,77.12,"recency-weighted FPL points, decay 8**(-age/3)"
106,Matheus,Nunes,77.0,0.5,4.0,4.5,1.28,8.0,1430.5,1,Matheus N.,DEF,Man City,2025-26,0.28,77.0,"recency-weighted FPL points, decay 8**(-age/3)"
107,Micky,van de Ven,76.12,2.38,1.0,3.38,2.03,6.75,2066.62,3,Van de Ven,DEF,Tottenham,2025-26,0.15,76.12,"recency-weighted FPL points, decay 8**(-age/3)"
108,Kai,Havertz,76.05,5.62,3.78,9.41,7.7,7.89,1325.12,6,Havertz,FWD,Arsenal,2025-26,0.64,76.05,"recency-weighted FPL points, decay 8**(-age/3)"
109,Granit,Xhaka,75.75,1.01,3.64,4.65,2.9,5.11,1788.33,9,Xhaka,MID,Sunderland,2025-26,0.23,75.75,"recency-weighted FPL points, decay 8**(-age/3)"
110,Guglielmo,Vicario,75.5,0.0,0.0,0.0,0.02,4.62,2362.5,3,Vicario,GKP,Tottenham,2025-26,0.0,75.5,"recency-weighted FPL points, decay 8**(-age/3)"
111,Nordi,Mukiele,75.5,1.5,2.5,4.0,2.13,5.5,1392.0,1,Mukiele,DEF,Sunderland,2025-26,0.26,75.5,"recency-weighted FPL points, decay 8**(-age/3)"
112,Vitaly,Janelt,75.0,1.19,3.31,4.5,3.25,4.19,1870.78,5,Janelt,MID,Brentford,2025-26,0.22,75.0,"recency-weighted FPL points, decay 8**(-age/3)"
113,Harry,Maguire,74.27,1.09,1.55,2.63,1.72,4.48,1688.06,10,Maguire,DEF,Man United,2025-26,0.14,74.27,"recency-weighted FPL points, decay 8**(-age/3)"
114,Jake,O'Brien,74.25,1.0,1.5,2.5,1.6,2.25,1951.0,3,O'Brien,DEF,Everton,2025-26,0.12,74.25,"recency-weighted FPL points, decay 8**(-age/3)"
115,Pascal,Groß,73.85,1.71,5.22,6.94,5.46,10.04,1538.76,9,Groß,MID,Brighton,2025-26,0.41,73.85,"recency-weighted FPL points, decay 8**(-age/3)"
116,Luke,Shaw,73.77,0.58,1.07,1.65,1.92,3.26,2093.3,10,Shaw,DEF,Man United,2025-26,0.07,73.77,"recency-weighted FPL points, decay 8**(-age/3)"
117,Jørgen,Strand Larsen,73.75,5.5,1.5,7.0,6.0,5.75,1797.25,2,Strand Larsen,FWD,Crystal Palace,2025-26,0.35,73.75,"recency-weighted FPL points, decay 8**(-age/3)"
118,Enzo,Le Fée,73.5,2.5,3.0,5.5,5.58,8.0,1465.0,1,E.Le Fée,MID,Sunderland,2025-26,0.34,73.5,"recency-weighted FPL points, decay 8**(-age/3)"
119,Rayan,Aït-Nouri,73.44,1.31,3.12,4.44,3.68,8.5,1621.06,4,Aït-Nouri,DEF,Man City,2025-26,0.25,73.44,"recency-weighted FPL points, decay 8**(-age/3)"
120,Jack,Hinshelwood,73.06,3.62,3.25,6.88,5.01,3.62,1436.06,4,Hinshelwood,MID,Brighton,2025-26,0.43,73.06,"recency-weighted FPL points, decay 8**(-age/3)"
121,Adam,Wharton,72.75,0.5,3.88,4.38,5.37,4.5,1766.5,3,Wharton,MID,Crystal Palace,2025-26,0.22,72.75,"recency-weighted FPL points, decay 8**(-age/3)"
122,Curtis,Jones,72.63,1.62,3.0,4.62,4.57,4.59,1641.55,9,C.Jones,MID,Liverpool,2025-26,0.25,72.63,"recency-weighted FPL points, decay 8**(-age/3)"
123,Justin,Kluivert,72.5,4.88,1.62,6.5,6.29,5.25,1296.0,3,Kluivert,MID,Bournemouth,2025-26,0.45,72.5,"recency-weighted FPL points, decay 8**(-age/3)"
124,Malo,Gusto,72.25,1.0,2.5,3.5,3.65,5.25,1809.0,3,Gusto,DEF,Chelsea,2025-26,0.17,72.25,"recency-weighted FPL points, decay 8**(-age/3)"
125,Sepp,van den Berg,72.0,0.0,1.75,1.75,3.06,1.75,2026.5,4,Van den Berg,DEF,Brentford,2025-26,0.08,72.0,"recency-weighted FPL points, decay 8**(-age/3)"
126,Matheus,Santos Carneiro da Cunha,71.5,5.0,2.0,7.0,5.13,7.0,1246.5,1,Cunha,MID,Man United,2025-26,0.51,71.5,"recency-weighted FPL points, decay 8**(-age/3)"
127,Caoimhín,Kelleher,71.5,0.0,0.0,0.0,0.11,5.5,1665.0,1,Kelleher,GKP,Brentford,2025-26,0.0,71.5,"recency-weighted FPL points, decay 8**(-age/3)"
128,Lewis,Hall,70.94,0.62,2.75,3.38,3.21,5.31,1772.44,5,Hall,DEF,Newcastle,2025-26,0.17,70.94,"recency-weighted FPL points, decay 8**(-age/3)"
129,Đorđe,Petrović,70.88,0.0,0.0,0.0,0.0,3.12,1958.25,3,Petrović,GKP,Bournemouth,2025-26,0.0,70.88,"recency-weighted FPL points, decay 8**(-age/3)"
130,James,Justin,70.07,1.53,1.16,2.7,2.11,6.36,1824.11,6,Justin,DEF,Leeds,2025-26,0.13,70.07,"recency-weighted FPL points, decay 8**(-age/3)"
131,Callum,Wilson,69.45,6.33,1.69,8.02,6.53,6.21,1058.85,10,Wilson,FWD,Brentford,2025-26,0.68,69.45,"recency-weighted FPL points, decay 8**(-age/3)"
132,Sandro,Tonali,69.0,1.12,1.5,2.62,4.25,3.5,1977.88,3,Tonali,MID,Tottenham,2025-26,0.12,69.0,"recency-weighted FPL points, decay 8**(-age/3)"
133,Sander,Berge,68.8,0.15,1.77,1.92,2.25,2.41,2407.35,5,Berge,MID,Fulham,2025-26,0.07,68.8,"recency-weighted FPL points, decay 8**(-age/3)"
134,Jack,Grealish,68.77,2.19,4.34,6.52,4.72,8.73,1362.99,7,Grealish,MID,Everton,2025-26,0.43,68.77,"recency-weighted FPL points, decay 8**(-age/3)"
135,Anton,Stach,68.5,2.5,3.0,5.5,3.68,7.0,1184.5,1,Stach,MID,Leeds,2025-26,0.42,68.5,"recency-weighted FPL points, decay 8**(-age/3)"
136,Georginio,Rutter,68.19,2.75,4.06,6.81,4.5,1.25,1317.19,3,Georginio,MID,Brighton,2025-26,0.47,68.19,"recency-weighted FPL points, decay 8**(-age/3)"
137,Brenden,Aaronson,68.19,2.06,4.25,6.31,4.47,2.5,1372.31,2,Aaronson,MID,Leeds,2025-26,0.41,68.19,"recency-weighted FPL points, decay 8**(-age/3)"
138,Daniel,Muñoz Mejía,68.0,2.0,2.0,4.0,3.2,4.5,1200.0,1,Muñoz,DEF,Liverpool,2025-26,0.3,68.0,"recency-weighted FPL points, decay 8**(-age/3)"
139,Robin,Roefs,68.0,0.0,0.0,0.0,0.05,6.0,1575.0,1,Roefs,GKP,Sunderland,2025-26,0.0,68.0,"recency-weighted FPL points, decay 8**(-age/3)"
140,Ethan,Ampadu,67.69,0.5,2.0,2.5,2.34,5.56,1592.13,8,Ampadu,MID,Leeds,2025-26,0.14,67.69,"recency-weighted FPL points, decay 8**(-age/3)"
141,Jaidon,Anthony,67.69,4.19,2.06,6.25,4.17,3.25,1454.94,4,Anthony,MID,Brentford,2025-26,0.39,67.69,"recency-weighted FPL points, decay 8**(-age/3)"
142,Yasin,Ayari,67.69,2.0,2.25,4.25,3.23,4.25,1454.06,4,Ayari,MID,Brighton,2025-26,0.26,67.69,"recency-weighted FPL points, decay 8**(-age/3)"
143,Benjamin,White,67.5,0.62,1.94,2.56,1.93,4.0,1212.5,4,White,DEF,Arsenal,2025-26,0.19,67.5,"recency-weighted FPL points, decay 8**(-age/3)"
144,Gianluigi,Donnarumma,67.5,0.0,0.0,0.0,0.06,2.5,1530.0,1,Donnarumma,GKP,Man City,2025-26,0.0,67.5,"recency-weighted FPL points, decay 8**(-age/3)"
145,Rayan,Cherki,67.5,2.0,6.5,8.5,6.57,8.0,886.0,1,Cherki,MID,Man City,2025-26,0.86,67.5,"recency-weighted FPL points, decay 8**(-age/3)"
146,Amadou,Onana,67.31,2.06,0.19,2.25,2.66,4.0,1696.75,4,Onana,MID,Aston Villa,2025-26,0.12,67.31,"recency-weighted FPL points, decay 8**(-age/3)"
147,Ola,Aina,67.1,0.53,1.27,1.8,1.34,6.38,1584.15,4,Aina,DEF,Nott'm Forest,2025-26,0.1,67.1,"recency-weighted FPL points, decay 8**(-age/3)"
148,James,Maddison,67.06,3.95,4.46,8.41,5.47,6.53,1029.76,8,Maddison,MID,Tottenham,2025-26,0.73,67.06,"recency-weighted FPL points, decay 8**(-age/3)"
149,Martín,Zubimendi Ibáñez,66.5,2.5,0.5,3.0,2.55,4.5,1495.5,1,Zubimendi,MID,Arsenal,2025-26,0.18,66.5,"recency-weighted FPL points, decay 8**(-age/3)"
150,Ryan,Sessegnon,66.12,2.63,2.18,4.82,2.56,5.36,1146.11,8,Sessegnon,MID,Fulham,2025-26,0.38,66.12,"recency-weighted FPL points, decay 8**(-age/3)"
151,Timothy,Castagne,66.06,0.31,1.94,2.25,2.41,3.36,1964.7,6,Castagne,DEF,Fulham,2025-26,0.1,66.06,"recency-weighted FPL points, decay 8**(-age/3)"
152,Rodrigo,Bentancur,65.31,1.44,0.88,2.31,1.94,2.81,1610.94,5,Bentancur,MID,Tottenham,2025-26,0.13,65.31,"recency-weighted FPL points, decay 8**(-age/3)"
153,Pape Matar,Sarr,64.88,2.12,2.94,5.06,3.16,2.5,1440.31,4,P.M.Sarr,MID,Tottenham,2025-26,0.32,64.88,"recency-weighted FPL points, decay 8**(-age/3)"
154,Emiliano,Buendía Stati,64.41,3.44,1.38,4.81,3.62,5.75,1107.97,5,Buendía,MID,Aston Villa,2025-26,0.39,64.41,"recency-weighted FPL points, decay 8**(-age/3)"
155,Riccardo,Calafiori,64.25,1.0,1.25,2.25,2.45,3.25,1093.0,2,Calafiori,DEF,Arsenal,2025-26,0.19,64.25,"recency-weighted FPL points, decay 8**(-age/3)"
156,Viktor,Gyökeres,64.0,7.0,0.5,7.5,7.1,8.0,1108.5,1,Gyökeres,FWD,Arsenal,2025-26,0.61,64.0,"recency-weighted FPL points, decay 8**(-age/3)"
157,Tino,Livramento,64.0,0.16,0.81,0.97,1.42,3.72,1604.88,5,Livramento,DEF,Newcastle,2025-26,0.05,64.0,"recency-weighted FPL points, decay 8**(-age/3)"
158,Sven,Botman,63.44,0.75,0.88,1.62,1.88,4.0,1387.31,4,Botman,DEF,Newcastle,2025-26,0.11,63.44,"recency-weighted FPL points, decay 8**(-age/3)"
159,Jacob,Ramsey,63.41,1.94,3.16,5.09,3.2,3.34,1481.7,6,J.Ramsey,MID,Newcastle,2025-26,0.31,63.41,"recency-weighted FPL points, decay 8**(-age/3)"
160,Jefferson,Lerma Solís,63.31,0.44,2.88,3.31,3.26,2.81,1931.62,4,Lerma,MID,Crystal Palace,2025-26,0.15,63.31,"recency-weighted FPL points, decay 8**(-age/3)"
161,Michael,Kayode,63.25,0.5,1.25,1.75,2.31,4.5,1759.75,2,Kayode,DEF,Brentford,2025-26,0.09,63.25,"recency-weighted FPL points, decay 8**(-age/3)"
162,Malick,Thiaw,63.0,2.0,0.0,2.0,2.88,6.0,1481.5,1,Thiaw,DEF,Newcastle,2025-26,0.12,63.0,"recency-weighted FPL points, decay 8**(-age/3)"
163,Yehor,Yarmoliuk,62.75,0.5,1.5,2.0,1.69,0.5,1684.75,2,Yarmoliuk,MID,Brentford,2025-26,0.11,62.75,"recency-weighted FPL points, decay 8**(-age/3)"
164,Kenny,Tete,62.53,0.69,0.83,1.52,2.02,2.61,1630.27,5,Tete,DEF,Fulham,2025-26,0.08,62.53,"recency-weighted FPL points, decay 8**(-age/3)"
165,Omar,Alderete,62.5,0.5,0.5,1.0,1.27,2.5,1398.5,1,Alderete,DEF,Sunderland,2025-26,0.06,62.5,"recency-weighted FPL points, decay 8**(-age/3)"
166,Florian,Wirtz,62.5,2.5,2.0,4.5,5.98,8.5,1187.0,1,Wirtz,MID,Liverpool,2025-26,0.34,62.5,"recency-weighted FPL points, decay 8**(-age/3)"
167,Hugo,Ekitiké,62.5,5.5,2.0,7.5,6.28,11.0,898.5,1,Ekitiké,FWD,Liverpool,2025-26,0.75,62.5,"recency-weighted FPL points, decay 8**(-age/3)"
168,Kristoffer,Ajer,60.59,0.28,1.22,1.5,1.57,1.03,1599.03,5,Ajer,DEF,Brentford,2025-26,0.08,60.59,"recency-weighted FPL points, decay 8**(-age/3)"
169,Pascal,Struijk,60.33,0.17,0.66,0.83,2.07,2.28,1701.31,4,Struijk,DEF,Brighton,2025-26,0.04,60.33,"recency-weighted FPL points, decay 8**(-age/3)"
170,Mats,Wieffer,60.0,1.25,3.25,4.5,2.34,4.0,1201.25,2,Wieffer,MID,Brighton,2025-26,0.34,60.0,"recency-weighted FPL points, decay 8**(-age/3)"
171,James,Hill,59.88,0.0,1.75,1.75,1.16,2.0,1171.0,4,Hill,DEF,Bournemouth,2025-26,0.13,59.88,"recency-weighted FPL points, decay 8**(-age/3)"
172,Martin,Dúbravka,59.0,0.0,0.0,0.0,0.02,4.0,1800.0,2,Dúbravka,GKP,Tottenham,2025-26,0.0,59.0,"recency-weighted FPL points, decay 8**(-age/3)"
173,Adam,Smith,58.74,0.01,1.46,1.47,0.77,2.86,1416.44,8,Smith,DEF,Bournemouth,2025-26,0.09,58.74,"recency-weighted FPL points, decay 8**(-age/3)"
174,Sean,Longstaff,58.65,1.86,2.0,3.86,3.32,3.05,1278.02,8,Longstaff,MID,Leeds,2025-26,0.27,58.65,"recency-weighted FPL points, decay 8**(-age/3)"
175,Pedro,Porro Sauceda,58.5,0.5,1.5,2.0,2.71,4.0,1396.5,1,Pedro Porro,DEF,Tottenham,2025-26,0.13,58.5,"recency-weighted FPL points, decay 8**(-age/3)"
176,Daniel,Ballard,58.0,1.0,1.0,2.0,1.54,4.5,1072.0,1,Ballard,DEF,Sunderland,2025-26,0.17,58.0,"recency-weighted FPL points, decay 8**(-age/3)"
177,Ryan,Christie,57.75,1.56,2.0,3.56,3.85,3.0,1495.06,4,Christie,MID,Bournemouth,2025-26,0.21,57.75,"recency-weighted FPL points, decay 8**(-age/3)"
178,Igor Jesus,Maciel da Cruz,57.0,3.0,3.0,6.0,3.87,6.5,1146.5,1,Igor Jesus,FWD,Nott'm Forest,2025-26,0.47,57.0,"recency-weighted FPL points, decay 8**(-age/3)"
179,Marcus,Rashford,56.91,3.92,2.15,6.07,4.4,4.02,935.28,10,Rashford,MID,Man United,2025-26,0.58,56.91,"recency-weighted FPL points, decay 8**(-age/3)"
180,Kobbie,Mainoo,56.69,0.88,1.12,2.0,1.81,2.0,1479.5,4,Mainoo,MID,Man United,2025-26,0.12,56.69,"recency-weighted FPL points, decay 8**(-age/3)"
181,Tyler,Adams,56.56,1.0,1.75,2.75,1.23,1.94,1523.75,4,Adams,MID,Bournemouth,2025-26,0.16,56.56,"recency-weighted FPL points, decay 8**(-age/3)"
182,Rúben,dos Santos Gato Alves Dias,56.5,1.0,0.0,1.0,0.61,2.0,1069.5,1,Rúben,DEF,Man City,2025-26,0.08,56.5,"recency-weighted FPL points, decay 8**(-age/3)"
183,Robert,Lynch Sánchez,56.5,0.0,0.5,0.5,0.02,3.5,1520.0,1,Sánchez,GKP,Bournemouth,2025-26,0.03,56.5,"recency-weighted FPL points, decay 8**(-age/3)"
184,Junior,Kroupi,56.5,6.5,0.0,6.5,4.91,6.5,831.5,1,Kroupi.Jr,FWD,Bournemouth,2025-26,0.7,56.5,"recency-weighted FPL points, decay 8**(-age/3)"
185,Jayden,Bogle,56.48,0.91,2.88,3.78,3.03,0.5,1763.17,3,Bogle,DEF,Leeds,2025-26,0.19,56.48,"recency-weighted FPL points, decay 8**(-age/3)"
186,Pau,Torres,56.38,0.25,1.0,1.25,1.3,2.25,1649.0,3,Pau,DEF,Aston Villa,2025-26,0.07,56.38,"recency-weighted FPL points, decay 8**(-age/3)"
187,Raúl,Jiménez Rodríguez,56.0,4.5,2.5,7.0,6.24,3.5,1091.5,1,Raúl,FWD,Fulham,2025-26,0.58,56.0,"recency-weighted FPL points, decay 8**(-age/3)"
188,Liam,Delap,55.55,3.5,1.5,5.0,5.09,6.0,1193.61,5,Delap,FWD,Nott'm Forest,2025-26,0.38,55.55,"recency-weighted FPL points, decay 8**(-age/3)"
189,Benjamin,Sesko,55.5,5.5,1.0,6.5,4.74,9.5,815.0,1,Šeško,FWD,Man United,2025-26,0.72,55.5,"recency-weighted FPL points, decay 8**(-age/3)"
190,Joe,Rodon,55.02,1.0,0.0,1.0,0.98,2.55,1490.16,6,Rodon,DEF,Leeds,2025-26,0.06,55.02,"recency-weighted FPL points, decay 8**(-age/3)"
191,Trai,Hume,55.0,1.0,0.5,1.5,2.16,3.0,1516.0,1,Hume,DEF,Sunderland,2025-26,0.09,55.0,"recency-weighted FPL points, decay 8**(-age/3)"
192,Dejan,Kulusevski,54.59,3.03,2.09,5.12,3.9,4.56,1109.59,5,Kulusevski,MID,Tottenham,2025-26,0.42,54.59,"recency-weighted FPL points, decay 8**(-age/3)"
193,Noah,Okafor,54.5,4.0,1.5,5.5,3.28,5.5,776.5,1,Okafor,MID,Leeds,2025-26,0.64,54.5,"recency-weighted FPL points, decay 8**(-age/3)"
194,Senne,Lammens,54.5,0.0,0.0,0.0,0.0,5.5,1440.0,1,Lammens,GKP,Man United,2025-26,0.0,54.5,"recency-weighted FPL points, decay 8**(-age/3)"
195,Ross,Barkley,54.18,2.98,1.98,4.95,2.8,4.41,937.1,10,Barkley,MID,Aston Villa,2025-26,0.48,54.18,"recency-weighted FPL points, decay 8**(-age/3)"
196,Carlos,Baleba,54.0,0.75,0.25,1.0,1.96,1.75,1652.25,3,Baleba,MID,Man United,2025-26,0.05,54.0,"recency-weighted FPL points, decay 8**(-age/3)"
197,Nick,Woltemade,54.0,4.0,2.0,6.0,4.06,6.0,948.0,1,Woltemade,FWD,Newcastle,2025-26,0.57,54.0,"recency-weighted FPL points, decay 8**(-age/3)"
198,Lewis,Cook,53.84,0.25,2.01,2.26,2.05,1.44,1653.44,8,Cook,MID,Bournemouth,2025-26,0.12,53.84,"recency-weighted FPL points, decay 8**(-age/3)"
199,Jarrad,Branthwaite,53.8,0.91,0.88,1.78,1.04,2.05,1370.18,7,Branthwaite,DEF,Everton,2025-26,0.12,53.8,"recency-weighted FPL points, decay 8**(-age/3)"
200,Saša,Lukić,52.88,0.62,2.5,3.12,2.95,2.25,1591.12,3,Lukić,MID,Ipswich,2025-26,0.18,52.88,"recency-weighted FPL points, decay 8**(-age/3)"
201,Ibrahim,Sangaré,52.62,1.0,1.25,2.25,1.67,1.0,1311.38,3,Sangaré,MID,Nott'm Forest,2025-26,0.15,52.62,"recency-weighted FPL points, decay 8**(-age/3)"
202,Boubacar,Kamara,52.5,0.75,1.69,2.44,1.35,4.38,1452.44,4,Kamara,MID,Aston Villa,2025-26,0.15,52.5,"recency-weighted FPL points, decay 8**(-age/3)"
203,Jack,Harrison,52.28,1.31,1.81,3.12,3.41,3.17,1220.59,6,Harrison,MID,Leeds,2025-26,0.23,52.28,"recency-weighted FPL points, decay 8**(-age/3)"
204,Patrick,Dorgu,52.0,2.0,2.0,4.0,2.54,5.75,930.0,2,Dorgu,DEF,Man United,2025-26,0.39,52.0,"recency-weighted FPL points, decay 8**(-age/3)"
205,Djed,Spence,52.0,0.25,0.5,0.75,1.84,3.0,1472.31,4,Spence,DEF,Tottenham,2025-26,0.05,52.0,"recency-weighted FPL points, decay 8**(-age/3)"
206,Mason,Mount,51.9,2.55,0.75,3.3,2.97,2.84,965.8,7,Mount,MID,Man United,2025-26,0.31,51.9,"recency-weighted FPL points, decay 8**(-age/3)"
207,Rodrigo,Muniz Carvalho,51.62,3.62,1.0,4.62,4.46,6.5,927.88,4,Muniz,FWD,Fulham,2025-26,0.45,51.62,"recency-weighted FPL points, decay 8**(-age/3)"
208,Will,Hughes,51.43,0.08,1.9,1.99,2.77,1.3,1653.88,8,Hughes,MID,Crystal Palace,2025-26,0.11,51.43,"recency-weighted FPL points, decay 8**(-age/3)"
209,Tyrone,Mings,51.29,0.14,1.11,1.25,1.28,4.88,1315.02,10,Mings,DEF,Aston Villa,2025-26,0.09,51.29,"recency-weighted FPL points, decay 8**(-age/3)"
210,Jaka,Bijol,49.5,0.5,1.5,2.0,0.82,3.0,944.0,1,Bijol,DEF,Leeds,2025-26,0.19,49.5,"recency-weighted FPL points, decay 8**(-age/3)"
211,Mathys,Tel,49.5,2.5,1.5,4.0,3.58,4.0,894.0,2,Tel,MID,Tottenham,2025-26,0.4,49.5,"recency-weighted FPL points, decay 8**(-age/3)"
212,Lisandro,Martínez,49.44,0.56,0.38,0.94,1.11,3.12,1264.69,4,Martinez,DEF,Chelsea,2025-26,0.07,49.44,"recency-weighted FPL points, decay 8**(-age/3)"
213,Diego,Gómez Amarilla,48.5,2.5,0.5,3.0,3.98,4.5,1058.5,1,Gomez,MID,Brighton,2025-26,0.26,48.5,"recency-weighted FPL points, decay 8**(-age/3)"
214,Noussair,Mazraoui,48.5,0.0,0.25,0.25,0.91,4.25,1197.5,2,Mazraoui,DEF,Man United,2025-26,0.02,48.5,"recency-weighted FPL points, decay 8**(-age/3)"
215,Leon,Bailey,48.16,1.78,3.28,5.06,4.46,2.28,912.06,5,Bailey,MID,Aston Villa,2025-26,0.5,48.16,"recency-weighted FPL points, decay 8**(-age/3)"
216,Jordan,Henderson,48.05,0.62,1.93,2.55,1.63,2.92,1223.35,9,Henderson,MID,Chelsea,2025-26,0.19,48.05,"recency-weighted FPL points, decay 8**(-age/3)"
217,Nicolas,Jackson,48.0,4.25,2.25,6.5,6.04,5.75,905.12,3,N.Jackson,FWD,Aston Villa,2025-26,0.65,48.0,"recency-weighted FPL points, decay 8**(-age/3)"
218,Conor,Gallagher,47.73,1.59,1.78,3.38,2.17,3.73,1211.5,6,Gallagher,MID,Tottenham,2025-26,0.25,47.73,"recency-weighted FPL points, decay 8**(-age/3)"
219,Tosin,Adarabioyo,47.62,0.56,0.27,0.83,0.76,3.23,1123.14,5,Tosin,DEF,Tottenham,2025-26,0.07,47.62,"recency-weighted FPL points, decay 8**(-age/3)"
220,Thierno,Barry,47.5,4.0,0.0,4.0,4.3,4.5,949.0,1,Barry,FWD,Everton,2025-26,0.38,47.5,"recency-weighted FPL points, decay 8**(-age/3)"
221,Christian,Nørgaard,47.09,1.66,1.88,3.53,2.43,2.66,1274.12,5,Nørgaard,MID,Everton,2025-26,0.25,47.09,"recency-weighted FPL points, decay 8**(-age/3)"
222,Dominic,Solanke-Mitchell,47.0,3.75,1.25,5.0,4.66,3.75,1048.25,2,Solanke,FWD,Tottenham,2025-26,0.43,47.0,"recency-weighted FPL points, decay 8**(-age/3)"
223,Lewis,Miley,46.81,0.88,2.38,3.25,2.24,2.88,973.75,4,L.Miley,MID,Newcastle,2025-26,0.3,46.81,"recency-weighted FPL points, decay 8**(-age/3)"
224,André,Onana,46.62,0.0,0.0,0.0,0.06,3.25,1192.5,3,Onana,GKP,Aston Villa,2025-26,0.0,46.62,"recency-weighted FPL points, decay 8**(-age/3)"
225,David,Brooks,46.33,1.16,1.9,3.06,6.15,2.79,886.54,6,Brooks,MID,Bournemouth,2025-26,0.31,46.33,"recency-weighted FPL points, decay 8**(-age/3)"
226,Omar,Marmoush,46.25,3.25,1.75,5.0,3.56,5.5,639.0,2,Marmoush,MID,Tottenham,2025-26,0.7,46.25,"recency-weighted FPL points, decay 8**(-age/3)"
227,Brian,Brobbey,46.0,3.5,1.0,4.5,3.34,6.0,960.0,1,Brobbey,FWD,Sunderland,2025-26,0.42,46.0,"recency-weighted FPL points, decay 8**(-age/3)"
228,Tijjani,Reijnders,46.0,2.5,1.5,4.0,3.48,3.0,811.5,1,Reijnders,MID,Man City,2025-26,0.44,46.0,"recency-weighted FPL points, decay 8**(-age/3)"
229,Nicolás,Domínguez,45.88,0.75,1.0,1.75,2.22,2.25,1258.62,3,Dominguez,MID,Nott'm Forest,2025-26,0.13,45.88,"recency-weighted FPL points, decay 8**(-age/3)"
230,William,Osula,45.88,3.75,0.62,4.38,2.73,6.75,530.75,4,Osula,FWD,Newcastle,2025-26,0.74,45.88,"recency-weighted FPL points, decay 8**(-age/3)"
231,Alisson,Becker,45.5,0.0,0.0,0.0,0.02,4.0,1170.0,1,A.Becker,GKP,Liverpool,2025-26,0.0,45.5,"recency-weighted FPL points, decay 8**(-age/3)"
232,Daichi,Kamada,44.75,0.0,1.0,1.0,3.11,0.0,1335.75,2,Kamada,MID,Crystal Palace,2025-26,0.07,44.75,"recency-weighted FPL points, decay 8**(-age/3)"
233,Simon,Adingra,44.12,1.75,1.38,3.12,2.72,2.5,872.25,3,Adingra,MID,Sunderland,2025-26,0.32,44.12,"recency-weighted FPL points, decay 8**(-age/3)"
234,Taiwo,Awoniyi,44.12,3.62,1.44,5.06,3.96,3.62,556.19,4,Awoniyi,FWD,Coventry,2025-26,0.82,44.12,"recency-weighted FPL points, decay 8**(-age/3)"
235,Piero,Hincapié,43.5,0.5,1.0,1.5,1.01,3.5,893.5,1,Hincapie,DEF,Arsenal,2025-26,0.15,43.5,"recency-weighted FPL points, decay 8**(-age/3)"
236,Wesley,Fofana,42.95,0.06,1.02,1.08,0.88,2.39,1292.12,6,Fofana,DEF,Chelsea,2025-26,0.08,42.95,"recency-weighted FPL points, decay 8**(-age/3)"
237,Ian,Maatsen,42.62,0.25,1.0,1.25,2.77,0.5,1101.25,3,Maatsen,DEF,Aston Villa,2025-26,0.1,42.62,"recency-weighted FPL points, decay 8**(-age/3)"
238,Ryan,Yates,42.44,0.62,1.81,2.44,1.72,0.88,1138.19,4,Yates,MID,Nott'm Forest,2025-26,0.19,42.44,"recency-weighted FPL points, decay 8**(-age/3)"
239,Maxim,De Cuyper,42.0,1.0,1.5,2.5,2.87,4.5,702.0,1,De Cuyper,DEF,Brighton,2025-26,0.32,42.0,"recency-weighted FPL points, decay 8**(-age/3)"
240,Wilson,Odobert,41.75,0.62,1.5,2.12,2.92,4.12,958.62,3,Odobert,MID,Tottenham,2025-26,0.2,41.75,"recency-weighted FPL points, decay 8**(-age/3)"
241,Archie,Gray,41.75,1.0,1.0,2.0,1.45,3.0,1173.0,4,Gray,MID,Tottenham,2025-26,0.15,41.75,"recency-weighted FPL points, decay 8**(-age/3)"
242,Axel,Disasi,41.62,0.5,0.0,0.5,1.23,1.25,1162.12,3,Disasi,DEF,Crystal Palace,2025-26,0.04,41.62,"recency-weighted FPL points, decay 8**(-age/3)"
243,Tom,Cairney,41.51,1.77,0.83,2.6,2.11,0.92,795.39,6,Cairney,MID,Fulham,2025-26,0.29,41.51,"recency-weighted FPL points, decay 8**(-age/3)"
244,Chemsdine,Talbi,41.5,2.0,1.0,3.0,1.65,3.0,776.5,1,Talbi,MID,Sunderland,2025-26,0.35,41.5,"recency-weighted FPL points, decay 8**(-age/3)"
245,Murillo,Costa dos Santos,41.5,0.5,0.0,0.5,0.6,1.5,1065.0,1,Murillo,DEF,Nott'm Forest,2025-26,0.04,41.5,"recency-weighted FPL points, decay 8**(-age/3)"
246,Idrissa Gana,Gueye,41.5,1.0,1.5,2.5,1.92,2.0,1047.0,1,Gana,MID,Everton,2025-26,0.21,41.5,"recency-weighted FPL points, decay 8**(-age/3)"
247,Omari,Hutchinson,41.06,0.5,3.5,4.0,2.94,1.5,839.38,3,Hutchinson,MID,Nott'm Forest,2025-26,0.43,41.06,"recency-weighted FPL points, decay 8**(-age/3)"
248,Gabriel,Fernando de Jesus,40.94,3.44,1.81,5.25,4.64,3.81,671.75,4,G.Jesus,FWD,Arsenal,2025-26,0.7,40.94,"recency-weighted FPL points, decay 8**(-age/3)"
249,Tim,Iroegbunam,40.88,0.0,1.75,1.75,0.72,0.5,901.44,6,Iroegbunam,MID,Hull,2025-26,0.17,40.88,"recency-weighted FPL points, decay 8**(-age/3)"
250,Joe,Willock,40.44,0.31,1.94,2.25,2.72,0.69,963.88,4,Willock,MID,Newcastle,2025-26,0.21,40.44,"recency-weighted FPL points, decay 8**(-age/3)"
251,Noah,Sadiki,40.0,0.0,1.0,1.0,1.44,0.0,1445.5,1,Sadiki,MID,Sunderland,2025-26,0.06,40.0,"recency-weighted FPL points, decay 8**(-age/3)"
252,Xavi,Simons,40.0,1.0,2.5,3.5,3.46,3.5,873.5,1,Xavi,MID,Tottenham,2025-26,0.36,40.0,"recency-weighted FPL points, decay 8**(-age/3)"
253,Darwin,Núñez Ribeiro,39.25,3.19,2.44,5.62,5.07,3.12,637.62,4,Darwin,FWD,Liverpool,2025-26,0.79,39.25,"recency-weighted FPL points, decay 8**(-age/3)"
254,Mateo,Kovačić,39.12,1.62,1.25,2.88,1.92,3.5,803.38,3,Kovačić,MID,Man City,2025-26,0.32,39.12,"recency-weighted FPL points, decay 8**(-age/3)"
255,Rico,Henry,39.0,0.09,1.31,1.41,0.78,0.38,1023.84,5,Henry,DEF,Brentford,2025-26,0.12,39.0,"recency-weighted FPL points, decay 8**(-age/3)"
256,Matthijs,de Ligt,38.5,1.0,0.0,1.0,1.79,3.25,1114.75,2,De Ligt,DEF,Man United,2025-26,0.08,38.5,"recency-weighted FPL points, decay 8**(-age/3)"
257,Yéremy,Pino Santos,38.5,1.0,1.0,2.0,5.32,1.5,1037.0,1,Yeremy,MID,Crystal Palace,2025-26,0.17,38.5,"recency-weighted FPL points, decay 8**(-age/3)"
258,Ethan,Pinnock,38.19,0.97,0.03,1.0,1.06,2.22,1205.06,5,Pinnock,DEF,Coventry,2025-26,0.07,38.19,"recency-weighted FPL points, decay 8**(-age/3)"
259,Eddie,Nketiah,37.56,2.62,1.12,3.75,4.03,3.44,661.56,4,Nketiah,FWD,Crystal Palace,2025-26,0.51,37.56,"recency-weighted FPL points, decay 8**(-age/3)"
260,Victor,Lindelöf,37.55,0.15,0.71,0.86,0.39,1.34,1046.43,9,Lindelöf,DEF,Aston Villa,2025-26,0.07,37.55,"recency-weighted FPL points, decay 8**(-age/3)"
261,Conor,Bradley,37.5,0.12,1.88,2.0,1.31,2.62,744.0,4,Bradley,DEF,Liverpool,2025-26,0.24,37.5,"recency-weighted FPL points, decay 8**(-age/3)"
262,Karl,Darlow,37.44,0.0,0.0,0.0,0.02,1.69,1049.41,8,Darlow,GKP,Man United,2025-26,0.0,37.44,"recency-weighted FPL points, decay 8**(-age/3)"
263,Reinildo,Mandava,37.0,0.0,1.0,1.0,0.38,3.0,983.0,1,Reinildo,DEF,Sunderland,2025-26,0.09,37.0,"recency-weighted FPL points, decay 8**(-age/3)"
264,Wilson,Isidor,37.0,3.0,0.5,3.5,2.54,3.5,574.0,1,Isidor,FWD,Sunderland,2025-26,0.55,37.0,"recency-weighted FPL points, decay 8**(-age/3)"
265,Abdukodir,Khusanov,37.0,0.0,0.0,0.0,0.96,1.5,839.25,2,Khusanov,DEF,Man City,2025-26,0.0,37.0,"recency-weighted FPL points, decay 8**(-age/3)"
266,Joshua,Zirkzee,37.0,1.75,1.0,2.75,2.96,4.5,649.75,2,Zirkzee,FWD,Man United,2025-26,0.38,37.0,"recency-weighted FPL points, decay 8**(-age/3)"
267,Lukas,Nmecha,36.5,3.0,0.5,3.5,4.42,4.0,532.53,2,Nmecha,FWD,Leeds,2025-26,0.59,36.5,"recency-weighted FPL points, decay 8**(-age/3)"
268,Issa,Diop,36.09,0.62,0.04,0.66,0.7,2.5,1127.66,8,Diop,DEF,Ipswich,2025-26,0.05,36.09,"recency-weighted FPL points, decay 8**(-age/3)"
269,Jaydee,Canvot,36.0,0.0,0.0,0.0,0.9,4.5,665.5,1,Canvot,DEF,Crystal Palace,2025-26,0.0,36.0,"recency-weighted FPL points, decay 8**(-age/3)"
270,Kevin,Danso,35.57,0.0,0.01,0.01,0.58,0.5,957.15,3,Danso,DEF,Sunderland,2025-26,0.0,35.57,"recency-weighted FPL points, decay 8**(-age/3)"
271,Lucas,Bergvall,35.5,0.5,2.0,2.5,1.21,0.0,777.5,2,Bergvall,MID,Tottenham,2025-26,0.29,35.5,"recency-weighted FPL points, decay 8**(-age/3)"
272,Felipe,Rodrigues da Silva,35.5,0.5,0.0,0.5,0.79,1.0,892.75,2,Morato,DEF,Nott'm Forest,2025-26,0.05,35.5,"recency-weighted FPL points, decay 8**(-age/3)"
273,Destiny,Udogie,35.12,0.25,1.12,1.38,1.43,1.5,1447.12,3,Udogie,DEF,Tottenham,2025-26,0.09,35.12,"recency-weighted FPL points, decay 8**(-age/3)"
274,Rodrigo 'Rodri',Hernandez Cascante,34.5,0.5,0.5,1.0,1.8,3.0,755.0,1,Rodrigo,MID,Man City,2025-26,0.12,34.5,"recency-weighted FPL points, decay 8**(-age/3)"
275,Rico,Lewis,34.31,0.5,1.0,1.5,1.72,1.5,829.25,4,Lewis,DEF,Man City,2025-26,0.16,34.31,"recency-weighted FPL points, decay 8**(-age/3)"
276,Josh,King,34.0,0.5,1.5,2.0,1.8,1.5,676.5,2,King,MID,Everton,2025-26,0.27,34.0,"recency-weighted FPL points, decay 8**(-age/3)"
277,Gabriel,Gudmundsson,34.0,0.0,0.0,0.0,2.0,4.0,1318.5,1,Gudmundsson,DEF,Leeds,2025-26,0.0,34.0,"recency-weighted FPL points, decay 8**(-age/3)"
278,Leny,Yoro,33.5,0.0,0.5,0.5,1.18,0.5,1155.0,2,Yoro,DEF,Man United,2025-26,0.04,33.5,"recency-weighted FPL points, decay 8**(-age/3)"
279,Amine,Adli,33.5,1.5,1.0,2.5,2.11,2.0,537.0,1,Adli,MID,Bournemouth,2025-26,0.42,33.5,"recency-weighted FPL points, decay 8**(-age/3)"
280,Tanaka,Ao,33.5,1.0,0.5,1.5,1.42,2.0,653.5,1,Tanaka,MID,Leeds,2025-26,0.21,33.5,"recency-weighted FPL points, decay 8**(-age/3)"
281,Mikel,Merino Zazón,33.5,2.0,1.5,3.5,2.4,2.5,512.0,1,Merino,MID,Arsenal,2025-26,0.62,33.5,"recency-weighted FPL points, decay 8**(-age/3)"
282,Rayan Vitor,Simplício Rocha,33.5,2.5,1.0,3.5,2.26,1.5,555.0,1,Rayan,MID,Bournemouth,2025-26,0.57,33.5,"recency-weighted FPL points, decay 8**(-age/3)"
283,John,Stones,32.66,0.84,0.13,0.97,0.55,2.03,687.11,10,Stones,DEF,Man City,2025-26,0.13,32.66,"recency-weighted FPL points, decay 8**(-age/3)"
284,Habib,Diarra,32.5,1.0,3.0,4.0,2.06,1.5,701.5,1,Diarra,MID,Sunderland,2025-26,0.51,32.5,"recency-weighted FPL points, decay 8**(-age/3)"
285,Jeremie,Frimpong,31.5,0.0,2.5,2.5,1.02,0.5,516.0,1,Frimpong,DEF,Liverpool,2025-26,0.44,31.5,"recency-weighted FPL points, decay 8**(-age/3)"
286,Nico,González Iglesias,31.5,0.5,0.0,0.5,0.9,0.5,780.5,1,N.Gonzalez,MID,Newcastle,2025-26,0.06,31.5,"recency-weighted FPL points, decay 8**(-age/3)"
287,Joe,Gomez,29.5,0.0,1.25,1.25,0.83,1.25,647.75,3,Gomez,DEF,Brighton,2025-26,0.17,29.5,"recency-weighted FPL points, decay 8**(-age/3)"
288,Loum,Tchaouna,29.5,1.0,1.0,2.0,1.09,0.0,629.5,1,Tchaouna,MID,Coventry,2025-26,0.29,29.5,"recency-weighted FPL points, decay 8**(-age/3)"
289,Estêvão,Almeida de Oliveira Gonçalves,29.0,1.0,2.5,3.5,2.53,2.0,419.5,1,Estêvão,MID,Chelsea,2025-26,0.75,29.0,"recency-weighted FPL points, decay 8**(-age/3)"
290,Facundo,Buonanotte,29.0,1.69,0.69,2.38,2.29,1.75,621.88,4,Buonanotte,MID,Brighton,2025-26,0.34,29.0,"recency-weighted FPL points, decay 8**(-age/3)"
291,Alejandro,Garnacho Ferreyra,28.06,0.5,2.0,2.5,3.56,1.5,630.88,2,Garnacho,MID,Aston Villa,2025-26,0.36,28.06,"recency-weighted FPL points, decay 8**(-age/3)"
292,Ilia,Gruev,28.0,0.0,2.0,2.0,0.68,1.5,659.0,1,Gruev,MID,Leeds,2025-26,0.27,28.0,"recency-weighted FPL points, decay 8**(-age/3)"
293,Ben,Davies,27.48,0.79,0.55,1.33,0.99,0.86,803.43,13,Davies,DEF,Liverpool,2025-26,0.15,27.48,"recency-weighted FPL points, decay 8**(-age/3)"
294,Harvey,Elliott,27.02,0.69,1.75,2.44,2.12,1.88,421.88,8,Elliott,MID,Liverpool,2025-26,0.52,27.02,"recency-weighted FPL points, decay 8**(-age/3)"
295,Enes,Ünal,26.5,1.25,0.75,2.0,2.15,1.88,229.12,3,Enes Ünal,FWD,Bournemouth,2025-26,0.79,26.5,"recency-weighted FPL points, decay 8**(-age/3)"
296,Justin,Devenny,26.5,0.75,0.25,1.0,1.68,0.25,516.0,2,Devenny,MID,Crystal Palace,2025-26,0.17,26.5,"recency-weighted FPL points, decay 8**(-age/3)"
297,Tyler,Dibling,26.0,0.5,0.5,1.0,1.19,1.0,640.25,3,Dibling,MID,Everton,2025-26,0.14,26.0,"recency-weighted FPL points, decay 8**(-age/3)"
298,James,McAtee,25.94,1.12,1.0,2.12,1.82,0.0,456.44,5,McAtee,MID,Nott'm Forest,2025-26,0.42,25.94,"recency-weighted FPL points, decay 8**(-age/3)"
299,Oscar,Bobb,25.5,0.12,1.25,1.38,2.12,0.25,555.25,3,Bobb,MID,Fulham,2025-26,0.22,25.5,"recency-weighted FPL points, decay 8**(-age/3)"
300,Carlos,Alcaraz Durán,25.5,0.5,1.25,1.75,1.47,1.25,531.0,2,Alcaraz,MID,Everton,2025-26,0.3,25.5,"recency-weighted FPL points, decay 8**(-age/3)"
301,Dan,Ndoye,25.0,0.5,1.0,1.5,1.28,2.0,583.5,1,Ndoye,MID,Nott'm Forest,2025-26,0.23,25.0,"recency-weighted FPL points, decay 8**(-age/3)"
302,Nathaniel,Clyne,24.8,0.0,0.68,0.68,0.67,1.14,753.08,9,Clyne,DEF,Crystal Palace,2025-26,0.08,24.8,"recency-weighted FPL points, decay 8**(-age/3)"
303,Aaron,Hickey,24.56,0.0,0.19,0.19,0.41,0.13,548.5,4,Hickey,DEF,Brentford,2025-26,0.03,24.56,"recency-weighted FPL points, decay 8**(-age/3)"
304,Kevin,Santos Lopes de Macedo,24.5,0.5,1.5,2.0,1.34,0.0,515.0,1,Kevin,MID,Fulham,2025-26,0.35,24.5,"recency-weighted FPL points, decay 8**(-age/3)"
305,Myles,Lewis-Skelly,23.75,0.25,0.0,0.25,0.32,0.0,689.0,3,Lewis-Skelly,DEF,Arsenal,2025-26,0.03,23.75,"recency-weighted FPL points, decay 8**(-age/3)"
306,Harrison,Reed,23.64,0.69,0.55,1.23,0.84,1.56,448.48,6,Reed,MID,Fulham,2025-26,0.25,23.64,"recency-weighted FPL points, decay 8**(-age/3)"
307,Ayden,Heaven,23.5,0.0,0.5,0.5,0.29,2.0,502.25,2,Heaven,DEF,Man United,2025-26,0.09,23.5,"recency-weighted FPL points, decay 8**(-age/3)"
308,Bafodé,Diakité,23.0,0.0,0.0,0.0,0.1,1.0,637.5,1,Diakité,DEF,Bournemouth,2025-26,0.0,23.0,"recency-weighted FPL points, decay 8**(-age/3)"
309,Evann,Guessand,22.0,0.5,1.5,2.0,1.2,0.0,454.5,1,Guessand,MID,Crystal Palace,2025-26,0.4,22.0,"recency-weighted FPL points, decay 8**(-age/3)"
310,Jorge,Cuenca Barreno,21.75,0.0,0.0,0.0,0.3,0.5,554.75,2,J.Cuenca,DEF,Fulham,2025-26,0.0,21.75,"recency-weighted FPL points, decay 8**(-age/3)"
311,Dara,O'Shea,21.52,0.38,1.0,1.38,0.7,0.52,1174.8,3,O'Shea,DEF,Ipswich,2024-25,0.11,21.52,"recency-weighted FPL points, decay 8**(-age/3)"
312,Sávio,Moreira de Oliveira,21.5,0.5,1.0,1.5,2.04,0.5,408.5,1,Savinho,MID,Man City,2025-26,0.33,21.5,"recency-weighted FPL points, decay 8**(-age/3)"
313,Lamare,Bogarde,21.5,0.0,0.0,0.0,0.14,2.0,639.25,4,Bogarde,DEF,Aston Villa,2025-26,0.0,21.5,"recency-weighted FPL points, decay 8**(-age/3)"
314,Lucas Estella,Perri,21.5,0.0,0.0,0.0,0.0,1.5,720.0,1,Perri,GKP,Leeds,2025-26,0.0,21.5,"recency-weighted FPL points, decay 8**(-age/3)"
315,Rio,Ngumoha,21.5,1.0,0.5,1.5,1.67,2.0,273.5,1,Ngumoha,MID,Liverpool,2025-26,0.49,21.5,"recency-weighted FPL points, decay 8**(-age/3)"
316,Konstantinos,Tsimikas,21.09,0.0,0.94,0.94,0.97,1.44,366.66,6,Tsimikas,DEF,Liverpool,2025-26,0.23,21.09,"recency-weighted FPL points, decay 8**(-age/3)"
317,Nathan,Patterson,20.69,0.0,0.5,0.5,0.39,0.38,409.12,5,Patterson,DEF,Everton,2025-26,0.11,20.69,"recency-weighted FPL points, decay 8**(-age/3)"
318,Ethan,Nwaneri,20.69,1.0,0.5,1.5,0.9,1.0,304.69,4,Nwaneri,MID,Arsenal,2025-26,0.44,20.69,"recency-weighted FPL points, decay 8**(-age/3)"
319,Josh,Acheampong,20.62,0.5,0.0,0.5,0.43,2.5,371.12,3,Acheampong,DEF,Chelsea,2025-26,0.12,20.62,"recency-weighted FPL points, decay 8**(-age/3)"
320,Matt,O'Riley,20.5,1.0,0.75,1.75,1.9,1.5,333.25,2,O'Riley,MID,Brighton,2025-26,0.47,20.5,"recency-weighted FPL points, decay 8**(-age/3)"
321,Federico,Chiesa,20.25,1.0,0.5,1.5,1.15,0.0,184.25,2,Chiesa,MID,Liverpool,2025-26,0.73,20.25,"recency-weighted FPL points, decay 8**(-age/3)"
322,Evan,Ferguson,19.72,1.38,0.25,1.62,1.48,1.62,325.31,5,Ferguson,FWD,Brighton,2025-26,0.45,19.72,"recency-weighted FPL points, decay 8**(-age/3)"
323,Nicolò,Savona,19.5,1.0,0.0,1.0,0.9,0.0,512.5,1,Savona,DEF,Nott'm Forest,2025-26,0.18,19.5,"recency-weighted FPL points, decay 8**(-age/3)"
324,Olivier,Boscagli,19.5,0.0,0.5,0.5,0.26,2.0,399.5,1,Boscagli,DEF,Brighton,2025-26,0.11,19.5,"recency-weighted FPL points, decay 8**(-age/3)"
325,Wilfried,Gnonto,19.44,0.13,1.75,1.88,0.83,0.38,344.62,2,Gnonto,MID,Leeds,2025-26,0.49,19.44,"recency-weighted FPL points, decay 8**(-age/3)"
326,Manuel,Ugarte Ribeiro,19.0,0.0,0.0,0.0,0.44,0.0,438.0,1,Ugarte,MID,Man United,2025-26,0.0,19.0,"recency-weighted FPL points, decay 8**(-age/3)"
327,Daniel,James,18.57,0.32,0.28,0.6,0.98,0.22,433.4,6,James,MID,Chelsea,2025-26,0.12,18.57,"recency-weighted FPL points, decay 8**(-age/3)"
328,Reiss,Nelson,18.18,0.45,0.95,1.39,1.12,0.81,231.2,9,Nelson,MID,Arsenal,2025-26,0.54,18.18,"recency-weighted FPL points, decay 8**(-age/3)"
329,Merlin,Röhl,18.0,0.5,0.5,1.0,0.51,1.0,337.5,1,Röhl,MID,Everton,2025-26,0.27,18.0,"recency-weighted FPL points, decay 8**(-age/3)"
330,Chris,Rigg,18.0,0.5,0.5,1.0,0.9,0.5,379.0,1,Rigg,MID,Sunderland,2025-26,0.24,18.0,"recency-weighted FPL points, decay 8**(-age/3)"
331,Kaoru,Mitoma,17.88,0.81,1.44,2.25,1.71,1.56,330.06,2,Mitoma,MID,Brighton,2023-24,0.61,17.88,"recency-weighted FPL points, decay 8**(-age/3)"
332,Charalampos,Kostoulas,17.5,1.0,0.5,1.5,1.33,1.5,175.5,1,Kostoulas,FWD,Brighton,2025-26,0.77,17.5,"recency-weighted FPL points, decay 8**(-age/3)"
333,Giorgi,Mamardashvili,17.0,0.0,0.0,0.0,0.0,1.0,433.5,1,Mamardashvili,GKP,Liverpool,2025-26,0.0,17.0,"recency-weighted FPL points, decay 8**(-age/3)"
334,Fábio,Freitas Gouveia Carvalho,16.94,1.12,0.31,1.44,1.21,0.75,181.94,3,Carvalho,MID,Brentford,2025-26,0.71,16.94,"recency-weighted FPL points, decay 8**(-age/3)"
335,Roméo,Lavia,16.69,0.06,0.31,0.38,0.6,0.0,527.69,4,Lavia,MID,Chelsea,2025-26,0.06,16.69,"recency-weighted FPL points, decay 8**(-age/3)"
336,James,Trafford,15.25,0.0,0.0,0.0,0.0,0.62,495.0,3,Trafford,GKP,Leeds,2025-26,0.0,15.25,"recency-weighted FPL points, decay 8**(-age/3)"
337,Mykhailo,Mudryk,15.06,0.62,0.75,1.38,1.41,0.62,272.38,4,Mudryk,MID,Tottenham,2025-26,0.45,15.06,"recency-weighted FPL points, decay 8**(-age/3)"
338,Frank,Onyeka,14.84,0.12,1.5,1.62,0.74,0.0,277.94,5,Onyeka,MID,Coventry,2025-26,0.53,14.84,"recency-weighted FPL points, decay 8**(-age/3)"
339,Tammy,Abraham,13.94,1.22,0.08,1.3,1.2,1.3,175.69,6,Abraham,FWD,Aston Villa,2025-26,0.67,13.94,"recency-weighted FPL points, decay 8**(-age/3)"
340,Sam,Szmodics,13.5,1.0,0.0,1.0,0.97,0.5,247.0,1,Szmodics,MID,Ipswich,2024-25,0.36,13.5,"recency-weighted FPL points, decay 8**(-age/3)"
341,Ben,Johnson,13.38,0.3,0.5,0.8,0.55,0.59,511.57,8,Johnson,DEF,Everton,2024-25,0.14,13.38,"recency-weighted FPL points, decay 8**(-age/3)"
342,Jack,Clarke,13.25,0.0,1.0,1.0,0.57,0.0,290.25,1,J.Clarke,MID,Ipswich,2024-25,0.31,13.25,"recency-weighted FPL points, decay 8**(-age/3)"
343,Leif,Davis,13.03,0.25,0.5,0.75,1.43,1.25,685.98,2,Davis,DEF,Ipswich,2024-25,0.1,13.03,"recency-weighted FPL points, decay 8**(-age/3)"
344,Luke,O'Nien,13.0,0.0,0.5,0.5,0.14,0.5,282.5,1,O'Nien,DEF,Sunderland,2025-26,0.16,13.0,"recency-weighted FPL points, decay 8**(-age/3)"
345,Dilane,Bakwa,13.0,0.0,1.0,1.0,0.78,0.5,274.5,1,Bakwa,MID,Nott'm Forest,2025-26,0.33,13.0,"recency-weighted FPL points, decay 8**(-age/3)"
346,Jamie,Bynoe-Gittens,12.5,0.0,1.0,1.0,0.88,0.0,243.0,1,Gittens,MID,Chelsea,2025-26,0.37,12.5,"recency-weighted FPL points, decay 8**(-age/3)"
347,Sebastiaan,Bornauw,12.5,0.0,0.0,0.0,0.11,0.0,214.5,1,Bornauw,DEF,Leeds,2025-26,0.0,12.5,"recency-weighted FPL points, decay 8**(-age/3)"
348,Tyrique,George,12.25,0.25,0.25,0.5,1.03,0.0,219.75,3,George,MID,Everton,2025-26,0.2,12.25,"recency-weighted FPL points, decay 8**(-age/3)"
349,Chiedozie,Ogbene,12.25,0.5,0.5,1.0,1.01,0.88,307.62,2,Ogbene,MID,Ipswich,2024-25,0.29,12.25,"recency-weighted FPL points, decay 8**(-age/3)"
350,Jason,Steele,11.62,0.0,0.06,0.06,0.01,1.38,323.44,7,Steele,GKP,Brighton,2025-26,0.02,11.62,"recency-weighted FPL points, decay 8**(-age/3)"
351,George,Hirst,11.52,0.75,0.25,1.0,0.6,0.75,161.32,2,Hirst,FWD,Ipswich,2024-25,0.56,11.52,"recency-weighted FPL points, decay 8**(-age/3)"
352,Illan,Meslier,11.34,0.0,0.0,0.0,0.01,1.06,346.22,4,Meslier,GKP,Arsenal,2025-26,0.0,11.34,"recency-weighted FPL points, decay 8**(-age/3)"
353,Kalvin,Phillips,11.14,0.02,0.06,0.08,0.29,0.06,462.94,6,Phillips,MID,Hull,2025-26,0.02,11.14,"recency-weighted FPL points, decay 8**(-age/3)"
354,Harrison,Armstrong,11.0,0.0,0.0,0.0,0.6,0.0,273.75,2,Armstrong,MID,Everton,2025-26,0.0,11.0,"recency-weighted FPL points, decay 8**(-age/3)"
355,Antonín,Kinský,10.0,0.0,0.0,0.0,0.0,0.0,315.0,1,Kinsky,GKP,Tottenham,2025-26,0.0,10.0,"recency-weighted FPL points, decay 8**(-age/3)"
356,Fraser,Forster,9.78,0.0,0.0,0.0,0.0,0.27,305.33,10,Forster,GKP,Bournemouth,2025-26,0.0,9.78,"recency-weighted FPL points, decay 8**(-age/3)"
357,Oliver,McBurnie,9.65,0.81,0.42,1.23,1.11,1.2,197.48,5,McBurnie,FWD,Hull,2023-24,0.56,9.65,"recency-weighted FPL points, decay 8**(-age/3)"
358,Jack,Taylor,9.5,0.25,0.0,0.25,0.38,0.25,209.25,1,Taylor,MID,Ipswich,2024-25,0.11,9.5,"recency-weighted FPL points, decay 8**(-age/3)"
359,Veljko,Milosavljevic,9.5,0.0,0.0,0.0,0.17,0.0,183.5,1,Milosavljević,DEF,Bournemouth,2025-26,0.0,9.5,"recency-weighted FPL points, decay 8**(-age/3)"
360,Jorrel,Hato,9.5,0.0,0.0,0.0,0.45,0.0,569.5,1,Hato,DEF,Chelsea,2025-26,0.0,9.5,"recency-weighted FPL points, decay 8**(-age/3)"
361,Jacob,Greaves,9.25,0.25,0.0,0.25,0.38,0.0,551.25,1,Greaves,DEF,Ipswich,2024-25,0.04,9.25,"recency-weighted FPL points, decay 8**(-age/3)"
362,Jaden,Philogene,9.25,0.5,0.0,0.5,0.69,0.75,199.0,1,Jaden,MID,Ipswich,2024-25,0.23,9.25,"recency-weighted FPL points, decay 8**(-age/3)"
363,Mark,Travers,8.92,0.0,0.0,0.0,0.0,0.57,223.59,6,Travers,GKP,Everton,2025-26,0.0,8.92,"recency-weighted FPL points, decay 8**(-age/3)"
364,Kasey,McAteer,8.78,0.25,0.25,0.5,0.4,0.0,211.56,3,McAteer,MID,Ipswich,2024-25,0.21,8.78,"recency-weighted FPL points, decay 8**(-age/3)"
365,Joël,Piroe,8.5,0.0,0.0,0.0,0.52,0.0,122.0,1,Piroe,FWD,Leeds,2025-26,0.0,8.5,"recency-weighted FPL points, decay 8**(-age/3)"
366,Marco,Bizot,8.0,0.0,0.0,0.0,0.0,0.0,292.5,1,M.Bizot,GKP,Aston Villa,2025-26,0.0,8.0,"recency-weighted FPL points, decay 8**(-age/3)"
367,Melker,Ellborg,8.0,0.0,0.0,0.0,0.01,1.5,135.0,1,Ellborg,GKP,Sunderland,2025-26,0.0,8.0,"recency-weighted FPL points, decay 8**(-age/3)"
368,Stefanos,Tzimas,8.0,0.5,0.5,1.0,0.28,0.0,66.0,1,Tzimas,FWD,Brighton,2025-26,1.36,8.0,"recency-weighted FPL points, decay 8**(-age/3)"
369,Wes,Burns,7.5,0.0,0.25,0.25,0.42,0.0,230.5,1,Burns,MID,Ipswich,2024-25,0.1,7.5,"recency-weighted FPL points, decay 8**(-age/3)"
370,Romain,Esse,7.5,0.25,0.5,0.75,0.2,0.75,54.5,2,Esse,MID,Crystal Palace,2025-26,1.24,7.5,"recency-weighted FPL points, decay 8**(-age/3)"
371,Marc,Guiu Paz,7.25,0.0,0.5,0.5,0.92,0.0,150.25,2,Marc Guiu,FWD,Chelsea,2025-26,0.3,7.25,"recency-weighted FPL points, decay 8**(-age/3)"
372,Romaine,Mundle,7.0,0.0,0.0,0.0,0.68,0.0,199.5,2,Mundle,MID,Sunderland,2025-26,0.0,7.0,"recency-weighted FPL points, decay 8**(-age/3)"
373,Jair,Paula da Cunha Filho,6.5,0.0,0.0,0.0,0.16,0.0,257.0,1,Jair Cunha,DEF,Nott'm Forest,2025-26,0.0,6.5,"recency-weighted FPL points, decay 8**(-age/3)"
374,Nilson,Angulo,6.5,0.0,0.0,0.0,0.44,0.0,200.5,1,Angulo,MID,Sunderland,2025-26,0.0,6.5,"recency-weighted FPL points, decay 8**(-age/3)"
375,Josh,Dasilva,6.44,0.25,0.13,0.38,0.27,0.19,89.44,4,Dasilva,MID,Brentford,2025-26,0.38,6.44,"recency-weighted FPL points, decay 8**(-age/3)"
376,David Datro,Fofana,6.44,0.5,0.12,0.62,0.65,1.0,113.75,3,D.D.Fofana,FWD,Chelsea,2024-25,0.49,6.44,"recency-weighted FPL points, decay 8**(-age/3)"
377,Wataru,Endo,5.88,0.12,0.0,0.12,0.26,0.0,214.25,1,Endo,MID,Liverpool,2023-24,0.05,5.88,"recency-weighted FPL points, decay 8**(-age/3)"
378,Alex,Palmer,5.5,0.0,0.0,0.0,0.0,0.0,292.5,3,Palmer,GKP,Chelsea,2024-25,0.0,5.5,"recency-weighted FPL points, decay 8**(-age/3)"
379,Ben,Gannon-Doak,5.5,0.0,0.5,0.5,0.2,0.0,52.5,1,Gannon-Doak,MID,Bournemouth,2025-26,0.86,5.5,"recency-weighted FPL points, decay 8**(-age/3)"
380,Altay,Bayındır,5.5,0.0,0.0,0.0,0.02,0.0,270.0,1,Bayindir,GKP,Man United,2025-26,0.0,5.5,"recency-weighted FPL points, decay 8**(-age/3)"
381,Fábio,Ferreira Vieira,5.5,0.19,0.5,0.69,0.38,0.13,67.5,4,Fábio Vieira,MID,Arsenal,2025-26,0.92,5.5,"recency-weighted FPL points, decay 8**(-age/3)"
382,Luca,Netz,5.5,0.0,0.0,0.0,0.2,0.0,176.5,1,Netz,DEF,Nott'm Forest,2025-26,0.0,5.5,"recency-weighted FPL points, decay 8**(-age/3)"
383,Daniel,Jebbison,5.31,0.27,0.0,0.27,0.29,0.27,33.17,3,Jebbison,FWD,Bournemouth,2024-25,0.72,5.31,"recency-weighted FPL points, decay 8**(-age/3)"
384,Mikey,Moore,5.0,0.0,0.5,0.5,0.19,0.0,90.12,3,Moore,MID,Tottenham,2025-26,0.5,5.0,"recency-weighted FPL points, decay 8**(-age/3)"
385,Ferdi,Kadioglu,4.75,0.25,0.0,0.25,0.19,0.0,96.25,1,F.Kadıoğlu,DEF,Brighton,2024-25,0.23,4.75,"recency-weighted FPL points, decay 8**(-age/3)"
386,Manor,Solomon,4.5,0.25,0.25,0.5,0.27,0.31,59.5,4,Solomon,MID,Spurs,2025-26,0.76,4.5,"recency-weighted FPL points, decay 8**(-age/3)"
387,Arnaud,Kalimuendo,4.5,0.0,0.0,0.0,0.23,0.0,44.5,1,Kalimuendo,FWD,Nott'm Forest,2025-26,0.0,4.5,"recency-weighted FPL points, decay 8**(-age/3)"
388,Luke,Woolfenden,4.5,0.0,0.0,0.0,0.01,0.0,296.75,1,Woolfenden,DEF,Coventry,2024-25,0.0,4.5,"recency-weighted FPL points, decay 8**(-age/3)"
389,Filip,Jörgensen,4.5,0.0,0.0,0.0,0.0,0.0,189.0,1,Jörgensen,GKP,Chelsea,2025-26,0.0,4.5,"recency-weighted FPL points, decay 8**(-age/3)"
390,Issa,Kaboré,4.25,0.0,0.38,0.38,0.26,0.38,215.88,2,Kaboré,DEF,Man City,2024-25,0.16,4.25,"recency-weighted FPL points, decay 8**(-age/3)"
391,Matheus,França de Oliveira,4.25,0.25,0.25,0.5,0.21,0.0,41.0,3,M.França,MID,Crystal Palace,2025-26,1.1,4.25,"recency-weighted FPL points, decay 8**(-age/3)"
392,Christian,Walton,4.0,0.0,0.0,0.0,0.0,0.5,157.5,2,Walton,GKP,Ipswich,2024-25,0.0,4.0,"recency-weighted FPL points, decay 8**(-age/3)"
393,Alex,Tóth,4.0,0.0,0.0,0.0,0.22,0.0,67.5,1,Tóth.A,MID,Bournemouth,2025-26,0.0,4.0,"recency-weighted FPL points, decay 8**(-age/3)"
394,Levi,Samuels Colwill,4.0,0.0,0.0,0.0,0.06,0.0,112.5,1,Colwill,DEF,Chelsea,2025-26,0.0,4.0,"recency-weighted FPL points, decay 8**(-age/3)"
395,Benoît,Badiashile Mukinayi,3.5,0.0,0.0,0.0,0.03,0.0,235.0,1,B.Badiashile,DEF,Chelsea,2025-26,0.0,3.5,"recency-weighted FPL points, decay 8**(-age/3)"
396,Walter,Benítez,3.5,0.0,0.0,0.0,0.0,0.0,45.0,1,Benitez,GKP,Crystal Palace,2025-26,0.0,3.5,"recency-weighted FPL points, decay 8**(-age/3)"
397,Luis,Sinisterra Lucumí,3.31,0.31,0.0,0.31,0.29,0.38,53.94,2,Sinisterra,MID,Bournemouth,2025-26,0.52,3.31,"recency-weighted FPL points, decay 8**(-age/3)"
398,Freddie,Woodman,3.28,0.0,0.0,0.0,0.0,0.0,117.25,3,Woodman,GKP,Liverpool,2025-26,0.0,3.28,"recency-weighted FPL points, decay 8**(-age/3)"
399,Dane,Scarlett,3.05,0.0,0.25,0.25,0.02,0.0,13.73,6,Scarlett,FWD,Tottenham,2025-26,1.64,3.05,"recency-weighted FPL points, decay 8**(-age/3)"
400,Borna,Sosa,3.0,0.0,0.0,0.0,0.06,0.0,49.5,1,Sosa,DEF,Crystal Palace,2025-26,0.0,3.0,"recency-weighted FPL points, decay 8**(-age/3)"
401,Julián,Araujo Zúñiga,3.0,0.0,0.0,0.0,0.02,0.0,123.0,2,J.Araujo,DEF,Bournemouth,2025-26,0.0,3.0,"recency-weighted FPL points, decay 8**(-age/3)"
402,Trey,Nyoni,3.0,0.0,0.0,0.0,0.2,0.0,10.5,1,Nyoni,MID,Liverpool,2025-26,0.0,3.0,"recency-weighted FPL points, decay 8**(-age/3)"
403,Jonah,Kusi-Asare,3.0,0.0,0.0,0.0,0.04,0.0,24.5,1,Kusi-Asare,FWD,Fulham,2025-26,0.0,3.0,"recency-weighted FPL points, decay 8**(-age/3)"
404,Arthur,Masuaku,2.62,0.03,0.08,0.12,0.08,0.19,117.1,8,Masuaku,DEF,Sunderland,2025-26,0.09,2.62,"recency-weighted FPL points, decay 8**(-age/3)"
405,Joe,Gelhardt,2.59,0.06,0.25,0.31,0.08,0.09,35.47,4,Gelhardt,MID,Hull,2025-26,0.79,2.59,"recency-weighted FPL points, decay 8**(-age/3)"
406,Yunus Emre,Konak,2.5,0.0,0.0,0.0,0.04,0.0,13.25,2,Konak,MID,Brentford,2025-26,0.0,2.5,"recency-weighted FPL points, decay 8**(-age/3)"
407,Tom,Watson,2.5,0.0,0.0,0.0,0.04,0.0,28.5,1,Watson,MID,Brighton,2025-26,0.0,2.5,"recency-weighted FPL points, decay 8**(-age/3)"
408,Max,Alleyne,2.5,0.0,0.0,0.0,0.16,0.0,67.5,2,Alleyne,DEF,Man City,2025-26,0.0,2.5,"recency-weighted FPL points, decay 8**(-age/3)"
409,John,Egan,2.05,0.02,0.02,0.04,0.02,0.13,126.21,3,Egan,DEF,Hull,2023-24,0.03,2.05,"recency-weighted FPL points, decay 8**(-age/3)"
410,Ali,Al-Hamadi,2.0,0.0,0.0,0.0,0.1,0.0,31.25,1,Al-Hamadi,FWD,Ipswich,2024-25,0.0,2.0,"recency-weighted FPL points, decay 8**(-age/3)"
411,Sam,Byram,1.91,0.0,0.0,0.0,0.0,0.02,47.76,6,Byram,DEF,Leeds,2025-26,0.0,1.91,"recency-weighted FPL points, decay 8**(-age/3)"
412,Jeremy,Monga,1.75,0.0,0.0,0.0,0.05,0.0,26.25,1,Monga,MID,Man City,2024-25,0.0,1.75,"recency-weighted FPL points, decay 8**(-age/3)"
413,Maximilian,Wöber,1.56,0.0,0.0,0.0,0.07,0.13,79.0,1,Wöber,DEF,Leeds,2022-23,0.0,1.56,"recency-weighted FPL points, decay 8**(-age/3)"
414,Mamadou,Sarr,1.5,0.0,0.0,0.0,0.18,0.0,50.0,1,M.Sarr,DEF,Chelsea,2025-26,0.0,1.5,"recency-weighted FPL points, decay 8**(-age/3)"
415,Ben,Winterburn,1.5,0.0,0.0,0.0,0.0,0.0,8.5,2,Winterburn,MID,Bournemouth,2025-26,0.0,1.5,"recency-weighted FPL points, decay 8**(-age/3)"
416,Zach,Abbott,1.5,0.0,0.0,0.0,0.0,0.0,82.5,2,Abbott,DEF,Nott'm Forest,2025-26,0.0,1.5,"recency-weighted FPL points, decay 8**(-age/3)"
417,Julio,Soler Barreto,1.5,0.0,0.0,0.0,0.0,0.0,17.0,1,Soler,DEF,Bournemouth,2025-26,0.0,1.5,"recency-weighted FPL points, decay 8**(-age/3)"
418,João Victor,de Souza Menezes,1.5,0.0,0.0,0.0,0.02,0.0,71.0,1,Souza,DEF,Tottenham,2025-26,0.0,1.5,"recency-weighted FPL points, decay 8**(-age/3)"
419,Odysseas,Vlachodimos,1.5,0.0,0.0,0.0,0.0,0.0,56.25,3,Odysseas,GKP,Newcastle,2025-26,0.0,1.5,"recency-weighted FPL points, decay 8**(-age/3)"
420,Jack,Fletcher,1.5,0.0,0.0,0.0,0.02,0.0,53.5,2,J.Fletcher,MID,Man United,2025-26,0.0,1.5,"recency-weighted FPL points, decay 8**(-age/3)"
421,Toby,Collyer,1.5,0.0,0.0,0.0,0.11,0.0,43.5,3,Collyer,MID,Man United,2025-26,0.0,1.5,"recency-weighted FPL points, decay 8**(-age/3)"
422,Alejo,Véliz,1.38,0.12,0.0,0.12,0.05,0.0,5.62,2,Veliz,FWD,Spurs,2024-25,2.0,1.38,"recency-weighted FPL points, decay 8**(-age/3)"
423,Ryan,Giles,1.38,0.0,0.0,0.0,0.08,0.0,62.25,3,Giles,DEF,Hull,2023-24,0.0,1.38,"recency-weighted FPL points, decay 8**(-age/3)"
424,Kieran,Dowell,1.28,0.03,0.03,0.06,0.0,0.03,28.28,2,Dowell,MID,Hull,2021-22,0.2,1.28,"recency-weighted FPL points, decay 8**(-age/3)"
425,Alex,Murphy,1.25,0.0,0.0,0.0,0.0,0.0,4.88,3,A.Murphy,DEF,Newcastle,2025-26,0.0,1.25,"recency-weighted FPL points, decay 8**(-age/3)"
426,Kosta,Nedeljković,1.25,0.0,0.0,0.0,0.0,0.0,30.25,1,Nedeljkovic,DEF,Aston Villa,2024-25,0.0,1.25,"recency-weighted FPL points, decay 8**(-age/3)"
427,Jack,Butland,1.23,0.0,0.0,0.0,0.0,0.13,31.9,5,Butland,GKP,Hull,2022-23,0.0,1.23,"recency-weighted FPL points, decay 8**(-age/3)"
428,Darnell,Furlong,1.23,0.02,0.05,0.06,0.0,0.03,45.8,1,Furlong,DEF,Ipswich,2020-21,0.12,1.23,"recency-weighted FPL points, decay 8**(-age/3)"
429,Ellis,Simms,1.13,0.06,0.0,0.06,0.06,0.0,15.59,5,Simms,FWD,Coventry,2023-24,0.36,1.13,"recency-weighted FPL points, decay 8**(-age/3)"
430,Jesurun,Rak-Sakyi,1.12,0.0,0.0,0.0,0.07,0.0,18.97,6,J.Rak-Sakyi,MID,Crystal Palace,2025-26,0.0,1.12,"recency-weighted FPL points, decay 8**(-age/3)"
431,David,Ozoh,1.06,0.0,0.0,0.0,0.0,0.0,18.56,4,Ozoh,MID,Crystal Palace,2025-26,0.0,1.06,"recency-weighted FPL points, decay 8**(-age/3)"
432,Jenson,Seelt,1.0,0.0,0.0,0.0,0.0,0.0,66.5,1,Seelt,DEF,Sunderland,2025-26,0.0,1.0,"recency-weighted FPL points, decay 8**(-age/3)"
433,Harry,Amass,1.0,0.0,0.0,0.0,0.04,0.0,86.25,3,Amass,DEF,Man United,2025-26,0.0,1.0,"recency-weighted FPL points, decay 8**(-age/3)"
434,Kepa,Arrizabalaga Revuelta,1.0,0.0,0.0,0.0,0.0,0.0,45.0,1,Arrizabalaga,GKP,Arsenal,2025-26,0.0,1.0,"recency-weighted FPL points, decay 8**(-age/3)"
435,Tyler,Fredricson,1.0,0.0,0.0,0.0,0.0,0.0,42.5,2,Fredricson,DEF,Man United,2025-26,0.0,1.0,"recency-weighted FPL points, decay 8**(-age/3)"
436,Tyler,Fletcher,1.0,0.0,0.0,0.0,0.0,0.0,8.5,1,Fletcher,MID,Man United,2025-26,0.0,1.0,"recency-weighted FPL points, decay 8**(-age/3)"
437,Tom,Heaton,0.85,0.0,0.0,0.0,0.0,0.06,24.37,10,Heaton,GKP,Man United,2025-26,0.0,0.85,"recency-weighted FPL points, decay 8**(-age/3)"
438,Gustavo,Nunes Fernandes Gomes,0.75,0.0,0.0,0.0,0.0,0.0,2.75,2,Nunes,MID,Brentford,2025-26,0.0,0.75,"recency-weighted FPL points, decay 8**(-age/3)"
439,Kim,Ji-soo,0.75,0.0,0.0,0.0,0.0,0.0,7.0,2,Ji-soo,DEF,Brentford,2025-26,0.0,0.75,"recency-weighted FPL points, decay 8**(-age/3)"
440,Will,Lankshear,0.75,0.0,0.0,0.0,0.0,0.0,2.5,2,Lankshear,FWD,Spurs,2025-26,0.0,0.75,"recency-weighted FPL points, decay 8**(-age/3)"
441,Bobby,Clark,0.69,0.0,0.0,0.0,0.02,0.0,11.19,3,Clark,MID,Liverpool,2024-25,0.0,0.69,"recency-weighted FPL points, decay 8**(-age/3)"
442,Fodé,Ballo-Touré,0.62,0.0,0.0,0.0,0.0,0.0,8.12,1,Ballo-Touré,DEF,Fulham,2023-24,0.0,0.62,"recency-weighted FPL points, decay 8**(-age/3)"
443,Djiamgone Jocelin Ta,Bi,0.5,0.0,0.0,0.0,0.02,0.0,19.0,1,Jocelin.T,MID,Sunderland,2025-26,0.0,0.5,"recency-weighted FPL points, decay 8**(-age/3)"
444,Romain,Faivre,0.5,0.0,0.0,0.0,0.02,0.0,4.62,3,Faivre,MID,Bournemouth,2025-26,0.0,0.5,"recency-weighted FPL points, decay 8**(-age/3)"
445,Dário,Luís Essugo,0.5,0.0,0.0,0.0,0.0,0.0,13.0,1,D.Essugo,MID,Chelsea,2025-26,0.0,0.5,"recency-weighted FPL points, decay 8**(-age/3)"
446,Antoni,Milambo,0.5,0.0,0.0,0.0,0.0,0.0,22.5,1,Milambo,MID,Brentford,2025-26,0.0,0.5,"recency-weighted FPL points, decay 8**(-age/3)"
447,Hákon Rafn,Valdimarsson,0.5,0.0,0.0,0.0,0.0,0.0,45.0,1,Valdimarsson,GKP,Brentford,2025-26,0.0,0.5,"recency-weighted FPL points, decay 8**(-age/3)"
448,Sean,Neave,0.5,0.0,0.0,0.0,0.02,0.0,6.5,2,Neave,FWD,Newcastle,2025-26,0.0,0.5,"recency-weighted FPL points, decay 8**(-age/3)"
449,Eric,da Silva Moreira,0.5,0.0,0.0,0.0,0.0,0.0,7.0,2,Da Silva Moreira,MID,Nott'm Forest,2025-26,0.0,0.5,"recency-weighted FPL points, decay 8**(-age/3)"
450,Kaye,Furo,0.5,0.0,0.0,0.0,0.0,0.0,0.5,1,Furo,FWD,Brentford,2025-26,0.0,0.5,"recency-weighted FPL points, decay 8**(-age/3)"
451,Luke,Harris,0.44,0.0,0.0,0.0,0.04,0.0,9.88,4,Harris,MID,Fulham,2025-26,0.0,0.44,"recency-weighted FPL points, decay 8**(-age/3)"
452,Ethan,Wheatley,0.38,0.0,0.0,0.0,0.0,0.0,1.62,3,Wheatley,FWD,Man Utd,2025-26,0.0,0.38,"recency-weighted FPL points, decay 8**(-age/3)"
453,James,McConnell,0.38,0.0,0.0,0.0,0.0,0.0,0.38,3,McConnell,MID,Liverpool,2025-26,0.0,0.38,"recency-weighted FPL points, decay 8**(-age/3)"
454,Kaine,Kesler-Hayden,0.38,0.0,0.0,0.0,0.0,0.0,0.62,2,Kesler-Hayden,DEF,Coventry,2024-25,0.0,0.38,"recency-weighted FPL points, decay 8**(-age/3)"
455,Mark,O’Mahony,0.25,0.0,0.0,0.0,0.01,0.0,7.62,2,O’Mahony,FWD,Brighton,2024-25,0.0,0.25,"recency-weighted FPL points, decay 8**(-age/3)"
456,Harry,Clarke,0.25,0.0,0.0,0.0,0.04,0.0,94.25,1,H.Clarke,DEF,Ipswich,2024-25,0.0,0.25,"recency-weighted FPL points, decay 8**(-age/3)"
457,Vitor,de Oliveira Nunes dos Reis,0.25,0.0,0.0,0.0,0.0,0.0,0.25,2,Vitor Reis,DEF,Man City,2025-26,0.0,0.25,"recency-weighted FPL points, decay 8**(-age/3)"
458,Jamie,Donley,0.25,0.0,0.0,0.0,0.0,0.0,0.38,1,Donley,FWD,Spurs,2023-24,0.0,0.25,"recency-weighted FPL points, decay 8**(-age/3)"
459,Tom,King,0.25,0.0,0.0,0.0,0.0,0.0,0.25,3,King,GKP,Everton,2025-26,0.0,0.25,"recency-weighted FPL points, decay 8**(-age/3)"
460,Mason,Burstow,0.25,0.0,0.0,0.0,0.0,0.0,1.0,1,Burstow,FWD,Hull,2023-24,0.0,0.25,"recency-weighted FPL points, decay 8**(-age/3)"
461,Vítezslav,Jaros,0.25,0.0,0.0,0.0,0.0,0.0,2.75,1,Jaros,GKP,Liverpool,2024-25,0.0,0.25,"recency-weighted FPL points, decay 8**(-age/3)"
462,Jayden,Meghoma,0.25,0.0,0.0,0.0,0.0,0.0,1.0,2,Meghoma,DEF,Brentford,2025-26,0.0,0.25,"recency-weighted FPL points, decay 8**(-age/3)"
463,Claudio,Echeverri,0.25,0.0,0.0,0.0,0.0,0.0,1.25,2,Echeverri,MID,Man City,2025-26,0.0,0.25,"recency-weighted FPL points, decay 8**(-age/3)"
464,Brandon,Austin,0.25,0.0,0.0,0.0,0.0,0.0,22.5,6,Austin,GKP,Tottenham,2025-26,0.0,0.25,"recency-weighted FPL points, decay 8**(-age/3)"
465,Remy,Rees-Dottin,0.25,0.0,0.0,0.0,0.0,0.0,0.25,2,Rees-Dottin,MID,Bournemouth,2025-26,0.0,0.25,"recency-weighted FPL points, decay 8**(-age/3)"
466,Eiran,Cashin,0.25,0.0,0.0,0.0,0.0,0.0,4.75,2,Cashin,DEF,Brighton,2025-26,0.0,0.25,"recency-weighted FPL points, decay 8**(-age/3)"
467,Remi,Matthews,0.12,0.0,0.0,0.0,0.0,0.0,0.38,5,Matthews,GKP,Crystal Palace,2025-26,0.0,0.12,"recency-weighted FPL points, decay 8**(-age/3)"
468,David,Button,0.09,0.0,0.0,0.0,0.0,0.01,2.81,3,Button,GKP,Ipswich,2020-21,0.0,0.09,"recency-weighted FPL points, decay 8**(-age/3)"
469,George,Abbott,0.06,0.0,0.0,0.0,0.0,0.0,0.06,1,Abbott,MID,Nott'm Forest,2022-23,0.0,0.06,"recency-weighted FPL points, decay 8**(-age/3)"
470,Cody,Drameh,0.06,0.0,0.0,0.0,0.0,0.0,8.31,3,Drameh,DEF,Hull,2022-23,0.0,0.06,"recency-weighted FPL points, decay 8**(-age/3)"
471,Leo Fuhr,Hjelde,0.06,0.0,0.0,0.0,0.0,0.0,4.62,3,Hjelde,DEF,Sunderland,2025-26,0.0,0.06,"recency-weighted FPL points, decay 8**(-age/3)"
472,Darko,Gyabi,0.06,0.0,0.0,0.0,0.0,0.0,0.44,2,Gyabi,MID,Hull,2025-26,0.0,0.06,"recency-weighted FPL points, decay 8**(-age/3)"
473,Gedson,Carvalho Fernandes,0.05,0.0,0.0,0.0,0.0,0.0,0.48,2,Fernandes,MID,Tottenham,2020-21,0.0,0.05,"recency-weighted FPL points, decay 8**(-age/3)"
474,Simon,Moore,0.02,0.0,0.0,0.0,0.0,0.0,1.41,3,Moore,GKP,Tottenham,2025-26,0.0,0.02,"recency-weighted FPL points, decay 8**(-age/3)"
475,Ibrahima,Cissé,0.02,0.0,0.0,0.0,0.0,0.0,0.34,1,Cissé,MID,Fulham,2018-19,0.0,0.02,"recency-weighted FPL points, decay 8**(-age/3)"
476,Patrick,McNair,0.01,0.0,0.0,0.0,0.0,0.0,0.34,1,McNair,DEF,Hull,2016-17,0.0,0.01,"recency-weighted FPL points, decay 8**(-age/3)"
477,Max,Thompson,0.01,0.0,0.0,0.0,0.0,0.0,0.02,2,Thompson,FWD,Newcastle,2020-21,0.0,0.01,"recency-weighted FPL points, decay 8**(-age/3)"
478,Owen,Goodman,0.0,0.0,0.0,0.0,0.0,0.0,0.0,1,Goodman,GKP,Crystal Palace,2022-23,0.0,0.0,"recency-weighted FPL points, decay 8**(-age/3)"
479,Chuba,Akpom,0.0,0.0,0.0,0.0,0.0,0.0,0.0,1,Akpom,FWD,Ipswich,2016-17,0.0,0.0,"recency-weighted FPL points, decay 8**(-age/3)"
480,Luka,Bentt,0.0,0.0,0.0,0.0,0.0,0.0,0.0,1,Bentt,MID,Brentford,2025-26,0.0,0.0,"recency-weighted FPL points, decay 8**(-age/3)"
481,Ollie,Shield,0.0,0.0,0.0,0.0,0.0,0.0,0.0,1,Shield,DEF,Brentford,2025-26,0.0,0.0,"recency-weighted FPL points, decay 8**(-age/3)"
482,James,Wright,0.0,0.0,0.0,0.0,0.0,0.0,0.0,3,Wright,GKP,Aston Villa,2025-26,0.0,0.0,"recency-weighted FPL points, decay 8**(-age/3)"
483,Damola,Ajayi,0.0,0.0,0.0,0.0,0.0,0.0,0.0,1,Ajayi,MID,Hull,2024-25,0.0,0.0,"recency-weighted FPL points, decay 8**(-age/3)"
484,Amario,Cozier-Duberry,0.0,0.0,0.0,0.0,0.0,0.0,0.0,2,Cozier-Duberry,MID,Brighton,2024-25,0.0,0.0,"recency-weighted FPL points, decay 8**(-age/3)"
485,Martin,Sherif,0.0,0.0,0.0,0.0,0.0,0.0,0.0,2,Sherif,FWD,Everton,2025-26,0.0,0.0,"recency-weighted FPL points, decay 8**(-age/3)"
486,Carl,Rushworth,0.0,0.0,0.0,0.0,0.0,0.0,0.0,2,Rushworth,GKP,Coventry,2025-26,0.0,0.0,"recency-weighted FPL points, decay 8**(-age/3)"
487,Jacob,Slater,0.0,0.0,0.0,0.0,0.0,0.0,0.0,2,Slater,DEF,Hull,2025-26,0.0,0.0,"recency-weighted FPL points, decay 8**(-age/3)"
488,Cameron,Humphreys,0.0,0.0,0.0,0.0,0.0,0.0,0.0,1,Humphreys,MID,Ipswich,2024-25,0.0,0.0,"recency-weighted FPL points, decay 8**(-age/3)"
489,Abu,Kamara,0.0,0.0,0.0,0.0,0.0,0.0,0.0,1,Kamara,FWD,Aston Villa,2021-22,0.0,0.0,"recency-weighted FPL points, decay 8**(-age/3)"
490,Henry,Cartwright,0.0,0.0,0.0,0.0,0.0,0.0,0.0,1,Cartwright,MID,Hull,2024-25,0.0,0.0,"recency-weighted FPL points, decay 8**(-age/3)"
491,Stefan,Bajčetić Maquieira,0.0,0.0,0.0,0.0,0.0,0.0,0.0,2,Bajcetic,MID,Liverpool,2025-26,0.0,0.0,"recency-weighted FPL points, decay 8**(-age/3)"
492,Stephen,Mfuni,0.0,0.0,0.0,0.0,0.0,0.0,0.0,1,Mfuni,DEF,Coventry,2025-26,0.0,0.0,"recency-weighted FPL points, decay 8**(-age/3)"
493,Diego,León Blanco,0.0,0.0,0.0,0.0,0.0,0.0,0.0,1,D.Leon,DEF,Man Utd,2025-26,0.0,0.0,"recency-weighted FPL points, decay 8**(-age/3)"
494,Mateo,Joseph Fernández-Regatillo,0.0,0.0,0.0,0.0,0.0,0.0,0.0,1,Mateo Joseph,FWD,Leeds,2025-26,0.0,0.0,"recency-weighted FPL points, decay 8**(-age/3)"
495,Antony,dos Santos,0.0,0.0,0.0,0.0,0.0,0.0,0.0,1,Antony,MID,Man Utd,2025-26,0.0,0.0,"recency-weighted FPL points, decay 8**(-age/3)"
496,Chido,Obi,0.0,0.0,0.0,0.0,0.0,0.0,0.0,1,Obi,FWD,Man United,2025-26,0.0,0.0,"recency-weighted FPL points, decay 8**(-age/3)"
497,Antoñito,Cordero Campillo,0.0,0.0,0.0,0.0,0.0,0.0,0.0,1,Antoñito C.,MID,Newcastle,2025-26,0.0,0.0,"recency-weighted FPL points, decay 8**(-age/3)"
498,Seung-Soo,Park,0.0,0.0,0.0,0.0,0.0,0.0,0.0,1,Seung soo,MID,Newcastle,2025-26,0.0,0.0,"recency-weighted FPL points, decay 8**(-age/3)"
499,Leo,Shahar,0.0,0.0,0.0,0.0,0.0,0.0,0.0,1,Shahar,DEF,Newcastle,2025-26,0.0,0.0,"recency-weighted FPL points, decay 8**(-age/3)"
500,Yang,Min-hyeok,0.0,0.0,0.0,0.0,0.0,0.0,0.0,1,Min-hyeok,MID,Spurs,2025-26,0.0,0.0,"recency-weighted FPL points, decay 8**(-age/3)"
501,Ahmed,Abdullahi,0.0,0.0,0.0,0.0,0.0,0.0,0.0,1,Abdullahi,FWD,Sunderland,2025-26,0.0,0.0,"recency-weighted FPL points, decay 8**(-age/3)"
502,Luís Hemir,Silva Semedo,0.0,0.0,0.0,0.0,0.0,0.0,0.0,1,Luís Hemir,FWD,Sunderland,2025-26,0.0,0.0,"recency-weighted FPL points, decay 8**(-age/3)"
503,Abdoullah,Ba,0.0,0.0,0.0,0.0,0.0,0.0,0.0,1,Ba,MID,Sunderland,2025-26,0.0,0.0,"recency-weighted FPL points, decay 8**(-age/3)"
504,Alan,Browne,0.0,0.0,0.0,0.0,0.0,0.0,0.0,1,Browne,MID,Sunderland,2025-26,0.0,0.0,"recency-weighted FPL points, decay 8**(-age/3)"
505,Anthony,Patterson,0.0,0.0,0.0,0.0,0.0,0.0,0.0,1,Patterson,GKP,Everton,2025-26,0.0,0.0,"recency-weighted FPL points, decay 8**(-age/3)"
506,Aji,Alese,0.0,0.0,0.0,0.0,0.0,0.0,0.0,1,Alese,DEF,Sunderland,2025-26,0.0,0.0,"recency-weighted FPL points, decay 8**(-age/3)"
507,Luka,Vušković,0.0,0.0,0.0,0.0,0.0,0.0,0.0,1,Vuskovic,DEF,Brighton,2025-26,0.0,0.0,"recency-weighted FPL points, decay 8**(-age/3)"
508,Tom,McGill,0.0,0.0,0.0,0.0,0.0,0.0,0.0,3,McGill,GKP,Brighton,2025-26,0.0,0.0,"recency-weighted FPL points, decay 8**(-age/3)"
509,Takai,Kōta,0.0,0.0,0.0,0.0,0.0,0.0,0.0,1,Takai,DEF,Spurs,2025-26,0.0,0.0,"recency-weighted FPL points, decay 8**(-age/3)"
510,Ishé,Samuels-Smith,0.0,0.0,0.0,0.0,0.0,0.0,0.0,3,Samuels-Smith,DEF,Chelsea,2024-25,0.0,0.0,"recency-weighted FPL points, decay 8**(-age/3)"
511,Malick,Yalcouyé,0.0,0.0,0.0,0.0,0.0,0.0,0.0,1,Yalcouye,MID,Brighton,2025-26,0.0,0.0,"recency-weighted FPL points, decay 8**(-age/3)"
512,Mike,Penders,0.0,0.0,0.0,0.0,0.0,0.0,0.0,1,Penders,GKP,Chelsea,2025-26,0.0,0.0,"recency-weighted FPL points, decay 8**(-age/3)"
513,Aarón,Anselmino,0.0,0.0,0.0,0.0,0.0,0.0,0.0,1,Anselmino,DEF,Chelsea,2025-26,0.0,0.0,"recency-weighted FPL points, decay 8**(-age/3)"
514,Largie,Ramazani,0.0,0.0,0.0,0.0,0.0,0.0,0.0,1,Ramazani,MID,Leeds,2025-26,0.0,0.0,"recency-weighted FPL points, decay 8**(-age/3)"
515,Joshua,Stephenson,0.0,0.0,0.0,0.0,0.0,0.0,0.0,1,Stephenson,DEF,Brentford,2025-26,0.0,0.0,"recency-weighted FPL points, decay 8**(-age/3)"
516,Conor,McManus,0.0,0.0,0.0,0.0,0.0,0.0,0.0,1,McManus,DEF,Brentford,2025-26,0.0,0.0,"recency-weighted FPL points, decay 8**(-age/3)"
517,Will,Dennis,0.0,0.0,0.0,0.0,0.0,0.0,0.0,3,Dennis,GKP,Bournemouth,2025-26,0.0,0.0,"recency-weighted FPL points, decay 8**(-age/3)"
518,Sam,Chambers,0.0,0.0,0.0,0.0,0.0,0.0,0.0,1,Chambers,MID,Leeds,2025-26,0.0,0.0,"recency-weighted FPL points, decay 8**(-age/3)"
519,Ármin,Pécsi,0.0,0.0,0.0,0.0,0.0,0.0,0.0,1,Pécsi,GKP,Liverpool,2025-26,0.0,0.0,"recency-weighted FPL points, decay 8**(-age/3)"
520,Giovanni,Leoni,0.0,0.0,0.0,0.0,0.0,0.0,0.0,1,Leoni,DEF,Liverpool,2025-26,0.0,0.0,"recency-weighted FPL points, decay 8**(-age/3)"
521,Danny,Imray,0.0,0.0,0.0,0.0,0.0,0.0,0.0,1,Imray,DEF,Crystal Palace,2025-26,0.0,0.0,"recency-weighted FPL points, decay 8**(-age/3)"
522,Benjamin,Lecomte,0.0,0.0,0.0,0.0,0.0,0.0,0.0,1,Lecomte,GKP,Fulham,2025-26,0.0,0.0,"recency-weighted FPL points, decay 8**(-age/3)"
523,Adam,Aznou,0.0,0.0,0.0,0.0,0.0,0.0,0.0,1,Aznou,DEF,Everton,2025-26,0.0,0.0,"recency-weighted FPL points, decay 8**(-age/3)"
524,Joe,Gauci,0.0,0.0,0.0,0.0,0.0,0.0,0.0,3,Gauci,GKP,Aston Villa,2025-26,0.0,0.0,"recency-weighted FPL points, decay 8**(-age/3)"
525,Gabriel,Słonina,0.0,0.0,0.0,0.0,0.0,0.0,0.0,2,Slonina,GKP,Chelsea,2025-26,0.0,0.0,"recency-weighted FPL points, decay 8**(-age/3)"
526,Joe,Whitworth,0.0,0.0,0.0,0.0,0.0,0.0,0.0,1,Whitworth,GKP,Crystal Palace,2023-24,0.0,0.0,"recency-weighted FPL points, decay 8**(-age/3)"
527,Ellery,Balcombe,0.0,0.0,0.0,0.0,0.0,0.0,0.0,4,Balcombe,GKP,Brentford,2025-26,0.0,0.0,"recency-weighted FPL points, decay 8**(-age/3)"
528,Teddy,Sharman-Lowe,0.0,0.0,0.0,0.0,0.0,0.0,0.0,2,Sharman-Lowe,GKP,Chelsea,2025-26,0.0,0.0,"recency-weighted FPL points, decay 8**(-age/3)"
529,Omar,Richards,0.0,0.0,0.0,0.0,0.0,0.0,0.0,4,O.Richards,DEF,Nott'm Forest,2025-26,0.0,0.0,"recency-weighted FPL points, decay 8**(-age/3)"
530,Oliver,Hammond,0.0,0.0,0.0,0.0,0.0,0.0,0.0,1,Hammond,MID,Nott'm Forest,2022-23,0.0,0.0,"recency-weighted FPL points, decay 8**(-age/3)"
531,Mark,Gillespie,0.0,0.0,0.0,0.0,0.0,0.0,0.0,5,Gillespie,GKP,Newcastle,2025-26,0.0,0.0,"recency-weighted FPL points, decay 8**(-age/3)"
532,Benjamin,Fredrick,0.0,0.0,0.0,0.0,0.0,0.0,0.0,3,Fredrick,DEF,Brentford,2025-26,0.0,0.0,"recency-weighted FPL points, decay 8**(-age/3)"
533,Benjamin,Arthur,0.0,0.0,0.0,0.0,0.0,0.0,0.0,3,Arthur,DEF,Brentford,2025-26,0.0,0.0,"recency-weighted FPL points, decay 8**(-age/3)"
534,Cedric,Kipre,0.0,0.0,0.0,0.0,0.0,0.0,0.0,1,Kipre,DEF,Ipswich,2020-21,0.0,0.0,"recency-weighted FPL points, decay 8**(-age/3)"
535,Calvin,Ramsay,0.0,0.0,0.0,0.0,0.0,0.0,0.0,2,Ramsay,DEF,Liverpool,2025-26,0.0,0.0,"recency-weighted FPL points, decay 8**(-age/3)"
536,Tommy,Setford,0.0,0.0,0.0,0.0,0.0,0.0,0.0,2,Setford,GKP,Arsenal,2025-26,0.0,0.0,"recency-weighted FPL points, decay 8**(-age/3)"
537,Ismeal,Kabia,0.0,0.0,0.0,0.0,0.0,0.0,0.0,2,Kabia,MID,Arsenal,2025-26,0.0,0.0,"recency-weighted FPL points, decay 8**(-age/3)"
538,Ashley,Phillips,0.0,0.0,0.0,0.0,0.0,0.0,0.0,3,Phillips,DEF,Hull,2025-26,0.0,0.0,"recency-weighted FPL points, decay 8**(-age/3)"
539,Tayo,Adaramola,0.0,0.0,0.0,0.0,0.0,0.0,0.0,3,Adaramola,DEF,Crystal Palace,2023-24,0.0,0.0,"recency-weighted FPL points, decay 8**(-age/3)"
540,Josh,Wilson-Esbrand,0.0,0.0,0.0,0.0,0.0,0.0,0.0,2,Wilson-Esbrand,DEF,Man City,2024-25,0.0,0.0,"recency-weighted FPL points, decay 8**(-age/3)"
541,Harvey,Davies,0.0,0.0,0.0,0.0,0.0,0.0,0.0,2,Davies,GKP,Liverpool,2024-25,0.0,0.0,"recency-weighted FPL points, decay 8**(-age/3)"
542,Ibrahim,Osman,0.0,0.0,0.0,0.0,0.0,0.0,0.0,1,I.Osman,MID,Brighton,2024-25,0.0,0.0,"recency-weighted FPL points, decay 8**(-age/3)"
543,Samuel,Iling-Junior,0.0,0.0,0.0,0.0,0.0,0.0,0.0,2,Iling Jr,MID,Aston Villa,2025-26,0.0,0.0,"recency-weighted FPL points, decay 8**(-age/3)"
544,Archie,Harris,0.0,0.0,0.0,0.0,0.0,0.0,0.0,1,Harris,DEF,Bournemouth,2024-25,0.0,0.0,"recency-weighted FPL points, decay 8**(-age/3)"
545,Matai,Akinmboni,0.0,0.0,0.0,0.0,0.0,0.0,0.0,2,Akinmboni,DEF,Bournemouth,2025-26,0.0,0.0,"recency-weighted FPL points, decay 8**(-age/3)"
546,Julian,Eyestone,0.0,0.0,0.0,0.0,0.0,0.0,0.0,2,Eyestone,GKP,Brentford,2025-26,0.0,0.0,"recency-weighted FPL points, decay 8**(-age/3)"
547,Matthew,Cox,0.0,0.0,0.0,0.0,0.0,0.0,0.0,4,Cox,GKP,Brentford,2025-26,0.0,0.0,"recency-weighted FPL points, decay 8**(-age/3)"
548,Bobby,Thomas,0.0,0.0,0.0,0.0,0.0,0.0,0.0,4,Thomas,DEF,Coventry,2023-24,0.0,0.0,"recency-weighted FPL points, decay 8**(-age/3)"
549,Marcus,Bettinelli,-0.07,0.0,0.0,0.0,0.0,0.0,2.46,7,Bettinelli,GKP,Man City,2025-26,0.0,-0.07,"recency-weighted FPL points, decay 8**(-age/3)"
