team_2026_27,player,matched,match_type,prior_pl_team,position,rating,w_points,w_goals,w_assists,w_goal_involvements,w_xgi,gi_per90,w_minutes,seasons,latest_team,latest_season
Arsenal,David Raya,True,name,Arsenal,GKP,81.0,81.0,0.0,0.0,0.0,0.04,0.0,1665.0,1,Arsenal,2025-26
Arsenal,Kepa Arrizabalaga,True,name,Arsenal,GKP,1.0,1.0,0.0,0.0,0.0,0.0,0.0,45.0,1,Arsenal,2025-26
Arsenal,Illan Meslier,True,name,Leeds,GKP,11.34,11.34,0.0,0.0,0.0,0.01,0.0,346.22,4,Leeds,2025-26
Arsenal,Tommy Setford,True,name,Arsenal,GKP,0.0,0.0,0.0,0.0,0.0,0.0,0.0,0.0,2,Arsenal,2025-26
Arsenal,Piero Hincapié,True,name,Arsenal,DEF,43.5,43.5,0.5,1.0,1.5,1.01,0.15,893.5,1,Arsenal,2025-26
Arsenal,William Saliba,True,name,Arsenal,DEF,128.81,128.81,1.38,0.19,1.56,2.37,0.05,2645.19,6,Arsenal,2025-26
Arsenal,Ben White,True,name,Arsenal,DEF,67.5,67.5,0.62,1.94,2.56,1.93,0.19,1212.5,4,Arsenal,2025-26
Arsenal,Gabriel Magalhães,True,name,Arsenal,DEF,161.5,161.5,2.81,3.12,5.94,4.32,0.21,2559.06,4,Arsenal,2025-26
Arsenal,Jurriën Timber,True,name,Arsenal,DEF,103.0,103.0,1.75,3.75,5.5,3.76,0.27,1838.5,3,Arsenal,2025-26
Arsenal,Riccardo Calafiori,True,name,Arsenal,DEF,64.25,64.25,1.0,1.25,2.25,2.45,0.19,1093.0,2,Arsenal,2025-26
Arsenal,Myles Lewis-Skelly,True,name,Arsenal,DEF,23.75,23.75,0.25,0.0,0.25,0.32,0.03,689.0,3,Arsenal,2025-26
Arsenal,Martin Ødegaard,True,name,Arsenal,MID,107.22,107.22,3.42,7.78,11.2,8.65,0.52,1945.14,6,Arsenal,2025-26
Arsenal,Eberechi Eze,True,name,Arsenal,MID,123.36,123.36,7.59,4.59,12.19,10.17,0.53,2069.33,6,Arsenal,2025-26
Everton,Christian Nørgaard,True,name,Arsenal,MID,47.09,47.09,1.66,1.88,3.53,2.43,0.25,1274.12,5,Arsenal,2025-26
Arsenal,Fábio Vieira,True,name,Arsenal,MID,5.5,5.5,0.19,0.5,0.69,0.38,0.92,67.5,4,Arsenal,2025-26
Arsenal,Ethan Nwaneri,True,name,Arsenal,MID,20.69,20.69,1.0,0.5,1.5,0.9,0.44,304.69,4,Arsenal,2025-26
Arsenal,Mikel Merino,True,name,Arsenal,MID,33.5,33.5,2.0,1.5,3.5,2.4,0.62,512.0,1,Arsenal,2025-26
Arsenal,Martín Zubimendi,True,name,Arsenal,MID,66.5,66.5,2.5,0.5,3.0,2.55,0.18,1495.5,1,Arsenal,2025-26
Arsenal,Declan Rice,True,name,Arsenal,MID,157.2,157.2,4.2,7.74,11.95,8.87,0.35,3045.41,10,Arsenal,2025-26
Arsenal,Bukayo Saka,True,name,Arsenal,MID,159.06,159.06,8.3,10.41,18.71,15.41,0.75,2250.82,8,Arsenal,2025-26
Arsenal,Gabriel Jesus,True,name,Arsenal,FWD,40.94,40.94,3.44,1.81,5.25,4.64,0.7,671.75,4,Arsenal,2025-26
Arsenal,Gabriel Martinelli,True,name,Arsenal,MID,86.88,86.88,4.19,4.69,8.88,8.04,0.52,1529.06,4,Arsenal,2025-26
Arsenal,Viktor Gyökeres,True,name,Arsenal,FWD,64.0,64.0,7.0,0.5,7.5,7.1,0.61,1108.5,1,Arsenal,2025-26
Arsenal,Noni Madueke,True,name,Arsenal,MID,77.12,77.12,3.94,2.12,6.06,5.85,0.43,1279.94,4,Arsenal,2025-26
Arsenal,Reiss Nelson,True,name,Brentford,MID,18.18,18.18,0.45,0.95,1.39,1.12,0.54,231.2,9,Brentford,2025-26
Arsenal,Kai Havertz,True,name,Arsenal,FWD,76.05,76.05,5.62,3.78,9.41,7.7,0.64,1325.12,6,Arsenal,2025-26
Arsenal,Ismeal Kabia,True,name,Arsenal,MID,0.0,0.0,0.0,0.0,0.0,0.0,0.0,0.0,2,Arsenal,2025-26
Aston Villa,Joe Gauci,True,name,Aston Villa,GKP,0.0,0.0,0.0,0.0,0.0,0.0,0.0,0.0,3,Aston Villa,2025-26
Aston Villa,Emiliano Martínez,True,name,Aston Villa,GKP,110.56,110.56,0.0,0.5,0.5,0.06,0.02,2789.31,4,Aston Villa,2025-26
Aston Villa,Marco Bizot,True,name,Aston Villa,GKP,8.0,8.0,0.0,0.0,0.0,0.0,0.0,292.5,1,Aston Villa,2025-26
Aston Villa,Matty Cash,True,name,Aston Villa,DEF,89.06,89.06,2.0,2.12,4.12,3.4,0.15,2406.06,4,Aston Villa,2025-26
Aston Villa,Victor Lindelöf,True,name,Aston Villa,DEF,37.55,37.55,0.15,0.71,0.86,0.39,0.07,1046.43,9,Aston Villa,2025-26
Aston Villa,Ezri Konsa,True,name,Aston Villa,DEF,98.8,98.8,0.73,0.64,1.37,1.96,0.04,2986.0,7,Aston Villa,2025-26
Aston Villa,Tyrone Mings,True,name,Aston Villa,DEF,51.29,51.29,0.14,1.11,1.25,1.28,0.09,1315.02,10,Aston Villa,2025-26
Aston Villa,Lucas Digne,True,name,Aston Villa,DEF,90.52,90.52,0.2,5.6,5.8,3.87,0.25,2055.27,8,Aston Villa,2025-26
Aston Villa,Pau Torres,True,name,Aston Villa,DEF,56.38,56.38,0.25,1.0,1.25,1.3,0.07,1649.0,3,Aston Villa,2025-26
Aston Villa,Kosta Nedeljkovic,True,name,Aston Villa,DEF,1.25,1.25,0.0,0.0,0.0,0.0,0.0,30.25,1,Aston Villa,2024-25
Aston Villa,Ian Maatsen,True,name,Aston Villa,DEF,42.62,42.62,0.25,1.0,1.25,2.77,0.1,1101.25,3,Aston Villa,2025-26
Aston Villa,Modou Cissé,True,name,Fulham,MID,0.02,0.02,0.0,0.0,0.0,0.0,0.0,0.34,1,Fulham,2018-19
Aston Villa,Ross Barkley,True,name,Aston Villa,MID,54.18,54.18,2.98,1.98,4.95,2.8,0.48,937.1,10,Aston Villa,2025-26
Aston Villa,John McGinn,True,name,Aston Villa,MID,97.38,97.38,3.73,4.2,7.92,6.61,0.31,2332.16,7,Aston Villa,2025-26
Aston Villa,Emiliano Buendía,True,name,Aston Villa,MID,64.41,64.41,3.44,1.38,4.81,3.62,0.39,1107.97,5,Aston Villa,2025-26
Aston Villa,Amadou Onana,True,name,Aston Villa,MID,67.31,67.31,2.06,0.19,2.25,2.66,0.12,1696.75,4,Aston Villa,2025-26
Aston Villa,Lamare Bogarde,True,name,Aston Villa,DEF,21.5,21.5,0.0,0.0,0.0,0.14,0.0,639.25,4,Aston Villa,2025-26
Aston Villa,Boubacar Kamara,True,name,Aston Villa,MID,52.5,52.5,0.75,1.69,2.44,1.35,0.15,1452.44,4,Aston Villa,2025-26
Aston Villa,Aidan Borland,False,none,,,,,,,,,,,,,
Aston Villa,Ollie Watkins,True,name,Aston Villa,FWD,176.16,176.16,15.88,6.98,22.86,16.36,0.73,2807.25,6,Aston Villa,2025-26
Aston Villa,Tammy Abraham,True,name,Aston Villa,FWD,13.94,13.94,1.22,0.08,1.3,1.2,0.67,175.69,6,Aston Villa,2025-26
Aston Villa,Samuel Iling-Junior,True,name,Aston Villa,MID,0.0,0.0,0.0,0.0,0.0,0.0,0.0,0.0,2,Aston Villa,2025-26
Chelsea,Morgan Rogers,True,name,Aston Villa,MID,129.12,129.12,7.38,6.88,14.25,8.72,0.51,2498.25,3,Aston Villa,2025-26
Crystal Palace,Evann Guessand,True,name,Crystal Palace,MID,22.0,22.0,0.5,1.5,2.0,1.2,0.4,454.5,1,Crystal Palace,2025-26
Aston Villa,Brian Madjo,False,none,,,,,,,,,,,,,
Aston Villa,Leon Bailey,True,name,Aston Villa,MID,48.16,48.16,1.78,3.28,5.06,4.46,0.5,912.06,5,Aston Villa,2025-26
Aston Villa,Alysson Edward,False,none,,,,,,,,,,,,,
Bournemouth,Djordje Petrovic,True,name,Bournemouth,GKP,70.88,70.88,0.0,0.0,0.0,0.0,0.0,1958.25,3,Bournemouth,2025-26
Bournemouth,Fraser Forster,True,name,Bournemouth,GKP,9.78,9.78,0.0,0.0,0.0,0.0,0.0,305.33,10,Bournemouth,2025-26
Bournemouth,Will Dennis,True,name,Bournemouth,GKP,0.0,0.0,0.0,0.0,0.0,0.0,0.0,0.0,3,Bournemouth,2025-26
Bournemouth,Julián Araujo,True,name,Bournemouth,DEF,3.0,3.0,0.0,0.0,0.0,0.02,0.0,123.0,2,Bournemouth,2025-26
Bournemouth,Adrien Truffert,True,name,Bournemouth,DEF,82.5,82.5,0.5,3.0,3.5,2.21,0.19,1689.0,1,Bournemouth,2025-26
Bournemouth,Julio Soler,True,name,Bournemouth,DEF,1.5,1.5,0.0,0.0,0.0,0.0,0.0,17.0,1,Bournemouth,2025-26
Bournemouth,Adam Smith,True,name,Bournemouth,DEF,58.74,58.74,0.01,1.46,1.47,0.77,0.09,1416.44,8,Bournemouth,2025-26
Bournemouth,Bafodé Diakité,True,name,Bournemouth,DEF,23.0,23.0,0.0,0.0,0.0,0.1,0.0,637.5,1,Bournemouth,2025-26
Bournemouth,James Hill,True,name,Bournemouth,DEF,59.88,59.88,0.0,1.75,1.75,1.16,0.13,1171.0,4,Bournemouth,2025-26
Bournemouth,Veljko Milosavljevic,True,name,Bournemouth,DEF,9.5,9.5,0.0,0.0,0.0,0.17,0.0,183.5,1,Bournemouth,2025-26
Bournemouth,Matai Akinmboni,True,name,Bournemouth,DEF,0.0,0.0,0.0,0.0,0.0,0.0,0.0,0.0,2,Bournemouth,2025-26
Bournemouth,Romain Faivre,True,name,Bournemouth,MID,0.5,0.5,0.0,0.0,0.0,0.02,0.0,4.62,3,Bournemouth,2025-26
Bournemouth,Lewis Cook,True,name,Bournemouth,MID,53.84,53.84,0.25,2.01,2.26,2.05,0.12,1653.44,8,Bournemouth,2025-26
Bournemouth,David Brooks,True,name,Bournemouth,MID,46.33,46.33,1.16,1.9,3.06,6.15,0.31,886.54,6,Bournemouth,2025-26
Bournemouth,Alex Scott,True,name,Bournemouth,MID,79.62,79.62,1.62,1.12,2.75,4.04,0.14,1735.62,3,Bournemouth,2025-26
Bournemouth,Ryan Christie,True,name,Bournemouth,MID,57.75,57.75,1.56,2.0,3.56,3.85,0.21,1495.06,4,Bournemouth,2025-26
Bournemouth,Tyler Adams,True,name,Bournemouth,MID,56.56,56.56,1.0,1.75,2.75,1.23,0.16,1523.75,4,Bournemouth,2025-26
Bournemouth,Marcus Tavernier,True,name,Bournemouth,MID,107.25,107.25,4.94,4.5,9.44,10.42,0.38,2222.5,4,Bournemouth,2025-26
Bournemouth,Alex Tóth,True,name,Bournemouth,MID,4.0,4.0,0.0,0.0,0.0,0.22,0.0,67.5,1,Bournemouth,2025-26
Bournemouth,Ben Winterburn,True,name,Bournemouth,MID,1.5,1.5,0.0,0.0,0.0,0.0,0.0,8.5,2,Bournemouth,2025-26
Bournemouth,Luis Sinisterra,True,name,Bournemouth,MID,3.31,3.31,0.31,0.0,0.31,0.29,0.52,53.94,2,Bournemouth,2025-26
Bournemouth,Daniel Jebbison,True,name,Bournemouth,FWD,5.31,5.31,0.27,0.0,0.27,0.29,0.72,33.17,3,Bournemouth,2024-25
Bournemouth,Álvaro Rodríguez,True,name,Fulham,FWD,56.0,56.0,4.5,2.5,7.0,6.24,0.58,1091.5,1,Fulham,2025-26
Bournemouth,Evanilson,True,name,Bournemouth,FWD,89.5,89.5,5.5,4.75,10.25,9.61,0.47,1949.75,2,Bournemouth,2025-26
Bournemouth,Ben Gannon-Doak,True,name,Bournemouth,MID,5.5,5.5,0.0,0.5,0.5,0.2,0.86,52.5,1,Bournemouth,2025-26
Bournemouth,Justin Kluivert,True,name,Bournemouth,MID,72.5,72.5,4.88,1.62,6.5,6.29,0.45,1296.0,3,Bournemouth,2025-26
Bournemouth,Amine Adli,True,name,Bournemouth,MID,33.5,33.5,1.5,1.0,2.5,2.11,0.42,537.0,1,Bournemouth,2025-26
Bournemouth,Junior Kroupi,True,name,Bournemouth,FWD,56.5,56.5,6.5,0.0,6.5,4.91,0.7,831.5,1,Bournemouth,2025-26
Bournemouth,Enes Ünal,True,name,Bournemouth,FWD,26.5,26.5,1.25,0.75,2.0,2.15,0.79,229.12,3,Bournemouth,2025-26
Bournemouth,Rayan,True,name,Bournemouth,MID,33.5,33.5,2.5,1.0,3.5,2.26,0.57,555.0,1,Bournemouth,2025-26
Bournemouth,Remy Rees-Dottin,True,name,Bournemouth,MID,0.25,0.25,0.0,0.0,0.0,0.0,0.0,0.25,2,Bournemouth,2025-26
Brentford,Caoimhín Kelleher,True,name,Brentford,GKP,71.5,71.5,0.0,0.0,0.0,0.11,0.0,1665.0,1,Brentford,2025-26
Brentford,Hákon Valdimarsson,True,name,Brentford,GKP,0.5,0.5,0.0,0.0,0.0,0.0,0.0,45.0,1,Brentford,2025-26
Brentford,Matthew Cox,True,name,Brentford,GKP,0.0,0.0,0.0,0.0,0.0,0.0,0.0,0.0,4,Brentford,2025-26
Brentford,Ellery Balcombe,True,name,Brentford,GKP,0.0,0.0,0.0,0.0,0.0,0.0,0.0,0.0,4,Brentford,2025-26
Brentford,Julian Eyestone,True,name,Brentford,GKP,0.0,0.0,0.0,0.0,0.0,0.0,0.0,0.0,2,Brentford,2025-26
Brentford,Jannik Schuster,False,none,,,,,,,,,,,,,
Brentford,Aaron Hickey,True,name,Brentford,DEF,24.56,24.56,0.0,0.19,0.19,0.41,0.03,548.5,4,Brentford,2025-26
Brentford,Rico Henry,True,name,Brentford,DEF,39.0,39.0,0.09,1.31,1.41,0.78,0.12,1023.84,5,Brentford,2025-26
Brentford,Sepp van den Berg,True,name,Brentford,DEF,72.0,72.0,0.0,1.75,1.75,3.06,0.08,2026.5,4,Brentford,2025-26
Coventry,Ethan Pinnock,True,name,Brentford,DEF,38.19,38.19,0.97,0.03,1.0,1.06,0.07,1205.06,5,Brentford,2025-26
Brentford,Kristoffer Ajer,True,name,Brentford,DEF,60.59,60.59,0.28,1.22,1.5,1.57,0.08,1599.03,5,Brentford,2025-26
Brentford,Jayden Meghoma,True,name,Brentford,DEF,0.25,0.25,0.0,0.0,0.0,0.0,0.0,1.0,2,Brentford,2025-26
Brentford,Nathan Collins,True,name,Brentford,DEF,111.53,111.53,1.19,2.88,4.06,3.32,0.13,2837.0,5,Brentford,2025-26
Brentford,Michael Kayode,True,name,Brentford,DEF,63.25,63.25,0.5,1.25,1.75,2.31,0.09,1759.75,2,Brentford,2025-26
Brentford,Kim Ji-Soo,True,name,Brentford,DEF,0.75,0.75,0.0,0.0,0.0,0.0,0.0,7.0,2,Brentford,2025-26
Brentford,Benjamin Arthur,True,name,Brentford,DEF,0.0,0.0,0.0,0.0,0.0,0.0,0.0,0.0,3,Brentford,2025-26
Brentford,Benjamin Fredrick,True,name,Brentford,DEF,0.0,0.0,0.0,0.0,0.0,0.0,0.0,0.0,3,Brentford,2025-26
Brentford,Ollie Shield,True,name,Brentford,DEF,0.0,0.0,0.0,0.0,0.0,0.0,0.0,0.0,1,Brentford,2025-26
Brentford,Joshua Stephenson,True,name,Brentford,DEF,0.0,0.0,0.0,0.0,0.0,0.0,0.0,0.0,1,Brentford,2025-26
Brentford,Conor McManus,True,name,Brentford,DEF,0.0,0.0,0.0,0.0,0.0,0.0,0.0,0.0,1,Brentford,2025-26
Chelsea,Jordan Henderson,True,name,Brentford,MID,48.05,48.05,0.62,1.93,2.55,1.63,0.19,1223.35,9,Brentford,2025-26
Brentford,Kevin Schade,True,name,Brentford,MID,105.69,105.69,7.0,3.81,10.81,10.04,0.48,2028.31,4,Brentford,2025-26
Brentford,Mathias Jensen,True,name,Brentford,MID,80.69,80.69,2.19,2.47,4.66,5.78,0.23,1831.12,5,Brentford,2025-26
Brentford,Josh Dasilva,True,name,Brentford,MID,6.44,6.44,0.25,0.13,0.38,0.27,0.38,89.44,4,Brentford,2025-26
Brentford,Fábio Carvalho,True,name,Brentford,MID,16.94,16.94,1.12,0.31,1.44,1.21,0.71,181.94,3,Brentford,2025-26
Brentford,Antoni Milambo,True,name,Brentford,MID,0.5,0.5,0.0,0.0,0.0,0.0,0.0,22.5,1,Brentford,2025-26
Brentford,Yehor Yarmoliuk,True,name,Brentford,MID,62.75,62.75,0.5,1.5,2.0,1.69,0.11,1684.75,2,Brentford,2025-26
Brentford,Mikkel Damsgaard,True,name,Brentford,MID,96.94,96.94,2.5,5.0,7.5,6.94,0.35,1915.0,4,Brentford,2025-26
Brentford,Yunus Konak,True,name,Brentford,MID,2.5,2.5,0.0,0.0,0.0,0.04,0.0,13.25,2,Brentford,2025-26
Brentford,Vitaly Janelt,True,name,Brentford,MID,75.0,75.0,1.19,3.31,4.5,3.25,0.22,1870.78,5,Brentford,2025-26
Brentford,Luka Bentt,True,name,Brentford,MID,0.0,0.0,0.0,0.0,0.0,0.0,0.0,0.0,1,Brentford,2025-26
Brentford,Callum Wilson,True,name,West Ham,FWD,69.45,69.45,6.33,1.69,8.02,6.53,0.68,1058.85,10,West Ham,2025-26
Brentford,Igor Thiago,True,name,Brentford,FWD,92.75,92.75,11.0,0.5,11.5,11.26,0.62,1682.75,2,Brentford,2025-26
Brentford,Jaidon Anthony,True,name,Burnley,MID,67.69,67.69,4.19,2.06,6.25,4.17,0.39,1454.94,4,Burnley,2025-26
Brentford,Dango Ouattara,True,name,Brentford,MID,105.81,105.81,5.44,5.44,10.88,9.74,0.53,1864.19,4,Brentford,2025-26
Brentford,Keane Lewis-Potter,True,name,Brentford,DEF,91.0,91.0,2.12,3.56,5.69,5.79,0.26,1951.06,4,Brentford,2025-26
Brentford,Gustavo Nunes,True,name,Brentford,MID,0.75,0.75,0.0,0.0,0.0,0.0,0.0,2.75,2,Brentford,2025-26
Brentford,Kaye Furo,True,name,Brentford,FWD,0.5,0.5,0.0,0.0,0.0,0.0,0.0,0.5,1,Brentford,2025-26
Brighton,James Beadle,False,none,,,,,,,,,,,,,
Brighton,Bart Verbruggen,True,name,Brighton,GKP,99.25,99.25,0.0,0.25,0.25,0.03,0.01,2756.25,3,Brighton,2025-26
Brighton,Jason Steele,True,name,Brighton,GKP,11.62,11.62,0.0,0.06,0.06,0.01,0.02,323.44,7,Brighton,2025-26
Brighton,Tom McGill,True,name,Brighton,GKP,0.0,0.0,0.0,0.0,0.0,0.0,0.0,0.0,3,Brighton,2025-26
Coventry,Carl Rushworth,True,name,Brighton,GKP,0.0,0.0,0.0,0.0,0.0,0.0,0.0,0.0,2,Brighton,2025-26
Brighton,Pascal Struijk,True,name,Leeds,DEF,60.33,60.33,0.17,0.66,0.83,2.07,0.04,1701.31,4,Leeds,2025-26
Brighton,Costinha,False,none,,,,,,,,,,,,,
Brighton,Michael Svoboda,False,none,,,,,,,,,,,,,
Brighton,Luka Vuskovic,True,name,Spurs,DEF,0.0,0.0,0.0,0.0,0.0,0.0,0.0,0.0,1,Spurs,2025-26
Brighton,Igor Julio,False,none,,,,,,,,,,,,,
Brighton,Lewis Dunk,True,name,Brighton,DEF,85.58,85.58,1.08,0.97,2.05,2.49,0.07,2670.32,9,Brighton,2025-26
Brighton,Eiran Cashin,True,name,Brighton,DEF,0.25,0.25,0.0,0.0,0.0,0.0,0.0,4.75,2,Brighton,2025-26
Brighton,Olivier Boscagli,True,name,Brighton,DEF,19.5,19.5,0.0,0.5,0.5,0.26,0.11,399.5,1,Brighton,2025-26
Brighton,Ferdi Kadioglu,True,name,Brighton,DEF,4.75,4.75,0.25,0.0,0.25,0.19,0.23,96.25,1,Brighton,2024-25
Brighton,Maxim De Cuyper,True,name,Brighton,DEF,42.0,42.0,1.0,1.5,2.5,2.87,0.32,702.0,1,Brighton,2025-26
Brighton,Amario Cozier-Duberry,True,name,Brighton,MID,0.0,0.0,0.0,0.0,0.0,0.0,0.0,0.0,2,Brighton,2024-25
Brighton,Rodrigo Rêgo,False,none,,,,,,,,,,,,,
Brighton,Jack Hinshelwood,True,name,Brighton,MID,73.06,73.06,3.62,3.25,6.88,5.01,0.43,1436.06,4,Brighton,2025-26
Man United,Carlos Baleba,True,name,Brighton,MID,54.0,54.0,0.75,0.25,1.0,1.96,0.05,1652.25,3,Brighton,2025-26
Brighton,Kaoru Mitoma,True,name,Brighton,MID,17.88,17.88,0.81,1.44,2.25,1.71,0.61,330.06,2,Brighton,2023-24
Brighton,Diego Gómez,True,name,Brighton,MID,48.5,48.5,2.5,0.5,3.0,3.98,0.26,1058.5,1,Brighton,2025-26
Brighton,Yasin Ayari,True,name,Brighton,MID,67.69,67.69,2.0,2.25,4.25,3.23,0.26,1454.06,4,Brighton,2025-26
Brighton,Mats Wieffer,True,name,Brighton,MID,60.0,60.0,1.25,3.25,4.5,2.34,0.34,1201.25,2,Brighton,2025-26
Brighton,Pascal Groß,True,name,Brighton,MID,73.85,73.85,1.71,5.22,6.94,5.46,0.41,1538.76,9,Brighton,2025-26
Brighton,Matt O'Riley,True,name,Brighton,MID,20.5,20.5,1.0,0.75,1.75,1.9,0.47,333.25,2,Brighton,2025-26
Brighton,Malick Yalcouyé,True,name,Brighton,MID,0.0,0.0,0.0,0.0,0.0,0.0,0.0,0.0,1,Brighton,2025-26
Brighton,Facundo Buonanotte,True,name,Leeds,MID,29.0,29.0,1.69,0.69,2.38,2.29,0.34,621.88,4,Leeds,2025-26
Brighton,Ibrahim Osman,True,name,Brighton,MID,0.0,0.0,0.0,0.0,0.0,0.0,0.0,0.0,1,Brighton,2024-25
Brighton,Zadok Yohanna,False,none,,,,,,,,,,,,,
Brighton,Stefanos Tzimas,True,name,Brighton,FWD,8.0,8.0,0.5,0.5,1.0,0.28,1.36,66.0,1,Brighton,2025-26
Brighton,Georginio Rutter,True,name,Brighton,MID,68.19,68.19,2.75,4.06,6.81,4.5,0.47,1317.19,3,Brighton,2025-26
Brighton,Yankuba Minteh,True,name,Brighton,MID,84.0,84.0,3.0,5.25,8.25,6.72,0.45,1652.25,2,Brighton,2025-26
Brighton,Tom Watson,True,name,Brighton,MID,2.5,2.5,0.0,0.0,0.0,0.04,0.0,28.5,1,Brighton,2025-26
Chelsea,Danny Welbeck,True,name,Brighton,FWD,114.54,114.54,10.31,2.77,13.08,11.07,0.57,2057.81,10,Brighton,2025-26
Brighton,Charalampos Kostoulas,True,name,Brighton,FWD,17.5,17.5,1.0,0.5,1.5,1.33,0.77,175.5,1,Brighton,2025-26
Brighton,Evan Ferguson,True,name,Brighton,FWD,19.72,19.72,1.38,0.25,1.62,1.48,0.45,325.31,5,Brighton,2025-26
Brighton,Mark O'Mahony,True,name,Brighton,FWD,0.25,0.25,0.0,0.0,0.0,0.01,0.0,7.62,2,Brighton,2024-25
Chelsea,Robert Sánchez,True,name,Chelsea,GKP,56.5,56.5,0.0,0.5,0.5,0.02,0.03,1520.0,1,Chelsea,2025-26
Chelsea,Filip Jörgensen,True,name,Chelsea,GKP,4.5,4.5,0.0,0.0,0.0,0.0,0.0,189.0,1,Chelsea,2025-26
Chelsea,Teddy Sharman-Lowe,True,name,Chelsea,GKP,0.0,0.0,0.0,0.0,0.0,0.0,0.0,0.0,2,Chelsea,2025-26
Chelsea,Mike Penders,True,name,Chelsea,GKP,0.0,0.0,0.0,0.0,0.0,0.0,0.0,0.0,1,Chelsea,2025-26
Chelsea,Gaga Slonina,True,name,Chelsea,GKP,0.0,0.0,0.0,0.0,0.0,0.0,0.0,0.0,2,Chelsea,2025-26
Crystal Palace,Axel Disasi,True,name,West Ham,DEF,41.62,41.62,0.5,0.0,0.5,1.23,0.04,1162.12,3,West Ham,2025-26
Chelsea,Ishé Samuels-Smith,True,name,Chelsea,DEF,0.0,0.0,0.0,0.0,0.0,0.0,0.0,0.0,3,Chelsea,2024-25
Chelsea,Marco Palestra,False,none,,,,,,,,,,,,,
Tottenham,Tosin Adarabioyo,True,name,Chelsea,DEF,47.62,47.62,0.56,0.27,0.83,0.76,0.07,1123.14,5,Chelsea,2025-26
Chelsea,Benoît Badiashile,True,name,Chelsea,DEF,3.5,3.5,0.0,0.0,0.0,0.03,0.0,235.0,1,Chelsea,2025-26
Chelsea,Levi Colwill,True,name,Chelsea,DEF,4.0,4.0,0.0,0.0,0.0,0.06,0.0,112.5,1,Chelsea,2025-26
Chelsea,Mamadou Sarr,True,name,Chelsea,DEF,1.5,1.5,0.0,0.0,0.0,0.18,0.0,50.0,1,Chelsea,2025-26
Chelsea,Jorrel Hato,True,name,Chelsea,DEF,9.5,9.5,0.0,0.0,0.0,0.45,0.0,569.5,1,Chelsea,2025-26
Chelsea,Trevoh Chalobah,True,name,Chelsea,DEF,102.28,102.28,2.47,0.78,3.25,2.01,0.14,2146.16,6,Chelsea,2025-26
Chelsea,Reece James,True,name,Chelsea,DEF,81.76,81.76,1.48,4.22,5.7,2.98,0.35,1479.38,7,Chelsea,2025-26
Chelsea,Malo Gusto,True,name,Chelsea,DEF,72.25,72.25,1.0,2.5,3.5,3.65,0.17,1809.0,3,Chelsea,2025-26
Chelsea,Wesley Fofana,True,name,Chelsea,DEF,42.95,42.95,0.06,1.02,1.08,0.88,0.08,1292.12,6,Chelsea,2025-26
Chelsea,Aaron Anselmino,True,name,Chelsea,DEF,0.0,0.0,0.0,0.0,0.0,0.0,0.0,0.0,1,Chelsea,2025-26
Chelsea,Josh Acheampong,True,name,Chelsea,DEF,20.62,20.62,0.5,0.0,0.5,0.43,0.12,371.12,3,Chelsea,2025-26
Tottenham,Mykhailo Mudryk,True,name,Chelsea,MID,15.06,15.06,0.62,0.75,1.38,1.41,0.45,272.38,4,Chelsea,2025-26
Chelsea,Geovany Quenda,False,none,,,,,,,,,,,,,
Man City,Enzo Fernández,True,name,Chelsea,MID,124.5,124.5,6.88,5.0,11.88,13.75,0.4,2665.44,4,Chelsea,2025-26
Chelsea,Cole Palmer,True,name,Chelsea,MID,142.47,142.47,11.5,5.22,16.72,16.34,0.71,2128.53,7,Chelsea,2025-26
Chelsea,Dário Essugo,True,name,Chelsea,MID,0.5,0.5,0.0,0.0,0.0,0.0,0.0,13.0,1,Chelsea,2025-26
Chelsea,Moisés Caicedo,True,name,Chelsea,MID,94.94,94.94,1.94,1.94,3.88,3.39,0.12,2790.0,4,Chelsea,2025-26
Chelsea,Roméo Lavia,True,name,Chelsea,MID,16.69,16.69,0.06,0.31,0.38,0.6,0.06,527.69,4,Chelsea,2025-26
Chelsea,David Datro Fofana,True,name,Chelsea,FWD,6.44,6.44,0.5,0.12,0.62,0.65,0.49,113.75,3,Chelsea,2024-25
Chelsea,Emmanuel Emegha,False,none,,,,,,,,,,,,,
Chelsea,Pedro Neto,True,name,Chelsea,MID,104.63,104.63,3.88,6.68,10.56,8.73,0.43,2190.98,7,Chelsea,2025-26
Nott'm Forest,Liam Delap,True,name,Chelsea,FWD,55.55,55.55,3.5,1.5,5.0,5.09,0.38,1193.61,5,Chelsea,2025-26
Chelsea,Jamie Gittens,True,name,Chelsea,MID,12.5,12.5,0.0,1.0,1.0,0.88,0.37,243.0,1,Chelsea,2025-26
Aston Villa,Nicolas Jackson,True,name,Chelsea,FWD,48.0,48.0,4.25,2.25,6.5,6.04,0.65,905.12,3,Chelsea,2025-26
Chelsea,João Pedro,True,name,Chelsea,FWD,134.9,134.9,11.22,6.41,17.62,13.53,0.75,2121.36,5,Chelsea,2025-26
Chelsea,Marc Guiu,True,name,Chelsea,FWD,7.25,7.25,0.0,0.5,0.5,0.92,0.3,150.25,2,Chelsea,2025-26
Chelsea,Estêvão,True,name,Chelsea,MID,29.0,29.0,1.0,2.5,3.5,2.53,0.75,419.5,1,Chelsea,2025-26
Chelsea,Alejandro Garnacho,True,name,Chelsea,MID,28.06,28.06,0.5,2.0,2.5,3.56,0.36,630.88,2,Chelsea,2025-26
Coventry,Oliver Dovin,False,none,,,,,,,,,,,,,
Coventry,Ben Wilson,True,name,Fulham,MID,120.21,120.21,7.18,6.2,13.38,7.62,0.63,1904.98,7,Fulham,2025-26
Coventry,Harvey Broad,False,none,,,,,,,,,,,,,
Coventry,Aurèle Amenda,False,none,,,,,,,,,,,,,
Coventry,Jay Dasilva,True,name,Brentford,MID,6.44,6.44,0.25,0.13,0.38,0.27,0.38,89.44,4,Brentford,2025-26
Coventry,Bobby Thomas,True,name,Burnley,DEF,0.0,0.0,0.0,0.0,0.0,0.0,0.0,0.0,4,Burnley,2023-24
Coventry,Liam Kitching,False,none,,,,,,,,,,,,,
Coventry,Kaine Kesler-Hayden,True,name,Aston Villa,DEF,0.38,0.38,0.0,0.0,0.0,0.0,0.0,0.62,2,Aston Villa,2024-25
Coventry,Jake Bidwell,False,none,,,,,,,,,,,,,
Coventry,Joel Latibeaudiere,False,none,,,,,,,,,,,,,
Coventry,Luke Woolfenden,True,name,Ipswich,DEF,4.5,4.5,0.0,0.0,0.0,0.01,0.0,296.75,1,Ipswich,2024-25
Coventry,Milan van Ewijk,False,none,,,,,,,,,,,,,
Coventry,Miguel Ángel Brau,False,none,,,,,,,,,,,,,
Coventry,Frank Onyeka,True,name,Brentford,MID,14.84,14.84,0.12,1.5,1.62,0.74,0.53,277.94,5,Brentford,2025-26
Coventry,Jack Rudoni,False,none,,,,,,,,,,,,,
Coventry,Matt Grimes,False,none,,,,,,,,,,,,,
Coventry,Tatsuhiro Sakamoto,False,none,,,,,,,,,,,,,
Coventry,Josh Eccles,False,none,,,,,,,,,,,,,
Coventry,Victor Torp,False,none,,,,,,,,,,,,,
Coventry,Kai Andrews,False,none,,,,,,,,,,,,,
Coventry,Loum Tchaouna,True,name,Burnley,MID,29.5,29.5,1.0,1.0,2.0,1.09,0.29,629.5,1,Burnley,2025-26
Coventry,Ellis Simms,True,name,Everton,FWD,1.13,1.13,0.06,0.0,0.06,0.06,0.36,15.59,5,Everton,2023-24
Coventry,Ephron Mason-Clark,True,name,Liverpool,MID,0.69,0.69,0.0,0.0,0.0,0.02,0.0,11.19,3,Liverpool,2024-25
Coventry,Haji Wright,True,name,Liverpool,FWD,0.0,0.0,0.0,0.0,0.0,0.0,0.0,0.0,1,Liverpool,2025-26
Coventry,Raphael Borges Rodrigues,True,name,Brentford,FWD,92.75,92.75,11.0,0.5,11.5,11.26,0.62,1682.75,2,Brentford,2025-26
Coventry,Brandon Thomas-Asante,False,none,,,,,,,,,,,,,
Coventry,Jahnoah Markelo,False,none,,,,,,,,,,,,,
Coventry,Norman Bassette,False,none,,,,,,,,,,,,,
Coventry,Aidan Dausch,False,none,,,,,,,,,,,,,
Crystal Palace,Owen Goodman,True,name,Crystal Palace,GKP,0.0,0.0,0.0,0.0,0.0,0.0,0.0,0.0,1,Crystal Palace,2022-23
Crystal Palace,Dean Henderson,True,name,Crystal Palace,GKP,112.31,112.31,0.0,0.01,0.01,0.06,0.0,2866.64,7,Crystal Palace,2025-26
Crystal Palace,Remi Matthews,True,name,Crystal Palace,GKP,0.12,0.12,0.0,0.0,0.0,0.0,0.0,0.38,5,Crystal Palace,2025-26
Crystal Palace,Joe Whitworth,True,name,Crystal Palace,GKP,0.0,0.0,0.0,0.0,0.0,0.0,0.0,0.0,1,Crystal Palace,2023-24
Crystal Palace,Walter Benítez,True,name,Crystal Palace,GKP,3.5,3.5,0.0,0.0,0.0,0.0,0.0,45.0,1,Crystal Palace,2025-26
Crystal Palace,Danny Imray,True,name,Crystal Palace,DEF,0.0,0.0,0.0,0.0,0.0,0.0,0.0,0.0,1,Crystal Palace,2025-26
Crystal Palace,Daniel Muñoz,True,name,Crystal Palace,DEF,68.0,68.0,2.0,2.0,4.0,3.2,0.3,1200.0,1,Crystal Palace,2025-26
Crystal Palace,Tyrick Mitchell,True,name,Crystal Palace,DEF,123.28,123.28,0.77,3.59,4.36,3.88,0.13,3105.2,7,Crystal Palace,2025-26
Chelsea,Maxence Lacroix,True,name,Crystal Palace,DEF,105.5,105.5,0.75,1.5,2.25,2.77,0.09,2321.5,2,Crystal Palace,2025-26
Crystal Palace,Jaydee Canvot,True,name,Crystal Palace,DEF,36.0,36.0,0.0,0.0,0.0,0.9,0.0,665.5,1,Crystal Palace,2025-26
Crystal Palace,Nathaniel Clyne,True,name,Crystal Palace,DEF,24.8,24.8,0.0,0.68,0.68,0.67,0.08,753.08,9,Crystal Palace,2025-26
Crystal Palace,Borna Sosa,True,name,Crystal Palace,DEF,3.0,3.0,0.0,0.0,0.0,0.06,0.0,49.5,1,Crystal Palace,2025-26
Crystal Palace,Chris Richards,True,name,Crystal Palace,DEF,89.56,89.56,0.88,0.38,1.25,2.62,0.05,2181.81,4,Crystal Palace,2025-26
Crystal Palace,Óscar Mingueza,False,none,,,,,,,,,,,,,
Crystal Palace,Tayo Adaramola,True,name,Crystal Palace,DEF,0.0,0.0,0.0,0.0,0.0,0.0,0.0,0.0,3,Crystal Palace,2023-24
Crystal Palace,Jefferson Lerma,True,name,Crystal Palace,MID,63.31,63.31,0.44,2.88,3.31,3.26,0.15,1931.62,4,Crystal Palace,2025-26
Crystal Palace,Yéremy Pino,True,token,Crystal Palace,MID,38.5,38.5,1.0,1.0,2.0,5.32,0.17,1037.0,1,Crystal Palace,2025-26
Crystal Palace,Daichi Kamada,True,name,Crystal Palace,MID,44.75,44.75,0.0,1.0,1.0,3.11,0.07,1335.75,2,Crystal Palace,2025-26
Crystal Palace,Will Hughes,True,name,Crystal Palace,MID,51.43,51.43,0.08,1.9,1.99,2.77,0.11,1653.88,8,Crystal Palace,2025-26
Crystal Palace,Adam Wharton,True,name,Crystal Palace,MID,72.75,72.75,0.5,3.88,4.38,5.37,0.22,1766.5,3,Crystal Palace,2025-26
Crystal Palace,Romain Esse,True,name,Crystal Palace,MID,7.5,7.5,0.25,0.5,0.75,0.2,1.24,54.5,2,Crystal Palace,2025-26
Crystal Palace,David Ozoh,True,name,Crystal Palace,MID,1.06,1.06,0.0,0.0,0.0,0.0,0.0,18.56,4,Crystal Palace,2025-26
Crystal Palace,Justin Devenny,True,name,Crystal Palace,MID,26.5,26.5,0.75,0.25,1.0,1.68,0.17,516.0,2,Crystal Palace,2025-26
Crystal Palace,Matheus França,True,name,Crystal Palace,MID,4.25,4.25,0.25,0.25,0.5,0.21,1.1,41.0,3,Crystal Palace,2025-26
Crystal Palace,Ismaïla Sarr,True,name,Crystal Palace,MID,96.59,96.59,6.54,2.8,9.34,10.46,0.47,1779.3,3,Crystal Palace,2025-26
Crystal Palace,Eddie Nketiah,True,name,Crystal Palace,FWD,37.56,37.56,2.62,1.12,3.75,4.03,0.51,661.56,4,Crystal Palace,2025-26
Crystal Palace,Jean-Philippe Mateta,True,name,Crystal Palace,FWD,119.83,119.83,11.8,1.41,13.2,13.62,0.56,2135.42,6,Crystal Palace,2025-26
Crystal Palace,Jørgen Strand Larsen,True,name,Crystal Palace,FWD,73.75,73.75,5.5,1.5,7.0,6.0,0.35,1797.25,2,Crystal Palace,2025-26
Everton,Brennan Johnson,True,name,Crystal Palace,MID,90.75,90.75,4.88,3.81,8.69,7.55,0.42,1870.5,4,Crystal Palace,2025-26
Crystal Palace,Jesurun Rak-Sakyi,True,name,Crystal Palace,MID,1.12,1.12,0.0,0.0,0.0,0.07,0.0,18.97,6,Crystal Palace,2025-26
Everton,Jordan Pickford,True,name,Everton,GKP,141.21,141.21,0.0,0.31,0.31,0.23,0.01,3391.21,10,Everton,2025-26
Everton,Mark Travers,True,name,Everton,GKP,8.92,8.92,0.0,0.0,0.0,0.0,0.0,223.59,6,Everton,2025-26
Everton,Tom King,True,name,Everton,GKP,0.25,0.25,0.0,0.0,0.0,0.0,0.0,0.25,3,Everton,2025-26
Everton,Nathan Patterson,True,name,Everton,DEF,20.69,20.69,0.0,0.5,0.5,0.39,0.11,409.12,5,Everton,2025-26
Everton,Michael Keane,True,name,Everton,DEF,88.83,88.83,2.6,0.71,3.31,1.76,0.16,1845.13,10,Everton,2025-26
Everton,James Tarkowski,True,name,Everton,DEF,138.51,138.51,1.51,2.03,3.54,4.18,0.1,3229.21,10,Everton,2025-26
Everton,Jake O'Brien,True,name,Everton,DEF,74.25,74.25,1.0,1.5,2.5,1.6,0.12,1951.0,3,Everton,2025-26
Everton,Vitalii Mykolenko,True,name,Everton,DEF,96.38,96.38,0.53,1.47,2.0,2.43,0.07,2757.38,5,Everton,2025-26
Everton,Jarrad Branthwaite,True,name,Everton,DEF,53.8,53.8,0.91,0.88,1.78,1.04,0.12,1370.18,7,Everton,2025-26
Everton,Adam Aznou,True,name,Everton,DEF,0.0,0.0,0.0,0.0,0.0,0.0,0.0,0.0,1,Everton,2025-26
Everton,Hayden Hackney,False,none,,,,,,,,,,,,,
Everton,Tyler Dibling,True,name,Everton,MID,26.0,26.0,0.5,0.5,1.0,1.19,0.14,640.25,3,Everton,2025-26
Everton,Kiernan Dewsbury-Hall,True,name,Everton,MID,87.31,87.31,4.16,4.0,8.16,5.25,0.46,1588.47,4,Everton,2025-26
Everton,Charly Alcaraz,True,name,Everton,MID,25.5,25.5,0.5,1.25,1.75,1.47,0.3,531.0,2,Everton,2025-26
Everton,Idrissa Gueye,True,name,Everton,MID,41.5,41.5,1.0,1.5,2.5,1.92,0.21,1047.0,1,Everton,2025-26
Everton,Merlin Röhl,True,name,Everton,MID,18.0,18.0,0.5,0.5,1.0,0.51,0.27,337.5,1,Everton,2025-26
Everton,James Garner,True,name,Everton,MID,102.45,102.45,1.12,4.06,5.19,5.52,0.18,2528.94,7,Everton,2025-26
Hull,Tim Iroegbunam,True,name,Everton,MID,40.88,40.88,0.0,1.75,1.75,0.72,0.17,901.44,6,Everton,2025-26
Everton,Harrison Armstrong,True,name,Everton,MID,11.0,11.0,0.0,0.0,0.0,0.6,0.0,273.75,2,Everton,2025-26
Crystal Palace,Dwight McNeil,True,name,Everton,MID,78.77,78.77,1.87,4.99,6.86,4.98,0.38,1616.24,9,Everton,2025-26
Everton,Beto,True,name,Everton,FWD,80.0,80.0,6.88,0.5,7.38,7.49,0.52,1273.62,3,Everton,2025-26
Man City,Iliman Ndiaye,True,name,Everton,MID,92.52,92.52,5.25,1.5,6.75,7.44,0.3,1997.17,4,Everton,2025-26
Everton,Thierno Barry,True,name,Everton,FWD,47.5,47.5,4.0,0.0,4.0,4.3,0.38,949.0,1,Everton,2025-26
Everton,Tyrique George,True,name,Everton,MID,12.25,12.25,0.25,0.25,0.5,1.03,0.2,219.75,3,Everton,2025-26
Everton,Martin Sherif,True,name,Everton,FWD,0.0,0.0,0.0,0.0,0.0,0.0,0.0,0.0,2,Everton,2025-26
Fulham,Bernd Leno,True,name,Fulham,GKP,118.91,118.91,0.0,0.5,0.5,0.02,0.01,3286.94,8,Fulham,2025-26
Fulham,Benjamin Lecomte,True,name,Fulham,GKP,0.0,0.0,0.0,0.0,0.0,0.0,0.0,0.0,1,Fulham,2025-26
Fulham,Kenny Tete,True,name,Fulham,DEF,62.53,62.53,0.69,0.83,1.52,2.02,0.08,1630.27,5,Fulham,2025-26
Fulham,Calvin Bassey,True,name,Fulham,DEF,78.5,78.5,0.88,0.5,1.38,1.46,0.05,2321.88,3,Fulham,2025-26
Fulham,Joachim Andersen,True,name,Fulham,DEF,99.7,99.7,0.33,1.02,1.34,2.69,0.04,2843.83,6,Fulham,2025-26
Fulham,Jorge Cuenca,True,name,Fulham,DEF,21.75,21.75,0.0,0.0,0.0,0.3,0.0,554.75,2,Fulham,2025-26
Fulham,Timothy Castagne,True,name,Fulham,DEF,66.06,66.06,0.31,1.94,2.25,2.41,0.1,1964.7,6,Fulham,2025-26
Ipswich,Issa Diop,True,name,Fulham,DEF,36.09,36.09,0.62,0.04,0.66,0.7,0.05,1127.66,8,Fulham,2025-26
Fulham,Antonee Robinson,True,name,Fulham,DEF,78.7,78.7,0.5,3.38,3.88,3.21,0.16,2169.98,5,Fulham,2025-26
Fulham,Luke Harris,True,name,Fulham,MID,0.44,0.44,0.0,0.0,0.0,0.04,0.0,9.88,4,Fulham,2025-26
Fulham,Harrison Reed,True,name,Fulham,MID,23.64,23.64,0.69,0.55,1.23,0.84,0.25,448.48,6,Fulham,2025-26
Fulham,Tom Cairney,True,name,Fulham,MID,41.51,41.51,1.77,0.83,2.6,2.11,0.29,795.39,6,Fulham,2025-26
Fulham,Oscar Bobb,True,name,Fulham,MID,25.5,25.5,0.12,1.25,1.38,2.12,0.22,555.25,3,Fulham,2025-26
Fulham,Sander Berge,True,name,Fulham,MID,68.8,68.8,0.15,1.77,1.92,2.25,0.07,2407.35,5,Fulham,2025-26
Ipswich,Sasa Lukic,True,name,Fulham,MID,52.88,52.88,0.62,2.5,3.12,2.95,0.18,1591.12,3,Fulham,2025-26
Fulham,Josh King,True,name,Fulham,MID,34.0,34.0,0.5,1.5,2.0,1.8,0.27,676.5,2,Fulham,2025-26
Fulham,Ryan Sessegnon,True,name,Fulham,MID,66.12,66.12,2.63,2.18,4.82,2.56,0.38,1146.11,8,Fulham,2025-26
Fulham,Emile Smith Rowe,True,name,Fulham,MID,77.84,77.84,3.34,1.77,5.11,4.87,0.29,1599.31,7,Fulham,2025-26
Fulham,Jonah Kusi-Asare,True,name,Fulham,FWD,3.0,3.0,0.0,0.0,0.0,0.04,0.0,24.5,1,Fulham,2025-26
Fulham,Rodrigo Muniz,True,name,Fulham,FWD,51.62,51.62,3.62,1.0,4.62,4.46,0.45,927.88,4,Fulham,2025-26
Fulham,Alex Iwobi,True,name,Fulham,MID,115.63,115.63,5.11,3.91,9.01,7.72,0.32,2570.21,10,Fulham,2025-26
Fulham,Kevin,True,name,Fulham,MID,24.5,24.5,0.5,1.5,2.0,1.34,0.35,515.0,1,Fulham,2025-26
Hull,Jack Butland,True,name,Man Utd,GKP,1.23,1.23,0.0,0.0,0.0,0.0,0.0,31.9,5,Man Utd,2022-23
Hull,Dillon Phillips,True,name,Man City,MID,11.14,11.14,0.02,0.06,0.08,0.29,0.02,462.94,6,Man City,2025-26
Hull,Thimothée Lo-Tutala,False,none,,,,,,,,,,,,,
Hull,Harvey Cartwright,True,name,Leicester,MID,0.0,0.0,0.0,0.0,0.0,0.0,0.0,0.0,1,Leicester,2024-25
Hull,Lewie Coyle,False,none,,,,,,,,,,,,,
Hull,Ryan Giles,True,name,Luton,DEF,1.38,1.38,0.0,0.0,0.0,0.08,0.0,62.25,3,Luton,2023-24
Hull,Charlie Hughes,True,name,Crystal Palace,MID,51.43,51.43,0.08,1.9,1.99,2.77,0.11,1653.88,8,Crystal Palace,2025-26
Hull,Semi Ajayi,True,name,Spurs,MID,0.0,0.0,0.0,0.0,0.0,0.0,0.0,0.0,1,Spurs,2024-25
Hull,John Egan,True,name,Sheffield Utd,DEF,2.05,2.05,0.02,0.02,0.04,0.02,0.03,126.21,3,Sheffield Utd,2023-24
Hull,Matty Jacob,False,none,,,,,,,,,,,,,
Hull,Cody Drameh,True,name,Leeds,DEF,0.06,0.06,0.0,0.0,0.0,0.0,0.0,8.31,3,Leeds,2022-23
Hull,Paddy McNair,True,name,Sunderland,DEF,0.01,0.01,0.0,0.0,0.0,0.0,0.0,0.34,1,Sunderland,2016-17
Hull,Abdülkadir Ömür,False,none,,,,,,,,,,,,,
Hull,Eliot Matazo,False,none,,,,,,,,,,,,,
Hull,Darko Gyabi,True,name,Leeds,MID,0.06,0.06,0.0,0.0,0.0,0.0,0.0,0.44,2,Leeds,2025-26
Hull,Matt Crooks,False,none,,,,,,,,,,,,,
Hull,Kieran Dowell,True,name,Norwich,MID,1.28,1.28,0.03,0.03,0.06,0.0,0.2,28.28,2,Norwich,2021-22
Hull,Regan Slater,True,name,Brighton,DEF,0.0,0.0,0.0,0.0,0.0,0.0,0.0,0.0,2,Brighton,2025-26
Hull,Mason Burstow,True,name,Chelsea,FWD,0.25,0.25,0.0,0.0,0.0,0.0,0.0,1.0,1,Chelsea,2023-24
Hull,Liam Millar,False,none,,,,,,,,,,,,,
Hull,Oliver McBurnie,True,name,Sheffield Utd,FWD,9.65,9.65,0.81,0.42,1.23,1.11,0.56,197.48,5,Sheffield Utd,2023-24
Hull,Mohamed Belloumi,False,none,,,,,,,,,,,,,
Hull,David Akintola,False,none,,,,,,,,,,,,,
Hull,Abu Kamara,True,name,Norwich,FWD,0.0,0.0,0.0,0.0,0.0,0.0,0.0,0.0,1,Norwich,2021-22
Hull,Enis Destan,False,none,,,,,,,,,,,,,
Hull,Hugh Parker,False,none,,,,,,,,,,,,,
Ipswich,Alex Palmer,True,name,Ipswich,GKP,5.5,5.5,0.0,0.0,0.0,0.0,0.0,292.5,3,Ipswich,2024-25
Ipswich,David Button,True,name,West Brom,GKP,0.09,0.09,0.0,0.0,0.0,0.0,0.0,2.81,3,West Brom,2020-21
Ipswich,Christian Walton,True,name,Ipswich,GKP,4.0,4.0,0.0,0.0,0.0,0.0,0.0,157.5,2,Ipswich,2024-25
Ipswich,Harry Clarke,True,name,Ipswich,DEF,0.25,0.25,0.0,0.0,0.0,0.04,0.0,94.25,1,Ipswich,2024-25
Ipswich,Leif Davis,True,name,Ipswich,DEF,13.03,13.03,0.25,0.5,0.75,1.43,0.1,685.98,2,Ipswich,2024-25
Ipswich,Cédric Kipré,True,name,West Brom,DEF,0.0,0.0,0.0,0.0,0.0,0.0,0.0,0.0,1,West Brom,2020-21
Ipswich,Ben Johnson,True,name,Ipswich,DEF,13.38,13.38,0.3,0.5,0.8,0.55,0.14,511.57,8,Ipswich,2024-25
Ipswich,Darnell Furlong,True,name,West Brom,DEF,1.23,1.23,0.02,0.05,0.06,0.0,0.12,45.8,1,West Brom,2020-21
Ipswich,Jacob Greaves,True,name,Ipswich,DEF,9.25,9.25,0.25,0.0,0.25,0.38,0.04,551.25,1,Ipswich,2024-25
Ipswich,Dara O'Shea,True,name,Ipswich,DEF,21.52,21.52,0.38,1.0,1.38,0.7,0.11,1174.8,3,Ipswich,2024-25
Ipswich,Azor Matusiwa,False,none,,,,,,,,,,,,,
Ipswich,Jack Taylor,True,name,Ipswich,MID,9.5,9.5,0.25,0.0,0.25,0.38,0.11,209.25,1,Ipswich,2024-25
Ipswich,Kasey McAteer,True,name,Leicester,MID,8.78,8.78,0.25,0.25,0.5,0.4,0.21,211.56,3,Leicester,2024-25
Ipswich,Cameron Humphreys,True,name,Ipswich,MID,0.0,0.0,0.0,0.0,0.0,0.0,0.0,0.0,1,Ipswich,2024-25
Ipswich,Marcelino Núñez,True,token,Liverpool,FWD,39.25,39.25,3.19,2.44,5.62,5.07,0.79,637.62,4,Liverpool,2025-26
Ipswich,Anis Mehmeti,False,none,,,,,,,,,,,,,
Ipswich,Finley Barbrook,False,none,,,,,,,,,,,,,
Ipswich,Emersonn,False,none,,,,,,,,,,,,,
Ipswich,Wes Burns,True,name,Ipswich,MID,7.5,7.5,0.0,0.25,0.25,0.42,0.1,230.5,1,Ipswich,2024-25
Ipswich,Sindre Egeli,False,none,,,,,,,,,,,,,
Ipswich,George Hirst,True,name,Ipswich,FWD,11.52,11.52,0.75,0.25,1.0,0.6,0.56,161.32,2,Ipswich,2024-25
Ipswich,Jaden Philogene,True,name,Ipswich,MID,9.25,9.25,0.5,0.0,0.5,0.69,0.23,199.0,1,Ipswich,2024-25
Ipswich,Ali Al Hamadi,True,name,Ipswich,FWD,2.0,2.0,0.0,0.0,0.0,0.1,0.0,31.25,1,Ipswich,2024-25
Ipswich,Chiedozie Ogbene,True,name,Ipswich,MID,12.25,12.25,0.5,0.5,1.0,1.01,0.29,307.62,2,Ipswich,2024-25
Ipswich,Sam Szmodics,True,name,Ipswich,MID,13.5,13.5,1.0,0.0,1.0,0.97,0.36,247.0,1,Ipswich,2024-25
Ipswich,Chuba Akpom,True,name,Arsenal,FWD,0.0,0.0,0.0,0.0,0.0,0.0,0.0,0.0,1,Arsenal,2016-17
Ipswich,Jack Clarke,True,name,Ipswich,MID,13.25,13.25,0.0,1.0,1.0,0.57,0.31,290.25,1,Ipswich,2024-25
Leeds,Lucas Perri,True,name,Leeds,GKP,21.5,21.5,0.0,0.0,0.0,0.0,0.0,720.0,1,Leeds,2025-26
Leeds,Jayden Bogle,True,name,Leeds,DEF,56.48,56.48,0.91,2.88,3.78,3.03,0.19,1763.17,3,Leeds,2025-26
Leeds,Gabriel Gudmundsson,True,name,Leeds,DEF,34.0,34.0,0.0,0.0,0.0,2.0,0.0,1318.5,1,Leeds,2025-26
Leeds,Ethan Ampadu,True,name,Leeds,MID,67.69,67.69,0.5,2.0,2.5,2.34,0.14,1592.13,8,Leeds,2025-26
Leeds,Joe Rodon,True,name,Leeds,DEF,55.02,55.02,1.0,0.0,1.0,0.98,0.06,1490.16,6,Leeds,2025-26
Leeds,Jaka Bijol,True,name,Leeds,DEF,49.5,49.5,0.5,1.5,2.0,0.82,0.19,944.0,1,Leeds,2025-26
Leeds,Sebastiaan Bornauw,True,name,Leeds,DEF,12.5,12.5,0.0,0.0,0.0,0.11,0.0,214.5,1,Leeds,2025-26
Leeds,James Justin,True,name,Leeds,DEF,70.07,70.07,1.53,1.16,2.7,2.11,0.13,1824.11,6,Leeds,2025-26
Leeds,Sam Byram,True,name,Leeds,DEF,1.91,1.91,0.0,0.0,0.0,0.0,0.0,47.76,6,Leeds,2025-26
Leeds,Max Wöber,True,name,Leeds,DEF,1.56,1.56,0.0,0.0,0.0,0.07,0.0,79.0,1,Leeds,2022-23
Leeds,Harry Wilson,True,name,Fulham,MID,120.21,120.21,7.18,6.2,13.38,7.62,0.63,1904.98,7,Fulham,2025-26
Leeds,Daniel James,True,name,Leeds,MID,18.57,18.57,0.32,0.28,0.6,0.98,0.12,433.4,6,Leeds,2025-26
Leeds,Sean Longstaff,True,name,Leeds,MID,58.65,58.65,1.86,2.0,3.86,3.32,0.27,1278.02,8,Leeds,2025-26
Leeds,Brenden Aaronson,True,name,Leeds,MID,68.19,68.19,2.06,4.25,6.31,4.47,0.41,1372.31,2,Leeds,2025-26
Leeds,Anton Stach,True,name,Leeds,MID,68.5,68.5,2.5,3.0,5.5,3.68,0.42,1184.5,1,Leeds,2025-26
Leeds,Ao Tanaka,True,name,Leeds,MID,33.5,33.5,1.0,0.5,1.5,1.42,0.21,653.5,1,Leeds,2025-26
Leeds,Sam Chambers,True,name,Leeds,MID,0.0,0.0,0.0,0.0,0.0,0.0,0.0,0.0,1,Leeds,2025-26
Leeds,Ilia Gruev,True,name,Leeds,MID,28.0,28.0,0.0,2.0,2.0,0.68,0.27,659.0,1,Leeds,2025-26
Leeds,Mateo Joseph,True,name,Leeds,FWD,0.0,0.0,0.0,0.0,0.0,0.0,0.0,0.0,1,Leeds,2025-26
Leeds,Dominic Calvert-Lewin,True,name,Leeds,FWD,107.99,107.99,9.29,2.14,11.43,12.32,0.46,2220.9,10,Leeds,2025-26
Leeds,Joël Piroe,True,name,Leeds,FWD,8.5,8.5,0.0,0.0,0.0,0.52,0.0,122.0,1,Leeds,2025-26
Leeds,Lukas Nmecha,True,name,Leeds,FWD,36.5,36.5,3.0,0.5,3.5,4.42,0.59,532.53,2,Leeds,2025-26
Leeds,Largie Ramazani,True,name,Leeds,MID,0.0,0.0,0.0,0.0,0.0,0.0,0.0,0.0,1,Leeds,2025-26
Leeds,Noah Okafor,True,name,Leeds,MID,54.5,54.5,4.0,1.5,5.5,3.28,0.64,776.5,1,Leeds,2025-26
Leeds,Jack Harrison,True,name,Leeds,MID,52.28,52.28,1.31,1.81,3.12,3.41,0.23,1220.59,6,Leeds,2025-26
Leeds,Wilfried Gnonto,True,name,Leeds,MID,19.44,19.44,0.13,1.75,1.88,0.83,0.49,344.62,2,Leeds,2025-26
Hull,Joe Gelhardt,True,name,Leeds,MID,2.59,2.59,0.06,0.25,0.31,0.08,0.79,35.47,4,Leeds,2025-26
Liverpool,Alisson Becker,True,name,Liverpool,GKP,45.5,45.5,0.0,0.0,0.0,0.02,0.0,1170.0,1,Liverpool,2025-26
Liverpool,Giorgi Mamardashvili,True,name,Liverpool,GKP,17.0,17.0,0.0,0.0,0.0,0.0,0.0,433.5,1,Liverpool,2025-26
Liverpool,Freddie Woodman,True,name,Liverpool,GKP,3.28,3.28,0.0,0.0,0.0,0.0,0.0,117.25,3,Liverpool,2025-26
Liverpool,Ármin Pécsi,True,name,Liverpool,GKP,0.0,0.0,0.0,0.0,0.0,0.0,0.0,0.0,1,Liverpool,2025-26
Liverpool,Vítezslav Jaros,True,name,Liverpool,GKP,0.25,0.25,0.0,0.0,0.0,0.0,0.0,2.75,1,Liverpool,2024-25
Liverpool,Harvey Davies,True,name,Liverpool,GKP,0.0,0.0,0.0,0.0,0.0,0.0,0.0,0.0,2,Liverpool,2024-25
Liverpool,Jérémy Jacquet,False,none,,,,,,,,,,,,,
Liverpool,Joe Gomez,True,name,Liverpool,DEF,29.5,29.5,0.0,1.25,1.25,0.83,0.17,647.75,3,Liverpool,2025-26
Liverpool,Virgil van Dijk,True,name,Liverpool,DEF,154.19,154.19,4.35,1.19,5.54,4.12,0.15,3264.37,10,Liverpool,2025-26
Liverpool,Milos Kerkez,True,name,Liverpool,DEF,83.38,83.38,1.5,2.25,3.75,2.18,0.15,2205.25,3,Liverpool,2025-26
Liverpool,Conor Bradley,True,name,Liverpool,DEF,37.5,37.5,0.12,1.88,2.0,1.31,0.24,744.0,4,Liverpool,2025-26
Liverpool,Giovanni Leoni,True,name,Liverpool,DEF,0.0,0.0,0.0,0.0,0.0,0.0,0.0,0.0,1,Liverpool,2025-26
Liverpool,Kostas Tsimikas,True,name,Liverpool,DEF,21.09,21.09,0.0,0.94,0.94,0.97,0.23,366.66,6,Liverpool,2025-26
Liverpool,Jeremie Frimpong,True,name,Liverpool,DEF,31.5,31.5,0.0,2.5,2.5,1.02,0.44,516.0,1,Liverpool,2025-26
Liverpool,Calvin Ramsay,True,name,Liverpool,DEF,0.0,0.0,0.0,0.0,0.0,0.0,0.0,0.0,2,Liverpool,2025-26
Liverpool,Wataru Endo,True,name,Liverpool,MID,5.88,5.88,0.12,0.0,0.12,0.26,0.05,214.25,1,Liverpool,2023-24
Liverpool,Florian Wirtz,True,name,Liverpool,MID,62.5,62.5,2.5,2.0,4.5,5.98,0.34,1187.0,1,Liverpool,2025-26
Liverpool,Dominik Szoboszlai,True,name,Liverpool,MID,128.12,128.12,4.88,6.5,11.38,10.14,0.41,2500.0,3,Liverpool,2025-26
Liverpool,Alexis Mac Allister,True,name,Liverpool,MID,110.62,110.62,3.67,4.83,8.5,6.98,0.3,2567.41,7,Liverpool,2025-26
Liverpool,Curtis Jones,True,name,Liverpool,MID,72.63,72.63,1.62,3.0,4.62,4.57,0.25,1641.55,9,Liverpool,2025-26
Liverpool,Harvey Elliott,True,name,Aston Villa,MID,27.02,27.02,0.69,1.75,2.44,2.12,0.52,421.88,8,Aston Villa,2025-26
Liverpool,Ryan Gravenberch,True,name,Liverpool,MID,100.62,100.62,2.62,3.5,6.12,3.66,0.23,2424.25,3,Liverpool,2025-26
Liverpool,Trey Nyoni,True,name,Liverpool,MID,3.0,3.0,0.0,0.0,0.0,0.2,0.0,10.5,1,Liverpool,2025-26
Liverpool,Stefan Bajcetic,True,name,Liverpool,MID,0.0,0.0,0.0,0.0,0.0,0.0,0.0,0.0,2,Liverpool,2025-26
Liverpool,James McConnell,True,name,Liverpool,MID,0.38,0.38,0.0,0.0,0.0,0.0,0.0,0.38,3,Liverpool,2025-26
Liverpool,Víctor Muñoz,True,name,Crystal Palace,DEF,68.0,68.0,2.0,2.0,4.0,3.2,0.3,1200.0,1,Crystal Palace,2025-26
Liverpool,Alexander Isak,True,name,Liverpool,FWD,101.0,101.0,10.5,2.62,13.12,10.77,0.84,1413.12,4,Liverpool,2025-26
Liverpool,Federico Chiesa,True,name,Liverpool,MID,20.25,20.25,1.0,0.5,1.5,1.15,0.73,184.25,2,Liverpool,2025-26
Liverpool,Cody Gakpo,True,name,Liverpool,MID,116.12,116.12,7.44,4.56,12.0,11.22,0.5,2143.31,4,Liverpool,2025-26
Liverpool,Hugo Ekitiké,True,name,Liverpool,FWD,62.5,62.5,5.5,2.0,7.5,6.28,0.75,898.5,1,Liverpool,2025-26
Liverpool,Rio Ngumoha,True,name,Liverpool,MID,21.5,21.5,1.0,0.5,1.5,1.67,0.49,273.5,1,Liverpool,2025-26
Leeds,James Trafford,True,name,Man City,GKP,15.25,15.25,0.0,0.0,0.0,0.0,0.0,495.0,3,Man City,2025-26
Man City,Marcus Bettinelli,True,name,Man City,GKP,-0.07,-0.07,0.0,0.0,0.0,0.0,0.0,2.46,7,Man City,2025-26
Man City,Gianluigi Donnarumma,True,name,Man City,GKP,67.5,67.5,0.0,0.0,0.0,0.06,0.0,1530.0,1,Man City,2025-26
Man City,Rúben Dias,True,name,Man City,DEF,56.5,56.5,1.0,0.0,1.0,0.61,0.08,1069.5,1,Man City,2025-26
Man City,John Stones,True,name,Man City,DEF,32.66,32.66,0.84,0.13,0.97,0.55,0.13,687.11,10,Man City,2025-26
Man City,Marc Guéhi,True,name,Man City,DEF,136.53,136.53,2.38,3.16,5.53,4.52,0.17,2901.06,5,Man City,2025-26
Man City,Rayan Aït-Nouri,True,name,Man City,DEF,73.44,73.44,1.31,3.12,4.44,3.68,0.25,1621.06,4,Man City,2025-26
Man City,Vitor Reis,True,name,Man City,DEF,0.25,0.25,0.0,0.0,0.0,0.0,0.0,0.25,2,Man City,2025-26
Man City,Josko Gvardiol,True,name,Man City,DEF,93.12,93.12,2.75,1.25,4.0,4.01,0.2,1795.38,3,Man City,2025-26
Man City,Abdukodir Khusanov,True,name,Man City,DEF,37.0,37.0,0.0,0.0,0.0,0.96,0.0,839.25,2,Man City,2025-26
Man City,Max Alleyne,True,name,Man City,DEF,2.5,2.5,0.0,0.0,0.0,0.16,0.0,67.5,2,Man City,2025-26
Man City,Issa Kaboré,True,name,Man City,DEF,4.25,4.25,0.0,0.38,0.38,0.26,0.16,215.88,2,Man City,2024-25
Man City,Rico Lewis,True,name,Man City,DEF,34.31,34.31,0.5,1.0,1.5,1.72,0.16,829.25,4,Man City,2025-26
Man City,Stephen Mfuni,True,name,Man City,DEF,0.0,0.0,0.0,0.0,0.0,0.0,0.0,0.0,1,Man City,2025-26
Man City,Finley Burns,True,name,Ipswich,MID,7.5,7.5,0.0,0.25,0.25,0.42,0.1,230.5,1,Ipswich,2024-25
Man City,Josh Wilson-Esbrand,True,name,Man City,DEF,0.0,0.0,0.0,0.0,0.0,0.0,0.0,0.0,2,Man City,2024-25
Man City,Elliot Anderson,True,name,Nott'm Forest,MID,123.89,123.89,2.5,4.31,6.81,5.77,0.25,2499.48,6,Nott'm Forest,2025-26
Everton,Jack Grealish,True,name,Everton,MID,68.77,68.77,2.19,4.34,6.52,4.72,0.43,1362.99,7,Everton,2025-26
Man City,Tijjani Reijnders,True,name,Man City,MID,46.0,46.0,2.5,1.5,4.0,3.48,0.44,811.5,1,Man City,2025-26
Man City,Mateo Kovacic,True,name,Man City,MID,39.12,39.12,1.62,1.25,2.88,1.92,0.32,803.38,3,Man City,2025-26
Man City,Rayan Cherki,True,name,Man City,MID,67.5,67.5,2.0,6.5,8.5,6.57,0.86,886.0,1,Man City,2025-26
Man City,Nico González,True,name,Man City,MID,31.5,31.5,0.5,0.0,0.5,0.9,0.06,780.5,1,Man City,2025-26
Man City,Rodri,True,mononym,Man City,MID,34.5,34.5,0.5,0.5,1.0,1.8,0.12,755.0,1,Man City,2025-26
Man City,Matheus Nunes,True,name,Man City,DEF,77.0,77.0,0.5,4.0,4.5,1.28,0.28,1430.5,1,Man City,2025-26
Man City,Claudio Echeverri,True,name,Man City,MID,0.25,0.25,0.0,0.0,0.0,0.0,0.0,1.25,2,Man City,2025-26
Man City,Nico O'Reilly,True,name,Man City,DEF,87.75,87.75,3.0,2.0,5.0,4.88,0.31,1452.75,3,Man City,2025-26
Man City,Kalvin Phillips,True,name,Man City,MID,11.14,11.14,0.02,0.06,0.08,0.29,0.02,462.94,6,Man City,2025-26
Man City,Phil Foden,True,name,Man City,MID,136.42,136.42,8.78,5.02,13.79,10.82,0.6,2053.57,9,Man City,2025-26
Man City,Jeremy Monga,True,name,Leicester,MID,1.75,1.75,0.0,0.0,0.0,0.05,0.0,26.25,1,Leicester,2024-25
Tottenham,Omar Marmoush,True,name,Man City,MID,46.25,46.25,3.25,1.75,5.0,3.56,0.7,639.0,2,Man City,2025-26
Man City,Erling Haaland,True,name,Man City,FWD,208.88,208.88,24.62,6.31,30.94,26.02,1.05,2652.56,4,Man City,2025-26
Man City,Jérémy Doku,True,name,Man City,MID,94.25,94.25,3.62,6.75,10.38,6.7,0.64,1461.12,3,Man City,2025-26
Man City,Savinho,True,name,Man City,MID,21.5,21.5,0.5,1.0,1.5,2.04,0.33,408.5,1,Man City,2025-26
Man City,Antoine Semenyo,True,name,Man City,MID,156.75,156.75,12.31,5.25,17.56,11.48,0.59,2678.5,4,Man City,2025-26
Man United,Karl Darlow,True,name,Leeds,GKP,37.44,37.44,0.0,0.0,0.0,0.02,0.0,1049.41,8,Leeds,2025-26
Man United,Altay Bayindir,True,name,Man Utd,GKP,5.5,5.5,0.0,0.0,0.0,0.02,0.0,270.0,1,Man Utd,2025-26
Man United,Tom Heaton,True,name,Man Utd,GKP,0.85,0.85,0.0,0.0,0.0,0.0,0.0,24.37,10,Man Utd,2025-26
Man United,André Onana,True,name,Man Utd,GKP,46.62,46.62,0.0,0.0,0.0,0.06,0.0,1192.5,3,Man Utd,2025-26
Man United,Senne Lammens,True,name,Man Utd,GKP,54.5,54.5,0.0,0.0,0.0,0.0,0.0,1440.0,1,Man Utd,2025-26
Man United,Diogo Dalot,True,name,Man Utd,DEF,99.5,99.5,0.81,4.5,5.31,4.08,0.19,2538.75,4,Man Utd,2025-26
Man United,Noussair Mazraoui,True,name,Man Utd,DEF,48.5,48.5,0.0,0.25,0.25,0.91,0.02,1197.5,2,Man Utd,2025-26
Man United,Matthijs de Ligt,True,name,Man Utd,DEF,38.5,38.5,1.0,0.0,1.0,1.79,0.08,1114.75,2,Man Utd,2025-26
Man United,Harry Maguire,True,name,Man Utd,DEF,74.27,74.27,1.09,1.55,2.63,1.72,0.14,1688.06,10,Man Utd,2025-26
Man United,Lisandro Martínez,True,name,Man Utd,DEF,49.44,49.44,0.56,0.38,0.94,1.11,0.07,1264.69,4,Man Utd,2025-26
Man United,Patrick Dorgu,True,name,Man Utd,DEF,52.0,52.0,2.0,2.0,4.0,2.54,0.39,930.0,2,Man Utd,2025-26
Man United,Leny Yoro,True,name,Man Utd,DEF,33.5,33.5,0.0,0.5,0.5,1.18,0.04,1155.0,2,Man Utd,2025-26
Man United,Luke Shaw,True,name,Man Utd,DEF,73.77,73.77,0.58,1.07,1.65,1.92,0.07,2093.3,10,Man Utd,2025-26
Man United,Ayden Heaven,True,name,Man Utd,DEF,23.5,23.5,0.0,0.5,0.5,0.29,0.09,502.25,2,Man Utd,2025-26
Man United,Tyler Fredricson,True,name,Man Utd,DEF,1.0,1.0,0.0,0.0,0.0,0.0,0.0,42.5,2,Man Utd,2025-26
Man United,Diego León,True,name,Man Utd,DEF,0.0,0.0,0.0,0.0,0.0,0.0,0.0,0.0,1,Man Utd,2025-26
Man United,Harry Amass,True,name,Man Utd,DEF,1.0,1.0,0.0,0.0,0.0,0.04,0.0,86.25,3,Man Utd,2025-26
Man United,Youri Tielemans,True,name,Aston Villa,MID,86.24,86.24,1.5,4.94,6.45,5.23,0.26,2193.58,8,Aston Villa,2025-26
Man United,Andrey Santos,True,name,Man Utd,MID,0.0,0.0,0.0,0.0,0.0,0.0,0.0,0.0,1,Man Utd,2025-26
Man United,Mason Mount,True,name,Man Utd,MID,51.9,51.9,2.55,0.75,3.3,2.97,0.31,965.8,7,Man Utd,2025-26
Man United,Bruno Fernandes,True,name,Man Utd,MID,192.75,192.75,8.25,16.69,24.94,19.74,0.78,2883.81,4,Man Utd,2025-26
Man United,Casemiro,True,name,Man Utd,MID,107.19,107.19,5.12,2.56,7.69,6.31,0.34,2040.0,4,Man Utd,2025-26
Man United,Manuel Ugarte,True,name,Man Utd,MID,19.0,19.0,0.0,0.0,0.0,0.44,0.0,438.0,1,Man Utd,2025-26
Man United,Kobbie Mainoo,True,name,Man Utd,MID,56.69,56.69,0.88,1.12,2.0,1.81,0.12,1479.5,4,Man Utd,2025-26
Man United,Jack Fletcher,True,name,Man Utd,MID,1.5,1.5,0.0,0.0,0.0,0.02,0.0,53.5,2,Man Utd,2025-26
Man United,Tyler Fletcher,True,name,Man Utd,MID,1.0,1.0,0.0,0.0,0.0,0.0,0.0,8.5,1,Man Utd,2025-26
Man United,Toby Collyer,True,name,Man Utd,MID,1.5,1.5,0.0,0.0,0.0,0.11,0.0,43.5,3,Man Utd,2025-26
Man United,Marcus Rashford,True,name,Man Utd,MID,56.91,56.91,3.92,2.15,6.07,4.4,0.58,935.28,10,Man Utd,2025-26
Man United,Enzo Kana Biyik,False,none,,,,,,,,,,,,,
Man United,Matheus Cunha,True,name,Man Utd,MID,71.5,71.5,5.0,2.0,7.0,5.13,0.51,1246.5,1,Man Utd,2025-26
Man United,Joshua Zirkzee,True,name,Man Utd,FWD,37.0,37.0,1.75,1.0,2.75,2.96,0.38,649.75,2,Man Utd,2025-26
Man United,Amad Diallo,True,name,Man Utd,MID,80.75,80.75,3.12,4.64,7.77,7.4,0.41,1694.7,6,Man Utd,2025-26
Man United,Bryan Mbeumo,True,name,Man Utd,MID,161.97,161.97,12.31,5.41,17.72,16.78,0.6,2676.22,5,Man Utd,2025-26
Man United,Benjamin Sesko,True,name,Man Utd,FWD,55.5,55.5,5.5,1.0,6.5,4.74,0.72,815.0,1,Man Utd,2025-26
Man United,Chido Obi,True,name,Man Utd,FWD,0.0,0.0,0.0,0.0,0.0,0.0,0.0,0.0,1,Man Utd,2025-26
Man United,Ethan Wheatley,True,name,Man Utd,FWD,0.38,0.38,0.0,0.0,0.0,0.0,0.0,1.62,3,Man Utd,2025-26
Newcastle,Ewen Jaouen,False,none,,,,,,,,,,,,,
Newcastle,Nick Pope,True,name,Newcastle,GKP,98.38,98.38,0.0,0.5,0.5,0.08,0.02,2388.99,10,Newcastle,2025-26
Newcastle,Odysseas Vlachodimos,True,name,Newcastle,GKP,1.5,1.5,0.0,0.0,0.0,0.0,0.0,56.25,3,Newcastle,2025-26
Newcastle,Mark Gillespie,True,name,Newcastle,GKP,0.0,0.0,0.0,0.0,0.0,0.0,0.0,0.0,5,Newcastle,2025-26
Newcastle,Max Thompson,True,name,Burnley,FWD,0.01,0.01,0.0,0.0,0.0,0.0,0.0,0.02,2,Burnley,2020-21
Newcastle,Aidan Harris,True,name,Bournemouth,DEF,0.0,0.0,0.0,0.0,0.0,0.0,0.0,0.0,1,Bournemouth,2024-25
Newcastle,Lewis Hall,True,name,Newcastle,DEF,70.94,70.94,0.62,2.75,3.38,3.21,0.17,1772.44,5,Newcastle,2025-26
Newcastle,Sven Botman,True,name,Newcastle,DEF,63.44,63.44,0.75,0.88,1.62,1.88,0.11,1387.31,4,Newcastle,2025-26
Newcastle,Fabian Schär,True,name,Newcastle,DEF,83.07,83.07,1.67,1.14,2.81,2.92,0.13,1968.46,8,Newcastle,2025-26
Newcastle,Malick Thiaw,True,name,Newcastle,DEF,63.0,63.0,2.0,0.0,2.0,2.88,0.12,1481.5,1,Newcastle,2025-26
Newcastle,Tino Livramento,True,name,Newcastle,DEF,64.0,64.0,0.16,0.81,0.97,1.42,0.05,1604.88,5,Newcastle,2025-26
Newcastle,Dan Burn,True,name,Newcastle,DEF,99.98,99.98,1.11,2.03,3.14,2.26,0.11,2596.48,8,Newcastle,2025-26
Newcastle,Alex Murphy,True,name,Newcastle,DEF,1.25,1.25,0.0,0.0,0.0,0.0,0.0,4.88,3,Newcastle,2025-26
Newcastle,Leo Shahar,True,name,Newcastle,DEF,0.0,0.0,0.0,0.0,0.0,0.0,0.0,0.0,1,Newcastle,2025-26
Newcastle,Joelinton,True,name,Newcastle,MID,78.42,78.42,2.83,2.05,4.88,4.38,0.22,2030.91,7,Newcastle,2025-26
Newcastle,Harvey Barnes,True,name,Newcastle,MID,109.59,109.59,7.57,2.79,10.36,8.92,0.52,1795.79,9,Newcastle,2025-26
Newcastle,Sean Steur,False,none,,,,,,,,,,,,,
Newcastle,Jacob Murphy,True,name,Newcastle,MID,99.05,99.05,4.19,5.55,9.74,6.97,0.52,1691.05,9,Newcastle,2025-26
Newcastle,Joe Willock,True,name,Newcastle,MID,40.44,40.44,0.31,1.94,2.25,2.72,0.21,963.88,4,Newcastle,2025-26
Newcastle,Bruno Guimarães,True,token,Newcastle,MID,138.66,138.66,7.03,6.47,13.5,9.49,0.46,2656.91,5,Newcastle,2025-26
Newcastle,Jacob Ramsey,True,name,Newcastle,MID,63.41,63.41,1.94,3.16,5.09,3.2,0.31,1481.7,6,Newcastle,2025-26
Newcastle,Lewis Miley,True,name,Newcastle,MID,46.81,46.81,0.88,2.38,3.25,2.24,0.3,973.75,4,Newcastle,2025-26
Newcastle,Bazoumana Touré,True,name,Fulham,DEF,0.62,0.62,0.0,0.0,0.0,0.0,0.0,8.12,1,Fulham,2023-24
Newcastle,Antoñito Cordero,True,token,Newcastle,MID,0.0,0.0,0.0,0.0,0.0,0.0,0.0,0.0,1,Newcastle,2025-26
Newcastle,Yoane Wissa,True,name,Newcastle,FWD,85.94,85.94,7.16,2.81,9.97,9.0,0.62,1438.56,5,Newcastle,2025-26
Newcastle,William Osula,True,name,Newcastle,FWD,45.88,45.88,3.75,0.62,4.38,2.73,0.74,530.75,4,Newcastle,2025-26
Newcastle,Anthony Elanga,True,name,Newcastle,MID,80.58,80.58,2.2,4.53,6.73,5.56,0.37,1644.23,6,Newcastle,2025-26
Newcastle,Nick Woltemade,True,name,Newcastle,FWD,54.0,54.0,4.0,2.0,6.0,4.06,0.57,948.0,1,Newcastle,2025-26
Newcastle,Trevan Sanusi,False,none,,,,,,,,,,,,,
Newcastle,Sean Neave,True,name,Newcastle,FWD,0.5,0.5,0.0,0.0,0.0,0.02,0.0,6.5,2,Newcastle,2025-26
Newcastle,Park Seung-Soo,True,name,Newcastle,MID,0.0,0.0,0.0,0.0,0.0,0.0,0.0,0.0,1,Newcastle,2025-26
Nott'm Forest,John Victor,False,none,,,,,,,,,,,,,
Nott'm Forest,Matz Sels,True,name,Nott'm Forest,GKP,94.25,94.25,0.0,0.25,0.25,0.11,0.01,2368.5,3,Nott'm Forest,2025-26
Nott'm Forest,Tyler Bindon,False,none,,,,,,,,,,,,,
Nott'm Forest,Neco Williams,True,name,Nott'm Forest,DEF,99.91,99.91,1.31,2.47,3.78,4.39,0.13,2575.11,7,Nott'm Forest,2025-26
Nott'm Forest,Morato,True,name,Nott'm Forest,DEF,35.5,35.5,0.5,0.0,0.5,0.79,0.05,892.75,2,Nott'm Forest,2025-26
Nott'm Forest,Murillo,True,name,Nott'm Forest,DEF,41.5,41.5,0.5,0.0,0.5,0.6,0.04,1065.0,1,Nott'm Forest,2025-26
Nott'm Forest,Jair Cunha,True,name,Nott'm Forest,DEF,6.5,6.5,0.0,0.0,0.0,0.16,0.0,257.0,1,Nott'm Forest,2025-26
Nott'm Forest,Luca Netz,True,name,Nott'm Forest,DEF,5.5,5.5,0.0,0.0,0.0,0.2,0.0,176.5,1,Nott'm Forest,2025-26
Nott'm Forest,Omar Richards,True,name,Nott'm Forest,DEF,0.0,0.0,0.0,0.0,0.0,0.0,0.0,0.0,4,Nott'm Forest,2025-26
Nott'm Forest,Nikola Milenkovic,True,name,Nott'm Forest,DEF,95.75,95.75,1.25,1.0,2.25,1.95,0.08,2520.0,2,Nott'm Forest,2025-26
Nott'm Forest,Ola Aina,True,name,Nott'm Forest,DEF,67.1,67.1,0.53,1.27,1.8,1.34,0.1,1584.15,4,Nott'm Forest,2025-26
Nott'm Forest,Nicolò Savona,True,name,Nott'm Forest,DEF,19.5,19.5,1.0,0.0,1.0,0.9,0.18,512.5,1,Nott'm Forest,2025-26
Nott'm Forest,Zach Abbott,True,name,Nott'm Forest,DEF,1.5,1.5,0.0,0.0,0.0,0.0,0.0,82.5,2,Nott'm Forest,2025-26
Nott'm Forest,Ben Hammond,True,name,Nott'm Forest,MID,0.0,0.0,0.0,0.0,0.0,0.0,0.0,0.0,1,Nott'm Forest,2022-23
Nott'm Forest,Ibrahim Sangaré,True,name,Nott'm Forest,MID,52.62,52.62,1.0,1.25,2.25,1.67,0.15,1311.38,3,Nott'm Forest,2025-26
Nott'm Forest,Morgan Gibbs-White,True,name,Nott'm Forest,MID,159.92,159.92,10.2,7.01,17.21,12.09,0.54,2853.51,8,Nott'm Forest,2025-26
Nott'm Forest,Nicolás Domínguez,True,name,Nott'm Forest,MID,45.88,45.88,0.75,1.0,1.75,2.22,0.13,1258.62,3,Nott'm Forest,2025-26
Nott'm Forest,Ryan Yates,True,name,Nott'm Forest,MID,42.44,42.44,0.62,1.81,2.44,1.72,0.19,1138.19,4,Nott'm Forest,2025-26
Nott'm Forest,James McAtee,True,name,Nott'm Forest,MID,25.94,25.94,1.12,1.0,2.12,1.82,0.42,456.44,5,Nott'm Forest,2025-26
Nott'm Forest,Callum Hudson-Odoi,True,name,Nott'm Forest,MID,86.32,86.32,3.82,3.21,7.04,4.74,0.36,1751.79,9,Nott'm Forest,2025-26
Coventry,Taiwo Awoniyi,True,name,Nott'm Forest,FWD,44.12,44.12,3.62,1.44,5.06,3.96,0.82,556.19,4,Nott'm Forest,2025-26
Nott'm Forest,Chris Wood,True,name,Nott'm Forest,FWD,96.96,96.96,8.95,0.94,9.89,7.83,0.55,1622.35,9,Nott'm Forest,2025-26
Nott'm Forest,Dan Ndoye,True,name,Nott'm Forest,MID,25.0,25.0,0.5,1.0,1.5,1.28,0.23,583.5,1,Nott'm Forest,2025-26
Nott'm Forest,Arnaud Kalimuendo,True,name,Nott'm Forest,FWD,4.5,4.5,0.0,0.0,0.0,0.23,0.0,44.5,1,Nott'm Forest,2025-26
Nott'm Forest,Eric da Silva Moreira,True,name,Nott'm Forest,MID,0.5,0.5,0.0,0.0,0.0,0.0,0.0,7.0,2,Nott'm Forest,2025-26
Nott'm Forest,Igor Jesus,True,name,Nott'm Forest,FWD,57.0,57.0,3.0,3.0,6.0,3.87,0.47,1146.5,1,Nott'm Forest,2025-26
Nott'm Forest,Omari Hutchinson,True,name,Nott'm Forest,MID,41.06,41.06,0.5,3.5,4.0,2.94,0.43,839.38,3,Nott'm Forest,2025-26
Nott'm Forest,Dilane Bakwa,True,name,Nott'm Forest,MID,13.0,13.0,0.0,1.0,1.0,0.78,0.33,274.5,1,Nott'm Forest,2025-26
Sunderland,Anthony Patterson,True,name,Sunderland,GKP,0.0,0.0,0.0,0.0,0.0,0.0,0.0,0.0,1,Sunderland,2025-26
Sunderland,Simon Moore,True,name,Sunderland,GKP,0.02,0.02,0.0,0.0,0.0,0.0,0.0,1.41,3,Sunderland,2025-26
Sunderland,Robin Roefs,True,name,Sunderland,GKP,68.0,68.0,0.0,0.0,0.0,0.05,0.0,1575.0,1,Sunderland,2025-26
Sunderland,Melker Ellborg,True,name,Sunderland,GKP,8.0,8.0,0.0,0.0,0.0,0.01,0.0,135.0,1,Sunderland,2025-26
Sunderland,Dan Ballard,True,name,Sunderland,DEF,58.0,58.0,1.0,1.0,2.0,1.54,0.17,1072.0,1,Sunderland,2025-26
Sunderland,Thomas Meunier,False,none,,,,,,,,,,,,,
Sunderland,Omar Alderete,True,name,Sunderland,DEF,62.5,62.5,0.5,0.5,1.0,1.27,0.06,1398.5,1,Sunderland,2025-26
Sunderland,Reinildo Mandava,True,name,Sunderland,DEF,37.0,37.0,0.0,1.0,1.0,0.38,0.09,983.0,1,Sunderland,2025-26
Sunderland,Nordi Mukiele,True,name,Sunderland,DEF,75.5,75.5,1.5,2.5,4.0,2.13,0.26,1392.0,1,Sunderland,2025-26
Sunderland,Jenson Seelt,True,name,Sunderland,DEF,1.0,1.0,0.0,0.0,0.0,0.0,0.0,66.5,1,Sunderland,2025-26
Sunderland,Arthur Masuaku,True,name,Sunderland,DEF,2.62,2.62,0.03,0.08,0.12,0.08,0.09,117.1,8,Sunderland,2025-26
Sunderland,Trai Hume,True,name,Sunderland,DEF,55.0,55.0,1.0,0.5,1.5,2.16,0.09,1516.0,1,Sunderland,2025-26
Sunderland,Leo Hjelde,True,name,Sunderland,DEF,0.06,0.06,0.0,0.0,0.0,0.0,0.0,4.62,3,Sunderland,2025-26
Sunderland,Aji Alese,True,name,Sunderland,DEF,0.0,0.0,0.0,0.0,0.0,0.0,0.0,0.0,1,Sunderland,2025-26
Sunderland,Alan Browne,True,name,Sunderland,MID,0.0,0.0,0.0,0.0,0.0,0.0,0.0,0.0,1,Sunderland,2025-26
Sunderland,Chris Rigg,True,name,Sunderland,MID,18.0,18.0,0.5,0.5,1.0,0.9,0.24,379.0,1,Sunderland,2025-26
Sunderland,Luke O'Nien,True,name,Sunderland,DEF,13.0,13.0,0.0,0.5,0.5,0.14,0.16,282.5,1,Sunderland,2025-26
Sunderland,Habib Diarra,True,name,Sunderland,MID,32.5,32.5,1.0,3.0,4.0,2.06,0.51,701.5,1,Sunderland,2025-26
Sunderland,Noah Sadiki,True,name,Sunderland,MID,40.0,40.0,0.0,1.0,1.0,1.44,0.06,1445.5,1,Sunderland,2025-26
Sunderland,Enzo Le Fée,True,name,Sunderland,MID,73.5,73.5,2.5,3.0,5.5,5.58,0.34,1465.0,1,Sunderland,2025-26
Sunderland,Granit Xhaka,True,name,Sunderland,MID,75.75,75.75,1.01,3.64,4.65,2.9,0.23,1788.33,9,Sunderland,2025-26
Sunderland,Abdoullah Ba,True,name,Sunderland,MID,0.0,0.0,0.0,0.0,0.0,0.0,0.0,0.0,1,Sunderland,2025-26
Sunderland,Luís Semedo,True,name,Sunderland,FWD,0.0,0.0,0.0,0.0,0.0,0.0,0.0,0.0,1,Sunderland,2025-26
Sunderland,Chemsdine Talbi,True,name,Sunderland,MID,41.5,41.5,2.0,1.0,3.0,1.65,0.35,776.5,1,Sunderland,2025-26
Sunderland,Brian Brobbey,True,name,Sunderland,FWD,46.0,46.0,3.5,1.0,4.5,3.34,0.42,960.0,1,Sunderland,2025-26
Sunderland,Nilson Angulo,True,name,Sunderland,MID,6.5,6.5,0.0,0.0,0.0,0.44,0.0,200.5,1,Sunderland,2025-26
Sunderland,Romaine Mundle,True,name,Sunderland,MID,7.0,7.0,0.0,0.0,0.0,0.68,0.0,199.5,2,Sunderland,2025-26
Sunderland,Wilson Isidor,True,name,Sunderland,FWD,37.0,37.0,3.0,0.5,3.5,2.54,0.55,574.0,1,Sunderland,2025-26
Sunderland,Simon Adingra,True,name,Sunderland,MID,44.12,44.12,1.75,1.38,3.12,2.72,0.32,872.25,3,Sunderland,2025-26
Sunderland,Ahmed Abdullahi,True,name,Sunderland,FWD,0.0,0.0,0.0,0.0,0.0,0.0,0.0,0.0,1,Sunderland,2025-26
Sunderland,Djiamgone Jocelin Ta Bi,True,name,Sunderland,MID,0.5,0.5,0.0,0.0,0.0,0.02,0.0,19.0,1,Sunderland,2025-26
Sunderland,Trey Ogunsuyi,False,none,,,,,,,,,,,,,
Tottenham,Martin Dúbravka,True,name,Burnley,GKP,59.0,59.0,0.0,0.0,0.0,0.02,0.0,1800.0,2,Burnley,2025-26
Tottenham,Guglielmo Vicario,True,name,Spurs,GKP,75.5,75.5,0.0,0.0,0.0,0.02,0.0,2362.5,3,Spurs,2025-26
Tottenham,Antonín Kinsky,True,name,Spurs,GKP,10.0,10.0,0.0,0.0,0.0,0.0,0.0,315.0,1,Spurs,2025-26
Tottenham,Brandon Austin,True,name,Spurs,GKP,0.25,0.25,0.0,0.0,0.0,0.0,0.0,22.5,6,Spurs,2025-26
Tottenham,Andy Robertson,True,name,Liverpool,DEF,78.17,78.17,1.0,1.62,2.62,3.88,0.13,1750.05,10,Liverpool,2025-26
Tottenham,Jan Paul van Hecke,True,name,Brighton,DEF,103.75,103.75,1.75,1.75,3.5,3.45,0.12,2659.19,4,Brighton,2025-26
Tottenham,Marcos Senesi,True,name,Bournemouth,DEF,87.5,87.5,0.0,3.0,3.0,3.12,0.16,1644.0,1,Bournemouth,2025-26
Sunderland,Kevin Danso,True,name,Spurs,DEF,35.57,35.57,0.0,0.01,0.01,0.58,0.0,957.15,3,Spurs,2025-26
Tottenham,Destiny Udogie,True,name,Spurs,DEF,35.12,35.12,0.25,1.12,1.38,1.43,0.09,1447.12,3,Spurs,2025-26
Tottenham,Cristian Romero,True,name,Spurs,DEF,77.22,77.22,2.91,0.88,3.78,2.64,0.18,1842.56,5,Spurs,2025-26
Tottenham,Pedro Porro,True,name,Spurs,DEF,58.5,58.5,0.5,1.5,2.0,2.71,0.13,1396.5,1,Spurs,2025-26
Tottenham,Djed Spence,True,name,Spurs,DEF,52.0,52.0,0.25,0.5,0.75,1.84,0.05,1472.31,4,Spurs,2025-26
Tottenham,Kota Takai,True,name,Spurs,DEF,0.0,0.0,0.0,0.0,0.0,0.0,0.0,0.0,1,Spurs,2025-26
Tottenham,Ben Davies,True,name,Spurs,DEF,27.48,27.48,0.79,0.55,1.33,0.99,0.15,803.43,13,Spurs,2025-26
Tottenham,Ashley Phillips,True,name,Spurs,DEF,0.0,0.0,0.0,0.0,0.0,0.0,0.0,0.0,3,Spurs,2025-26
Tottenham,Micky van de Ven,True,name,Spurs,DEF,76.12,76.12,2.38,1.0,3.38,2.03,0.15,2066.62,3,Spurs,2025-26
Tottenham,Souza,True,name,Spurs,DEF,1.5,1.5,0.0,0.0,0.0,0.02,0.0,71.0,1,Spurs,2025-26
Tottenham,Xavi Simons,True,name,Spurs,MID,40.0,40.0,1.0,2.5,3.5,3.46,0.36,873.5,1,Spurs,2025-26
Tottenham,Conor Gallagher,True,name,Spurs,MID,47.73,47.73,1.59,1.78,3.38,2.17,0.25,1211.5,6,Spurs,2025-26
Tottenham,James Maddison,True,name,Spurs,MID,67.06,67.06,3.95,4.46,8.41,5.47,0.73,1029.76,8,Spurs,2025-26
Tottenham,Archie Gray,True,name,Spurs,MID,41.75,41.75,1.0,1.0,2.0,1.45,0.15,1173.0,4,Spurs,2025-26
Tottenham,Lucas Bergvall,True,name,Spurs,MID,35.5,35.5,0.5,2.0,2.5,1.21,0.29,777.5,2,Spurs,2025-26
Tottenham,Sandro Tonali,True,name,Newcastle,MID,69.0,69.0,1.12,1.5,2.62,4.25,0.12,1977.88,3,Newcastle,2025-26
Tottenham,Mateus Fernandes,True,name,Spurs,MID,0.05,0.05,0.0,0.0,0.0,0.0,0.0,0.48,2,Spurs,2020-21
Tottenham,Mohammed Kudus,True,name,Spurs,MID,81.12,81.12,3.25,5.12,8.38,5.64,0.44,1725.38,3,Spurs,2025-26
Tottenham,Dejan Kulusevski,True,name,Spurs,MID,54.59,54.59,3.03,2.09,5.12,3.9,0.42,1109.59,5,Spurs,2025-26
Tottenham,Pape Matar Sarr,True,name,Spurs,MID,64.88,64.88,2.12,2.94,5.06,3.16,0.32,1440.31,4,Spurs,2025-26
Tottenham,Rodrigo Bentancur,True,name,Spurs,MID,65.31,65.31,1.44,0.88,2.31,1.94,0.13,1610.94,5,Spurs,2025-26
Tottenham,George Abbott,True,name,Spurs,MID,0.06,0.06,0.0,0.0,0.0,0.0,0.0,0.06,1,Spurs,2022-23
Tottenham,Yang Min-Hyeok,True,name,Spurs,MID,0.0,0.0,0.0,0.0,0.0,0.0,0.0,0.0,1,Spurs,2025-26
Tottenham,Richarlison,True,name,Spurs,FWD,94.83,94.83,8.52,3.41,11.93,7.8,0.71,1511.98,9,Spurs,2025-26
Tottenham,Mathys Tel,True,name,Spurs,MID,49.5,49.5,2.5,1.5,4.0,3.58,0.4,894.0,2,Spurs,2025-26
Tottenham,Dominic Solanke,True,name,Spurs,FWD,47.0,47.0,3.75,1.25,5.0,4.66,0.43,1048.25,2,Spurs,2025-26
Tottenham,Manor Solomon,True,name,Spurs,MID,4.5,4.5,0.25,0.25,0.5,0.27,0.76,59.5,4,Spurs,2025-26
Tottenham,Wilson Odobert,True,name,Spurs,MID,41.75,41.75,0.62,1.5,2.12,2.92,0.2,958.62,3,Spurs,2025-26
Tottenham,Alejo Veliz,True,name,Spurs,FWD,1.38,1.38,0.12,0.0,0.12,0.05,2.0,5.62,2,Spurs,2024-25
Tottenham,Will Lankshear,True,name,Spurs,FWD,0.75,0.75,0.0,0.0,0.0,0.0,0.0,2.5,2,Spurs,2025-26
Tottenham,Jamie Donley,True,name,Spurs,FWD,0.25,0.25,0.0,0.0,0.0,0.0,0.0,0.38,1,Spurs,2023-24
Tottenham,Dane Scarlett,True,name,Spurs,FWD,3.05,3.05,0.0,0.25,0.25,0.02,1.64,13.73,6,Spurs,2025-26
Tottenham,Mikey Moore,True,name,Spurs,MID,5.0,5.0,0.0,0.5,0.5,0.19,0.5,90.12,3,Spurs,2025-26
