rank,team,strength_index,proj_points,proj_gd,attack,defense,net_strength,proj_gf,proj_ga,form_last6,provisional
1,Man City,100.0,78.8,43.5,0.59,0.342,0.932,81.2,37.7,6,False
2,Arsenal,98.4,77.5,39.1,0.46,0.498,0.958,71.7,32.6,6,False
3,Liverpool,85.5,67.4,24.2,0.465,0.134,0.599,71.0,46.8,0,False
4,Brighton,75.9,59.8,11.8,0.343,0.059,0.402,62.6,50.9,0,False
5,Chelsea,74.2,58.5,9.7,0.376,-0.017,0.36,64.5,54.8,-6,False
6,Man United,72.1,56.8,7.0,0.299,0.025,0.324,59.8,52.8,7,False
7,Newcastle,72.0,56.7,6.7,0.346,-0.033,0.313,62.5,55.8,0,False
8,Brentford,71.6,56.4,6.3,0.297,0.015,0.312,59.7,53.3,-1,False
9,Aston Villa,68.9,54.3,3.1,0.254,0.005,0.259,57.2,54.0,2,False
10,Bournemouth,64.8,51.1,-2.0,0.214,-0.043,0.172,54.8,56.8,5,False
11,Nott'm Forest,63.5,50.0,-3.0,0.099,0.049,0.148,49.1,52.1,9,False
12,Leeds,61.8,48.7,-5.2,0.109,0.002,0.111,49.4,54.6,3,True
13,Everton,61.7,48.6,-4.4,-0.014,0.128,0.114,44.0,48.4,-5,False
14,Fulham,59.9,47.2,-7.4,0.072,-0.004,0.068,47.6,55.0,-1,False
15,Tottenham,59.6,47.0,-8.7,0.168,-0.108,0.059,52.1,60.8,2,False
16,Crystal Palace,57.7,45.5,-10.2,0.056,-0.038,0.018,46.8,56.9,-9,False
17,Sunderland,54.4,42.9,-13.4,-0.055,-0.005,-0.06,41.9,55.4,-3,True
18,Hull,49.9,39.3,-19.0,-0.112,-0.058,-0.17,39.5,58.5,0,True
19,Ipswich,37.8,29.8,-39.2,-0.077,-0.364,-0.441,40.1,79.3,-12,True
20,Coventry,35.0,27.6,-39.0,-0.336,-0.233,-0.569,31.2,70.2,0,True
