rank,team,played,net,attack,defense,xg_pg,xga_pg,xgd_pg,xgot_pg,big_ch_pg,shots_in_box_pg,touches_box_pg,gf,ga,pts,gf_minus_xg
1,Arsenal,5,0.852,0.332,0.52,1.89,0.68,1.21,2.02,2.8,8.8,30.8,10,2,15,0.57
2,Man City,3,0.754,0.393,0.36,2.19,0.89,1.3,2.39,4.0,12.7,36.0,7,2,9,0.42
3,Man United,3,0.724,0.77,-0.046,2.43,1.36,1.07,2.08,4.0,13.3,37.0,7,6,4,-0.29
4,Brighton,4,0.328,0.479,-0.151,2.07,1.58,0.49,1.91,4.75,11.0,27.2,9,5,7,0.7
5,Brentford,6,0.304,0.313,-0.009,1.8,1.31,0.49,1.53,2.83,11.2,29.0,11,6,9,0.18
6,Bournemouth,5,0.245,0.055,0.19,1.47,1.28,0.19,1.74,3.2,8.2,19.4,7,12,3,-0.34
7,Nott'm Forest,4,0.212,-0.01,0.222,1.54,1.02,0.52,0.99,3.0,9.0,22.2,4,4,5,-2.16
8,Leeds,4,0.16,0.067,0.093,1.27,1.77,-0.5,1.24,2.25,7.2,17.2,4,4,5,-1.1
9,Sunderland,5,0.096,-0.102,0.198,1.36,1.35,0.01,0.93,2.6,7.0,23.0,3,6,4,-3.81
10,Liverpool,4,0.065,0.073,-0.008,1.68,1.33,0.34,1.96,2.0,9.5,23.8,6,4,6,-0.7
11,Coventry,3,-0.035,-0.12,0.086,0.95,1.57,-0.62,1.04,1.67,5.3,14.0,0,5,0,-2.86
12,Chelsea,6,-0.096,0.036,-0.132,1.4,1.71,-0.31,1.51,2.5,9.0,29.5,15,13,10,6.62
13,Fulham,5,-0.112,0.042,-0.154,1.54,1.64,-0.09,0.75,2.0,10.2,31.0,5,7,4,-2.72
14,Everton,4,-0.146,-0.271,0.125,1.27,1.38,-0.1,1.21,1.75,10.2,26.5,5,3,6,-0.08
15,Ipswich,5,-0.286,-0.171,-0.115,1.39,1.67,-0.28,1.76,2.0,6.2,19.8,7,11,6,0.05
16,Hull,4,-0.436,-0.495,0.06,0.92,1.49,-0.57,1.04,2.25,5.0,11.8,5,2,8,1.32
17,Aston Villa,5,-0.492,-0.326,-0.166,0.98,1.72,-0.73,0.61,1.2,6.6,18.0,3,8,4,-1.92
18,Crystal Palace,4,-0.544,-0.094,-0.45,1.3,2.04,-0.73,1.02,3.5,7.5,17.0,6,11,3,0.79
19,Tottenham,4,-0.734,-0.502,-0.232,0.86,1.66,-0.8,0.44,1.75,7.5,29.8,0,5,2,-3.44
20,Newcastle,3,-0.859,-0.468,-0.391,1.0,1.82,-0.82,1.31,1.67,6.0,19.0,6,4,5,2.99
