team,played_2026_27,last_match,l6_n,l6_shots,l6_shots_on_target,l6_corners,l6_fouls,l6_free_kicks_won,l6_yellows,l6_reds,l6_xg,l6_xa,l6_xgc,l6_offsides,l6_blocked_shots,l6_possession_pct,l6_passes,l6_pass_pct,l6_crosses,l6_long_balls,l6_tackles,l6_interceptions,l6_clearances,l6_saves,l6_pens_taken,l6_gf,l6_ga,l6_pts,l20_n,l20_shots,l20_shots_on_target,l20_corners,l20_fouls,l20_free_kicks_won,l20_yellows,l20_reds,l20_xg,l20_xa,l20_xgc,l20_offsides,l20_blocked_shots,l20_possession_pct,l20_passes,l20_pass_pct,l20_crosses,l20_long_balls,l20_tackles,l20_interceptions,l20_clearances,l20_saves,l20_pens_taken,l20_gf,l20_ga,l20_pts
Arsenal,6,2026-10-10,6,,,,,,,,1.702,1.224,0.812,,,,,,,,,,,,,1.667,0.833,2.5,20,13.929,4.643,4.857,10.714,11.929,1.286,0.0,1.702,1.224,0.812,,,,,,,,,,,,,1.75,0.75,2.35
Man City,5,2026-09-20,6,16.0,3.0,9.0,8.0,4.0,1.0,0.0,2.15,1.758,1.466,,,,,,,,,,,,,2.333,1.167,2.5,20,18.067,5.867,7.667,9.333,11.267,1.867,0.0,2.15,1.758,1.466,,,,,,,,,,,,,2.15,0.95,2.35
Brighton,6,2026-10-10,6,,,,,,,,2.31,1.032,1.794,,,,,,,,,,,,,3.0,0.833,2.167,20,12.643,5.071,4.643,12.071,9.643,1.929,0.0,2.31,1.032,1.794,,,,,,,,,,,,,1.8,0.95,1.75
Chelsea,6,2026-10-10,6,,,,,,,,1.484,0.874,1.838,,,,,,,,,,,,,2.5,2.167,1.667,20,13.5,3.5,6.429,11.214,12.286,2.429,0.143,1.484,0.874,1.838,,,,,,,,,,,,,1.55,1.9,1.1
Liverpool,5,2026-09-20,6,24.0,8.0,14.0,9.0,9.0,2.0,0.0,1.676,0.936,1.226,,,,,,,,,,,,,1.333,0.833,1.667,20,15.533,5.067,6.933,11.0,10.733,1.267,0.067,1.676,0.936,1.226,,,,,,,,,,,,,1.75,1.25,1.65
Brentford,6,2026-10-10,6,,,,,,,,2.042,1.176,1.274,,,,,,,,,,,,,2.0,1.0,1.667,20,11.286,3.571,4.5,10.0,9.5,1.571,0.0,2.042,1.176,1.274,,,,,,,,,,,,,1.55,1.3,1.35
Hull,5,2026-09-19,5,,,,,,,,1.07,0.482,1.48,,,,,,,,,,,,,1.2,0.8,1.6,5,,,,,,,,1.07,0.482,1.48,,,,,,,,,,,,,1.2,0.8,1.6
Everton,5,2026-09-19,6,8.0,3.0,2.0,12.0,15.0,3.0,1.0,1.422,0.724,1.35,,,,,,,,,,,,,1.0,0.667,1.5,20,11.533,4.8,4.467,11.133,10.133,2.2,0.133,1.422,0.724,1.35,,,,,,,,,,,,,1.4,1.35,1.25
Ipswich,6,2026-10-10,6,,,,,,,,1.55,0.816,1.872,,,,,,,,,,,,,1.5,2.0,1.5,6,,,,,,,,1.55,0.816,1.872,,,,,,,,,,,,,1.5,2.0,1.5
Leeds,6,2026-10-10,6,,,,,,,,1.588,0.528,1.338,,,,,,,,,,,,,1.333,0.833,1.5,20,12.786,3.929,4.214,11.143,11.143,1.857,0.071,1.588,0.528,1.338,,,,,,,,,,,,,1.3,0.95,1.5
Newcastle,5,2026-09-19,6,7.0,2.0,6.0,6.0,13.0,2.0,0.0,1.062,0.694,1.834,,,,,,,,,,,,,1.5,1.833,1.333,20,12.867,4.6,5.467,10.733,13.4,2.133,0.067,1.062,0.694,1.834,,,,,,,,,,,,,1.5,1.75,1.2
Man United,6,2026-10-10,6,,,,,,,,2.054,1.266,1.378,,,,,,,,,,,,,1.5,1.5,1.0,20,15.071,5.786,5.429,10.357,10.714,2.214,0.143,2.054,1.266,1.378,,,,,,,,,,,,,1.7,1.15,1.8
Nott'm Forest,5,2026-09-19,6,15.0,5.0,6.0,11.0,7.0,1.0,0.0,1.502,1.152,0.956,,,,,,,,,,,,,0.833,1.0,1.0,20,13.533,4.6,5.0,10.733,10.933,1.667,0.0,1.502,1.152,0.956,,,,,,,,,,,,,1.45,1.1,1.2
Aston Villa,6,2026-10-10,6,,,,,,,,0.912,0.546,1.848,,,,,,,,,,,,,1.0,1.833,0.833,20,12.786,4.429,5.071,9.786,11.5,1.643,0.0,0.912,0.546,1.848,,,,,,,,,,,,,1.35,1.7,1.2
Sunderland,6,2026-10-10,6,,,,,,,,1.966,1.032,1.728,,,,,,,,,,,,,1.0,2.0,0.667,20,11.357,3.357,4.071,11.714,12.857,2.214,0.071,1.966,1.032,1.728,,,,,,,,,,,,,1.05,1.7,1.1
Crystal Palace,5,2026-09-20,6,8.0,3.0,3.0,9.0,12.0,0.0,0.0,1.216,0.676,1.86,,,,,,,,,,,,,1.167,2.167,0.667,20,11.8,3.467,4.6,11.067,10.733,2.067,0.067,1.216,0.676,1.86,,,,,,,,,,,,,1.15,1.7,1.05
Coventry,5,2026-09-19,5,,,,,,,,0.986,0.704,1.724,,,,,,,,,,,,,0.2,2.0,0.6,5,,,,,,,,0.986,0.704,1.724,,,,,,,,,,,,,0.2,2.0,0.6
Tottenham,6,2026-10-10,6,,,,,,,,1.004,0.866,1.57,,,,,,,,,,,,,0.5,1.5,0.5,20,12.286,3.929,5.857,14.071,11.286,2.857,0.071,1.004,0.866,1.57,,,,,,,,,,,,,0.8,1.65,0.75
Bournemouth,6,2026-10-10,6,,,,,,,,1.358,0.832,1.44,,,,,,,,,,,,,1.167,2.167,0.5,20,14.5,4.429,5.571,11.357,10.786,2.143,0.071,1.358,0.832,1.44,,,,,,,,,,,,,1.25,1.2,1.35
Fulham,6,2026-10-10,6,,,,,,,,1.56,1.136,1.826,,,,,,,,,,,,,1.0,1.667,0.333,20,14.143,3.5,5.5,10.786,10.929,1.643,0.071,1.56,1.136,1.826,,,,,,,,,,,,,0.95,1.3,1.0
