season,gw,date,fixture,team,opponent,venue,gf,ga,result,pts,shots,shots_on_target,corners,fouls,free_kicks_won,yellows,reds,xg,xa,xgc,xg_scope,offsides,blocked_shots,possession_pct,passes,pass_pct,crosses,long_balls,tackles,interceptions,clearances,saves,pens_taken
2026-27,1,2026-08-21,5795363,Arsenal,Coventry,H,3,0,W,3,,,,,,,,1.88,0.93,0.21,match,,,,,,,,,,,,
2026-27,1,2026-08-21,5795363,Coventry,Arsenal,A,0,3,L,0,,,,,,,,0.21,0.24,1.88,match,,,,,,,,,,,,
2026-27,1,2026-08-22,5795364,Hull,Man United,H,2,0,W,3,,,,,,,,1.08,0.59,1.82,match,,,,,,,,,,,,
2026-27,1,2026-08-22,5795364,Man United,Hull,A,0,2,L,0,,,,,,,,1.82,1.93,1.08,match,,,,,,,,,,,,
2026-27,1,2026-08-22,5795365,Everton,Crystal Palace,H,2,0,W,3,,,,,,,,0.88,0.56,1.74,match,,,,,,,,,,,,
2026-27,1,2026-08-22,5795365,Crystal Palace,Everton,A,0,2,L,0,,,,,,,,1.74,1.38,0.88,match,,,,,,,,,,,,
2026-27,1,2026-08-22,5795366,Ipswich,Sunderland,H,2,1,W,3,,,,,,,,1.79,1.01,0.67,match,,,,,,,,,,,,
2026-27,1,2026-08-22,5795366,Sunderland,Ipswich,A,1,2,L,0,,,,,,,,0.67,0.83,1.79,match,,,,,,,,,,,,
2026-27,1,2026-08-22,5795367,Nott'm Forest,Leeds,H,0,1,L,0,,,,,,,,0.88,0.76,0.47,match,,,,,,,,,,,,
2026-27,1,2026-08-22,5795367,Leeds,Nott'm Forest,A,1,0,W,3,,,,,,,,0.47,0.35,0.88,match,,,,,,,,,,,,
2026-27,1,2026-08-22,5795368,Brentford,Tottenham,H,3,0,W,3,,,,,,,,3.91,1.91,0.57,match,,,,,,,,,,,,
2026-27,1,2026-08-22,5795368,Tottenham,Brentford,A,0,3,L,0,,,,,,,,0.57,0.43,3.91,match,,,,,,,,,,,,
2026-27,1,2026-08-23,5795369,Brighton,Aston Villa,H,4,0,W,3,,,,,,,,3.77,1.7,0.3,match,,,,,,,,,,,,
2026-27,1,2026-08-23,5795369,Aston Villa,Brighton,A,0,4,L,0,,,,,,,,0.3,0.13,3.77,match,,,,,,,,,,,,
2026-27,1,2026-08-23,5795370,Man City,Bournemouth,H,2,1,W,3,,,,,,,,2.48,2.54,0.65,match,,,,,,,,,,,,
2026-27,1,2026-08-23,5795370,Bournemouth,Man City,A,1,2,L,0,,,,,,,,0.65,0.33,2.48,match,,,,,,,,,,,,
2026-27,1,2026-08-23,5795371,Newcastle,Liverpool,H,2,2,D,1,,,,,,,,1.58,0.74,3.01,match,,,,,,,,,,,,
2026-27,1,2026-08-23,5795371,Liverpool,Newcastle,A,2,2,D,1,,,,,,,,3.01,0.76,1.58,match,,,,,,,,,,,,
2026-27,1,2026-08-24,5795372,Fulham,Chelsea,H,2,3,L,0,,,,,,,,1.38,0.67,2.23,match,,,,,,,,,,,,
2026-27,1,2026-08-24,5795372,Chelsea,Fulham,A,3,2,W,3,,,,,,,,2.23,0.83,1.38,match,,,,,,,,,,,,
2026-27,2,2026-08-28,5795429,Crystal Palace,Man City,H,1,4,L,0,,,,,,,,0.68,0.33,2.24,match,,,,,,,,,,,,
2026-27,2,2026-08-28,5795429,Man City,Crystal Palace,A,4,1,W,3,,,,,,,,2.24,2.68,0.68,match,,,,,,,,,,,,
2026-27,2,2026-08-29,5795425,Bournemouth,Everton,H,1,1,D,1,,,,,,,,2.19,1.47,1.85,match,,,,,,,,,,,,
2026-27,2,2026-08-29,5795425,Everton,Bournemouth,A,1,1,D,1,,,,,,,,1.85,0.27,2.19,match,,,,,,,,,,,,
2026-27,2,2026-08-29,5795428,Coventry,Hull,H,0,1,L,0,,,,,,,,1.3,0.82,0.72,match,,,,,,,,,,,,
2026-27,2,2026-08-29,5795428,Hull,Coventry,A,1,0,W,3,,,,,,,,0.72,0.13,1.3,match,,,,,,,,,,,,
2026-27,2,2026-08-29,5795431,Liverpool,Nott'm Forest,H,2,2,D,1,,,,,,,,1.74,1.77,2.3,match,,,,,,,,,,,,
2026-27,2,2026-08-29,5795431,Nott'm Forest,Liverpool,A,2,2,D,1,,,,,,,,2.3,1.38,1.74,match,,,,,,,,,,,,
2026-27,2,2026-08-29,5795434,Tottenham,Newcastle,H,0,2,L,0,,,,,,,,1.13,0.68,0.72,match,,,,,,,,,,,,
2026-27,2,2026-08-29,5795434,Newcastle,Tottenham,A,2,0,W,3,,,,,,,,0.72,1.1,1.13,match,,,,,,,,,,,,
2026-27,2,2026-08-30,5795427,Chelsea,Brighton,H,4,3,W,3,,,,,,,,3.04,1.62,1.46,match,,,,,,,,,,,,
2026-27,2,2026-08-30,5795427,Brighton,Chelsea,A,3,4,L,0,,,,,,,,1.46,0.75,3.04,match,,,,,,,,,,,,
2026-27,2,2026-08-30,5795430,Leeds,Brentford,H,1,1,D,1,,,,,,,,1.46,0.23,1.67,match,,,,,,,,,,,,
2026-27,2,2026-08-30,5795430,Brentford,Leeds,A,1,1,D,1,,,,,,,,1.67,0.86,1.46,match,,,,,,,,,,,,
2026-27,2,2026-08-30,5795432,Man United,Ipswich,H,5,2,W,3,,,,,,,,5.15,1.51,2.06,match,,,,,,,,,,,,
2026-27,2,2026-08-30,5795432,Ipswich,Man United,A,2,5,L,0,,,,,,,,2.06,0.74,5.15,match,,,,,,,,,,,,
2026-27,2,2026-08-30,5795433,Sunderland,Fulham,H,1,0,W,3,,,,,,,,2.03,0.83,0.94,match,,,,,,,,,,,,
2026-27,2,2026-08-30,5795433,Fulham,Sunderland,A,0,1,L,0,,,,,,,,0.94,0.93,2.03,match,,,,,,,,,,,,
2026-27,2,2026-08-31,5795426,Aston Villa,Arsenal,H,0,1,L,0,,,,,,,,0.34,0.33,1.04,match,,,,,,,,,,,,
2026-27,2,2026-08-31,5795426,Arsenal,Aston Villa,A,1,0,W,3,,,,,,,,1.04,0.89,0.34,match,,,,,,,,,,,,
2026-27,3,2026-09-04,5795441,Ipswich,Liverpool,H,0,2,L,0,,,,,,,,0.76,0.44,0.69,match,,,,,,,,,,,,
2026-27,3,2026-09-04,5795441,Liverpool,Ipswich,A,2,0,W,3,,,,,,,,0.69,0.78,0.76,match,,,,,,,,,,,,
2026-27,3,2026-09-05,5795436,Brentford,Sunderland,H,1,1,D,1,,,,,,,,1.21,0.86,1.71,match,,,,,,,,,,,,
2026-27,3,2026-09-05,5795436,Sunderland,Brentford,A,1,1,D,1,,,,,,,,1.71,0.72,1.21,match,,,,,,,,,,,,
2026-27,3,2026-09-05,5795437,Brighton,Leeds,H,1,1,D,1,,,,,,,,2.2,1.1,2.62,match,,,,,,,,,,,,
2026-27,3,2026-09-05,5795437,Leeds,Brighton,A,1,1,D,1,,,,,,,,2.62,0.93,2.2,match,,,,,,,,,,,,
2026-27,3,2026-09-05,5795439,Fulham,Crystal Palace,H,2,3,L,0,,,,,,,,3.16,2.52,1.98,match,,,,,,,,,,,,
2026-27,3,2026-09-05,5795439,Crystal Palace,Fulham,A,3,2,W,3,,,,,,,,1.98,0.38,3.16,match,,,,,,,,,,,,
2026-27,3,2026-09-05,5795440,Hull,Aston Villa,H,0,0,D,1,,,,,,,,0.57,0.18,1.93,match,,,,,,,,,,,,
2026-27,3,2026-09-05,5795440,Aston Villa,Hull,A,0,0,D,1,,,,,,,,1.93,1.38,0.57,match,,,,,,,,,,,,
2026-27,3,2026-09-05,5795442,Man City,Coventry,H,1,0,W,3,,,,,,,,2.12,1.55,1.37,match,,,,,,,,,,,,
2026-27,3,2026-09-05,5795442,Coventry,Man City,A,0,1,L,0,,,,,,,,1.37,0.77,2.12,match,,,,,,,,,,,,
2026-27,3,2026-09-05,5795443,Newcastle,Bournemouth,H,2,2,D,1,,,,,,,,0.7,0.59,1.37,match,,,,,,,,,,,,
2026-27,3,2026-09-05,5795443,Bournemouth,Newcastle,A,2,2,D,1,,,,,,,,1.37,0.24,0.7,match,,,,,,,,,,,,
2026-27,3,2026-09-05,5795444,Nott'm Forest,Tottenham,H,0,0,D,1,,,,,,,,0.93,0.44,1.07,match,,,,,,,,,,,,
2026-27,3,2026-09-05,5795444,Tottenham,Nott'm Forest,A,0,0,D,1,,,,,,,,1.07,0.66,0.93,match,,,,,,,,,,,,
2026-27,3,2026-09-06,5795435,Arsenal,Chelsea,H,2,1,W,3,,,,,,,,2.06,1.89,0.39,match,,,,,,,,,,,,
2026-27,3,2026-09-06,5795435,Chelsea,Arsenal,A,1,2,L,0,,,,,,,,0.39,0.3,2.06,match,,,,,,,,,,,,
2026-27,3,2026-09-06,5795438,Everton,Man United,H,2,2,D,1,,,,,,,,1.02,0.68,0.69,match,,,,,,,,,,,,
2026-27,3,2026-09-06,5795438,Man United,Everton,A,2,2,D,1,,,,,,,,0.69,0.62,1.02,match,,,,,,,,,,,,
2026-27,4,2026-09-12,5795445,Bournemouth,Brentford,H,2,2,D,1,,,,,,,,,,,,,,,,,,,,,,,
2026-27,4,2026-09-12,5795445,Brentford,Bournemouth,A,2,2,D,1,,,,,,,,,,,,,,,,,,,,,,,
2026-27,4,2026-09-12,5795446,Aston Villa,Nott'm Forest,H,1,2,L,0,,,,,,,,,,,,,,,,,,,,,,,
2026-27,4,2026-09-12,5795446,Nott'm Forest,Aston Villa,A,2,1,W,3,,,,,,,,,,,,,,,,,,,,,,,
2026-27,4,2026-09-12,5795447,Chelsea,Hull,H,2,2,D,1,,,,,,,,,,,,,,,,,,,,,,,
2026-27,4,2026-09-12,5795447,Hull,Chelsea,A,2,2,D,1,,,,,,,,,,,,,,,,,,,,,,,
2026-27,4,2026-09-12,5795449,Crystal Palace,Ipswich,H,2,3,L,0,,,,,,,,,,,,,,,,,,,,,,,
2026-27,4,2026-09-12,5795449,Ipswich,Crystal Palace,A,3,2,W,3,,,,,,,,,,,,,,,,,,,,,,,
2026-27,4,2026-09-12,5795451,Liverpool,Fulham,H,0,0,D,1,,,,,,,,,,,,,,,,,,,,,,,
2026-27,4,2026-09-12,5795451,Fulham,Liverpool,A,0,0,D,1,,,,,,,,,,,,,,,,,,,,,,,
2026-27,4,2026-09-12,5795453,Sunderland,Arsenal,H,0,2,L,0,,,,,,,,,,,,,,,,,,,,,,,
2026-27,4,2026-09-12,5795453,Arsenal,Sunderland,A,2,0,W,3,,,,,,,,,,,,,,,,,,,,,,,
2026-27,4,2026-09-12,5795454,Tottenham,Everton,H,0,0,D,1,,,,,,,,,,,,,,,,,,,,,,,
2026-27,4,2026-09-12,5795454,Everton,Tottenham,A,0,0,D,1,,,,,,,,,,,,,,,,,,,,,,,
2026-27,4,2026-09-13,5795448,Coventry,Brighton,H,0,5,L,0,,,,,,,,,,,,,,,,,,,,,,,
2026-27,4,2026-09-13,5795448,Brighton,Coventry,A,5,0,W,3,,,,,,,,,,,,,,,,,,,,,,,
